person,title,author,isbn13,source,note,catalog_title,work_id,match,group_id
Anon 1,Things My Son Needs to Know About the World,Fredrik Backman,,anon-1.csv,,Things My Son Needs to Know about the World,/works/OL20153588W,title_author,/works/OL20153588W
Anon 1,Anna Karenina,Lev Tolstoy,,anon-1.csv,,,,same_title_as_catalog_match,/works/OL17519279W
Anon 1,My Uncle Oswald,Roald Dahl,,anon-1.csv,,My Uncle Oswald,/works/OL45871W,title_author,/works/OL45871W
Anon 1,Odyssey,,,anon-1.csv,,The Odyssey,/works/OL26446888W,title_only,/works/OL26446888W
Anon 6,Death With Interruptions,José Saramago,,anon-6.csv,,Death with interruptions,/works/OL18200468W,title_author,/works/OL18200468W
Anon 6,Blood Meridian,Cormac McCarthy,,anon-6.csv,,Blood Meridian,/works/OL40879W,title_author,/works/OL40879W
Becky,Cloud Cuckoo Land,"Doerr, Anthony",9781982168438,becky.csv,,Cloud Cuckoo Land,/works/OL24164954W,isbn,/works/OL24164954W
Becky,Station Eleven,"Mandel, Emily St. John",9780385353304,becky.csv,,Station Eleven,/works/OL17202418W,isbn,/works/OL17202418W
Becky,"The Talented Mr. Ripley (Ripley, #1)","Highsmith, Patricia",,becky.csv,,,,unresolved,title:talented mr ripley|author:highsmith
Becky,The Geomagician (The Geomagician Duology #1),"Mandula, Jennifer",9780593983300,becky.csv,,,,unresolved,title:geomagician|author:mandula
Becky,And Then There Were None,"Christie, Agatha",9780312330873,becky.csv,,And Then There Were None,/works/OL471565W,isbn,/works/OL471565W
Becky,"Red Rising (Red Rising Saga, #1)","Brown, Pierce",,becky.csv,,,,unresolved,title:red rising|author:brown
Becky,Flowers for Algernon,"Keyes, Daniel",9780156030083,becky.csv,,Flowers for Algernon,/works/OL515754W,isbn,/works/OL515754W
Becky,Piranesi,"Clarke, Susanna",,becky.csv,,Piranesi,/works/OL20893680W,title_author,/works/OL20893680W
Becky,"The Wee Free Men (Discworld, #30; Tiffany Aching, #1)","Pratchett, Terry",9780060012380,becky.csv,,The Wee Free Men,/works/OL453748W,isbn,/works/OL453748W
Becky,Diaspora,"Egan, Greg",9783453161818,becky.csv,,Diaspora,/works/OL115341W,isbn,/works/OL115341W
Becky,The Other Bennet Sister,"Hadlow, Janice",9781250129413,becky.csv,,The other Bennet sister,/works/OL20659166W,isbn,/works/OL20659166W
Becky,No Longer Human,"Dazai, Osamu",,becky.csv,,,,unresolved,title:no longer human|author:dazai
Becky,"The Thursday Murder Club (Thursday Murder Club, #1)","Osman, Richard",,becky.csv,,,,unresolved,title:thursday murder club|author:osman
Becky,"The Unselected Journals of Emma M. Lion, Vol. 1 (The Unselected Journals of Emma M. Lion #1)","Brower, Beth",9780998063614,becky.csv,,Unselected Journals of Emma M. Lion,/works/OL25785668W,isbn,/works/OL25785668W
Becky,The City & the City,"Miéville, China",9780345497512,becky.csv,,The City & The City,/works/OL19341943W,isbn,/works/OL19341943W
Becky,"The Wager: A Tale of Shipwreck, Mutiny and Murder","Grann, David",9780385534260,becky.csv,,Wager,/works/OL28738217W,isbn,/works/OL28738217W
Becky,Everything Is Tuberculosis: The History and Persistence of Our Deadliest Infection,"Green, John",9780525556572,becky.csv,,Everything Is Tuberculosis,/works/OL42401064W,isbn,/works/OL42401064W
Becky,The Book of Lost Hours,"Gelfuso, Hayley",9781668076347,becky.csv,,Book of Lost Hours,/works/OL42556990W,isbn,/works/OL42556990W
Becky,I'm Glad My Mom Died,"McCurdy, Jennette",9781982185824,becky.csv,,I'm Glad My Mom Died,/works/OL26663382W,isbn,/works/OL26663382W
Becky,The Sirens of Titan,"Vonnegut Jr., Kurt",,becky.csv,,The Sirens of Titan,/works/OL98485W,title_author,/works/OL98485W
Becky,Solito,"Zamora, Javier",9780593498064,becky.csv,,Solito,/works/OL27023506W,isbn,/works/OL27023506W
Becky,The Sixth Extinction: An Unnatural History,"Kolbert, Elizabeth",9780805092998,becky.csv,,The Sixth Extinction,/works/OL16820830W,isbn,/works/OL16820830W
Becky,"Do Androids Dream of Electric Sheep? 1 (Do Androids Dream of Electric Sheep?, #1)","Dick, Philip K.",9781608865000,becky.csv,,Do Androids Dream of Electric Sheep? Vol. 1,/works/OL15729471W,isbn,/works/OL15729471W
Becky,The Wisdom of Crowds,"Surowiecki, James",9780385721707,becky.csv,,"The Wisdom of Crowds:Why the Many Are Smarter Than the Few and How Collective Wisdom Shapes Business, Economies, Societies and Nations",/works/OL8036447W,isbn,/works/OL8036447W
Becky,Ultra-Processed People: The Science Behind Food That Isn't Food,"Tulleken, Chris van",9781324036722,becky.csv,,Ultra-Processed People,/works/OL27816125W,isbn,/works/OL27816125W
Becky,"Annihilation (Southern Reach, #1)","VanderMeer, Jeff",9780374104092,becky.csv,,Annihilation,/works/OL17268007W,isbn,/works/OL17268007W
Becky,Why We Sleep: Unlocking the Power of Sleep and Dreams,"Walker, Matthew",,becky.csv,,,,unresolved,title:why we sleep unlocking the power of sleep and dreams|author:walker
Becky,White Noise,"DeLillo, Don",9780143129554,becky.csv,,White Noise,/works/OL1921196W,isbn,/works/OL1921196W
Becky,The Kite Runner,"Hosseini, Khaled",,becky.csv,,The Kite Runner,/works/OL5781992W,title_author,/works/OL5781992W
Becky,When Breath Becomes Air,"Kalanithi, Paul",9780812988413,becky.csv,,When Breath Becomes Air,/works/OL17356252W,isbn,/works/OL17356252W
Becky,Rejection,"Tulathimutte, Tony",9780063337879,becky.csv,,Rejection,/works/OL37625451W,isbn,/works/OL37625451W
Becky,Culpability,"Holsinger, Bruce",9781954118966,becky.csv,,Culpability,/works/OL42567045W,isbn,/works/OL42567045W
Becky,Haben: The Deafblind Woman Who Conquered Harvard Law,"Girma, Haben",9781478992813,becky.csv,,,,unresolved,title:haben the deafblind woman who conquered harvard law|author:girma
Becky,Slaughterhouse-Five,"Vonnegut Jr., Kurt",,becky.csv,,Slaughterhouse-Five,/works/OL98459W,title_author,/works/OL98459W
Becky,The God of the Woods,"Moore, Liz",,becky.csv,,The God of the Woods,/works/OL37827517W,title_author,/works/OL37827517W
Becky,Never Let Me Go,"Ishiguro, Kazuo",9781400078776,becky.csv,,Never Let Me Go,/works/OL59038W,isbn,/works/OL59038W
Becky,The Remains of the Day,"Ishiguro, Kazuo",,becky.csv,,The Remains of the Day,/works/OL59048W,title_author,/works/OL59048W
Becky,Malibu Rising,"Reid, Taylor Jenkins",9781524798659,becky.csv,,Malibu Rising,/works/OL22135561W,isbn,/works/OL22135561W
Becky,The Museum of Ordinary People,"Gayle, Mike",9781538740842,becky.csv,,Museum of Ordinary People,/works/OL25285805W,isbn,/works/OL25285805W
Becky,Typewriter Beach,"Clayton, Meg Waite",9780063422148,becky.csv,,Typewriter Beach,/works/OL42428485W,isbn,/works/OL42428485W
Becky,Sisters in Science,"Campbell, Olivia",9780778333388,becky.csv,,Sisters in Science,/works/OL37762518W,isbn,/works/OL37762518W
Becky,The Giver of Stars,"Moyes, Jojo",9780399562488,becky.csv,,The Giver of Stars,/works/OL20198127W,isbn,/works/OL20198127W
Becky,The Story of the Trapp Family Singers: The Classic Memoir of a Musical Family,"Trapp, Maria Augusta von",9780060005771,becky.csv,,The story of the Trapp Family Singers,/works/OL1340448W,isbn,/works/OL1340448W
Becky,L'Événement,"Ernaux, Annie",9787780023146,becky.csv,,,,unresolved,title:l evenement|author:ernaux
Becky,Outlive: The Science & Art of Longevity,"Attia, Peter",9780593236598,becky.csv,,Outlive,/works/OL28148070W,isbn,/works/OL28148070W
Damla,All About Love: New Visions,"hooks, bell",9780688168445,damla.csv,,All About Love,/works/OL31111W,isbn,/works/OL31111W
Damla,I'm Glad My Mom Died,"McCurdy, Jennette",9781982185824,damla.csv,,I'm Glad My Mom Died,/works/OL26663382W,isbn,/works/OL26663382W
Damla,The Dispossessed: An Ambiguous Utopia,"Le Guin, Ursula K.",,damla.csv,,,,unresolved,title:dispossessed an ambiguous utopia|author:guin
Damla,The Strange Case of Dr. Jekyll and Mr. Hyde and Other Tales of Terror,"Stevenson, Robert Louis",9780141439730,damla.csv,,The Strange Case of Dr. Jekyll and Mr. Hyde,/works/OL24156W,isbn,/works/OL24156W
Damla,I've Been Walking,"Sternburg, Janet",9783954763849,damla.csv,,Janet Sternburg - I've Been Walking,/works/OL26589570W,isbn,/works/OL26589570W
Damla,Hold Still: A Memoir with Photographs,"Mann, Sally",9780316247764,damla.csv,,Hold still,/works/OL20000682W,isbn,/works/OL20000682W
Damla,I Give My Eyes...,"Peterson, Brian H.",9780999037515,damla.csv,,I Give My Eyes...,/works/OL36881246W,isbn,/works/OL36881246W
Damla,Interaction of Color,"Albers, Josef",9780300115956,damla.csv,,Interaction of Colour,/works/OL2286161W,isbn,/works/OL2286161W
Damla,History of Beauty,"Eco, Umberto",9780847826469,damla.csv,,History Of Beauty,/works/OL14853035W,isbn,/works/OL14853035W
Damla,Camera Lucida: Reflections on Photography,"Barthes, Roland",9780374521349,damla.csv,,Camera Lucida,/works/OL1375083W,isbn,/works/OL1375083W
Damla,The Art of Scientific Storytelling: Transform Your Research Manuscript using a Step-by-Step Formula,"Luna, Rafael E.",9780615821993,damla.csv,,,,unresolved,title:art of scientific storytelling transform your research manuscript using a step by step formula|author:luna
Damla,"Houston, We Have a Narrative: Why Science Needs Story","Olson, Randy",9780226270708,damla.csv,,"Houston, we have a narrative",/works/OL20029301W,isbn,/works/OL20029301W
Damla,"If I Understood You, Would I Have This Look on My Face?: My Adventures in the Art and Science of Relating and Communicating","Alda, Alan",9780812989168,damla.csv,,,,unresolved,title:if i understood you would i have this look on my face my adventures in the art and science of relating and communicating|author:alda
Damla,The God of the Woods,"Moore, Liz",,damla.csv,,The God of the Woods,/works/OL37827517W,title_author,/works/OL37827517W
Damla,"We Solve Murders (We Solve Murders, #1)","Osman, Richard",,damla.csv,,,,unresolved,title:we solve murders|author:osman
Damla,Against Interpretation and Other Essays,"Sontag, Susan",9780312280864,damla.csv,,Against Interpretation,/works/OL496473W,isbn,/works/OL496473W
Damla,Regarding the Pain of Others,"Sontag, Susan",9780141012377,damla.csv,,Regarding the Pain of Others,/works/OL496469W,isbn,/works/OL496469W
Damla,"Mickey7 (Mickey7, #1)","Ashton, Edward",9781250275035,damla.csv,,Mickey7,/works/OL24546118W,isbn,/works/OL24546118W
Damla,Jane Eyre,"Brontë, Charlotte",9780142437209,damla.csv,,Jane Eyre,/works/OL1095427W,isbn,/works/OL1095427W
Damla,The Wedding People,"Espach, Alison",,damla.csv,,The Wedding People,/works/OL37618227W,title_author,/works/OL37618227W
Damla,"A Discovery of Witches (All Souls, #1)","Harkness, Deborah",9780670022410,damla.csv,,A Discovery of Witches,/works/OL15456729W,isbn,/works/OL15456729W
Damla,Erotic Stories for Punjabi Widows,"Jaswal, Balli Kaur",9780062645128,damla.csv,,Erotic stories for Punjabi widows,/works/OL20058488W,isbn,/works/OL20058488W
Damla,1984,"Orwell, George",9780452284234,damla.csv,,Nineteen Eighty-Four,/works/OL1168083W,isbn,/works/OL1168083W
Damla,"Ready Player One (Ready Player One, #1)","Cline, Ernest",9780307887436,damla.csv,,Ready Player One,/works/OL15936512W,isbn,/works/OL15936512W
Damla,The Martian,"Weir, Andy",9780804139021,damla.csv,,The Martian,/works/OL17091839W,isbn,/works/OL17091839W
Damla,Demon Copperhead,"Kingsolver, Barbara",,damla.csv,,Demon Copperhead,/works/OL27052926W,title_author,/works/OL27052926W
Damla,"Power, Sex, Suicide: Mitochondria and the Meaning of Life","Lane, Nick",9780199205646,damla.csv,,"Power, Sex, Suicide",/works/OL7998481W,isbn,/works/OL7998481W
Damla,"The Vital Question: Energy, Evolution, and the Origins of Complex Life","Lane, Nick",9780393352979,damla.csv,,The vital question,/works/OL19663289W,isbn,/works/OL19663289W
Damla,Life Ascending: The Ten Great Inventions of Evolution,"Lane, Nick",9780393065961,damla.csv,,Life Ascending,/works/OL7998479W,isbn,/works/OL7998479W
Damla,Eugene Onegin,"Pushkin, Alexander",,damla.csv,,Eugene Onegin,/works/OL37820962W,title_author,/works/OL37820962W
Damla,Never Let Me Go,"Ishiguro, Kazuo",9781400078776,damla.csv,,Never Let Me Go,/works/OL59038W,isbn,/works/OL59038W
Damla,The Iron Man,"Hughes, Ted",9780571226122,damla.csv,,Iron Man,/works/OL21000002W,isbn,/works/OL21000002W
Damla,The Road,"McCarthy, Cormac",9780307265432,damla.csv,,The Road,/works/OL40873W,isbn,/works/OL40873W
Damla,"The Black Dahlia (L.A. Quartet, #1)","Ellroy, James",9780446698870,damla.csv,,The Black Dahlia,/works/OL553754W,isbn,/works/OL553754W
Damla,On the Road,"Kerouac, Jack",9780140042597,damla.csv,,On The Road,/works/OL65906W,isbn,/works/OL65906W
Damla,Big Sur,"Kerouac, Jack",9780140168129,damla.csv,,Big Sur,/works/OL65938W,isbn,/works/OL65938W
Damla,Wild at Heart,"Gifford, Barry",9780802134530,damla.csv,,"Wild at Heart (Gifford, Barry)",/works/OL2729512W,isbn,/works/OL2729512W
Damla,Her Yerden Çok Uzakta,"Le Guin, Ursula K.",,damla.csv,,,,unresolved,title:her yerden cok uzakta|author:guin
Damla,Giovanni’s Room,"Baldwin, James",,damla.csv,,Giovanni's Room,/works/OL228702W,title_author,/works/OL228702W
Damla,Pavil'in Sureti,"Perrodeau, Jérémy",9786259940434,damla.csv,,,,unresolved,title:pavil in sureti|author:perrodeau
Damla,From Ritual to Theatre: The Human Seriousness of Play,"Turner, Victor",9780933826175,damla.csv,,From ritual to theatre,/works/OL1387322W,isbn,/works/OL1387322W
Damla,The Left Hand of Darkness,"Le Guin, Ursula K.",,damla.csv,,The Left Hand of Darkness,/works/OL59800W,title_author,/works/OL59800W
Damla,The Uncanny,"Freud, Sigmund",9780142437476,damla.csv,,The uncanny,/works/OL1069503W,isbn,/works/OL1069503W
Damla,Probability Theory: The Logic of Science,"Jaynes, E.T.",9780521592710,damla.csv,,Probability Theory,/works/OL5911565W,isbn,/works/OL5911565W
Damla,Rape: The Price of Coercive Sexuality,"Clark, Lorenne",9780889610323,damla.csv,,Rape,/works/OL6409898W,isbn,/works/OL6409898W
Damla,The Extended Phenotype: The Long Reach of the Gene,"Dawkins, Richard",9780192880512,damla.csv,,The Extended Phenotype,/works/OL1966484W,isbn,/works/OL1966484W
Damla,The Selfish Gene,"Dawkins, Richard",9780199291151,damla.csv,,The Selfish Gene,/works/OL1966488W,isbn,/works/OL1966488W
Damla,The Republic,Plato,9780140449143,damla.csv,,πολιτεία,/works/OL51831W,isbn,/works/OL51831W
Damla,We Should All Be Feminists,"Adichie, Chimamanda Ngozi",,damla.csv,,We Should All Be Feminists,/works/OL17319838W,title_author,/works/OL17319838W
Damla,A Room of One’s Own,"Woolf, Virginia",,damla.csv,,A Room of One's Own,/works/OL39379W,title_author,/works/OL39379W
Damla,"Freedom is a Constant Struggle: Ferguson, Palestine and the Foundations of a Movement","Davis, Angela Y.",9781608465644,damla.csv,,Freedom Is a Constant Struggle,/works/OL17794034W,isbn,/works/OL17794034W
Damla,"Women, Race & Class","Davis, Angela Y.",9780394713519,damla.csv,,"Mujeres, Raza Y Clase (Cuestiones De Antagonismo)",/works/OL2709375W,isbn,/works/OL2709375W
Damla,Communists in Closets: Queering the History 1930s–1990s,"Aptheker, Bettina",9781000650686,damla.csv,,Communists in Closets,/works/OL28344726W,isbn,/works/OL28344726W
Damla,"Intimate Politics: How I Grew Up Red, Fought for Free Speech, and Became a Feminist Rebel","Aptheker, Bettina",9781580051606,damla.csv,,Intimate Politics,/works/OL2004958W,isbn,/works/OL2004958W
Damla,Vagina: A New Biography,"Wolf, Naomi",9780061989162,damla.csv,,Vagina : una nueva biografía de la sexualidad femenina. - 1. edición,/works/OL17725487W,isbn,/works/OL17725487W
Damla,The Beauty Myth: How Images of Beauty Are Used Against Women,"Wolf, Naomi",9780060512187,damla.csv,,The beauty myth : how images of beauty are used against women,/works/OL3348658W,isbn,/works/OL3348658W
Damla,Lojman,"Ojen, Ebru",,damla.csv,,Lojman,/works/OL24332817W,title_author,/works/OL24332817W
Damla,Movements of Thought in the Nineteenth Century,"Mead, George Herbert",9780226536385,damla.csv,,Movements of Thought in the Nineteenth Century,/works/OL28494357W,isbn,/works/OL28494357W
Damla,Invisible Man,"Ellison, Ralph",,damla.csv,,Invisible Man,/works/OL495470W,title_author,/works/OL495470W
Damla,Öncesizliğin ve Sonrasızlığın Işığında An Resimleri: Felsefi Minyatürler,"Simmel, Georg",,damla.csv,,,,unresolved,title:oncesizligin ve sonras zl g n is g nda an resimleri felsefi minyaturler|author:simmel
Damla,Felsefe Sahnesi. Seçme Yazılar 5,"Foucault, Michel",9789755395272,damla.csv,,Felsefe Sahnesi-Secme Yazilar 5,/works/OL26279216W,isbn,/works/OL26279216W
Damla,Modern Kültürde Çatışma,"Simmel, Georg",9789750501920,damla.csv,,Modern Kulturde Catisma,/works/OL26374052W,isbn,/works/OL26374052W
Damla,Sıradan Zaferler (Le combat ordinaire #1-4),"Larcenet, Manu",9786059670241,damla.csv,,Sıradan Zaferler,/works/OL24323761W,isbn,/works/OL24323761W
Damla,Art and Society,"Read, Herbert",9780805230086,damla.csv,,Art and Society,/works/OL33936159W,isbn,/works/OL33936159W
Damla,Bu Ülke,"Meriç, Cemil",9789754702811,damla.csv,,Bu ülke,/works/OL1614789W,isbn,/works/OL1614789W
Damla,The Complete Poems 1927-1979,"Bishop, Elizabeth",9780374518172,damla.csv,,Poems,/works/OL2232777W,isbn,/works/OL2232777W
Damla,Yaşamın Ucuna Yolculuk,"Özlü, Tezer",9789753631549,damla.csv,,Yasamin Ucuna Yolculuk,/works/OL13159797M,isbn,/works/OL13159797M
Damla,Arcana: Musicians on Music,"Zorn, John",9781887123273,damla.csv,,Arcana,/works/OL8905248W,isbn,/works/OL8905248W
Damla,The jazz book,"Berendt, Joachim-Ernst",9780586082607,damla.csv,,The jazz book,/works/OL19359177W,isbn,/works/OL19359177W
Damla,Guermantes Tarafı,"Proust, Marcel",,damla.csv,,,,unresolved,title:guermantes taraf|author:proust
Damla,Siddhartha,"Hesse, Hermann",,damla.csv,,Siddhartha,/works/OL872932W,title_author,/works/OL872932W
Damla,Küçük Ağa,"Buğra, Tarık",9789750501982,damla.csv,,Kucuk aga,/works/OL9142194W,isbn,/works/OL9142194W
Damla,Küçük Şeyler,"Sezai, Samipaşazade",,damla.csv,,Küçük Şeyler,/works/OL26214275W,title_author,/works/OL26214275W
Damla,Sergüzeşt,"Sezai, Samipaşazade",9789753381918,damla.csv,,Sergüzeşt,/works/OL26365187W,isbn,/works/OL26365187W
Damla,Çalıkuşu,"Güntekin, Reşat Nuri",9789751000125,damla.csv,,Çalıkuşu,/works/OL7648517W,isbn,/works/OL7648517W
Damla,Yaprak Dökümü,"Güntekin, Reşat Nuri",9789751001351,damla.csv,,Yaprak dökümü,/works/OL12387115W,isbn,/works/OL12387115W
Damla,Gurbet Hikâyeleri / Yeraltında Dünya Var,"Karay, Refik Halid",,damla.csv,,,,unresolved,title:gurbet hikayeleri yeralt nda dunya var|author:karay
Damla,Memleket Hikâyeleri,"Karay, Refik Halid",9789751029393,damla.csv,,Memleket Hikayeleri,/works/OL26272492W,isbn,/works/OL26272492W
Damla,Şıpsevdi,"Gürpınar, Hüseyin Rahmi",,damla.csv,,Sipsevdi,/works/OL24330207W,title_author,/works/OL24330207W
Damla,Gulyabani,"Gürpınar, Hüseyin Rahmi",9786053754572,damla.csv,,Gulyabani,/works/OL26170993W,isbn,/works/OL26170993W
Damla,Yılanların Öcü,"Baykurt, Fakir",9789750403958,damla.csv,,Yilanlarin Ocu,/works/OL26270194W,isbn,/works/OL26270194W
Damla,Ben Sana Mecburum,"İlhan, Attilâ",9789754943184,damla.csv,,Ben Sana Mecburum - Butun Siiirleri 4,/works/OL24326536W,isbn,/works/OL24326536W
Damla,Mor,"Aral, İnci",9789753314121,damla.csv,,Mor,/works/OL39302088W,isbn,/works/OL39302088W
Damla,Şarkını Söylediğin Zaman,"Aral, İnci",9789944756716,damla.csv,,Şarkını söylediğin zaman,/works/OL23240299W,isbn,/works/OL23240299W
Damla,İsyan Günlerinde Aşk,"Altan, Ahmet",9789750700903,damla.csv,,İsyan günlerinde aşk,/works/OL1787181W,isbn,/works/OL1787181W
Damla,Handan,"Adıvar, Halide Edib",9789750723537,damla.csv,,Handan,/works/OL26409807W,isbn,/works/OL26409807W
Damla,Vurun Kahpeye,"Adıvar, Halide Edib",9789750721670,damla.csv,,Vurun Kahpeye,/works/OL26343646W,isbn,/works/OL26343646W
Damla,Ateşten Gömlek,"Adıvar, Halide Edib",9789750723322,damla.csv,,Ateşten Gömlek,/works/OL26271187W,isbn,/works/OL26271187W
Damla,Ölmeye Yatmak,"Ağaoğlu, Adalet",9789754588620,damla.csv,,ï¿½lmeye Yatmak,/works/OL24384149W,isbn,/works/OL24384149W
Damla,Fikrimin İnce Gülü,"Ağaoğlu, Adalet",9789754588651,damla.csv,,,,unresolved,title:fikrimin ince gulu|author:agaoglu
Damla,Murtaza,"Kemal, Orhan",9789752893795,damla.csv,,Murtaza,/works/OL24328383W,isbn,/works/OL24328383W
Damla,The Japanese Art of War: Understanding the Culture of Strategy,"Cleary, Thomas",9781590302453,damla.csv,,The Japanese art of war,/works/OL2736650W,isbn,/works/OL2736650W
Damla,"Zeliş (Tütün Zamanı, #1)","Cumalı, Necati",9789757720614,damla.csv,,Zeliş,/works/OL26281221W,isbn,/works/OL26281221W
Damla,Art And Revolution,"Wagner, Richard",9781419107702,damla.csv,,L' art et la révolution,/works/OL579162W,isbn,/works/OL579162W
Damla,Tannhauser: A Dramatic Poem (1906),"Wagner, Richard",9780548843277,damla.csv,,,,unresolved,title:tannhauser a dramatic poem 1906|author:wagner
Damla,The Art-Work of the Future and Other Works,"Wagner, Richard",9780803297524,damla.csv,,"The art-work of the future, and other works",/works/OL579109W,isbn,/works/OL579109W
Damla,Richard Wagner Bayreuth'da,"Nietzsche, Friedrich",9789754684346,damla.csv,,Richard Wagner Bayreuth'da,/works/OL26368814W,isbn,/works/OL26368814W
Damla,Tembellik Hakkı,"Lafargue, Paul",9786053140603,damla.csv,,Le droit à la paresse,/works/OL528199W,isbn,/works/OL528199W
Damla,Kamusal İnsanın Çöküşü,"Sennett, Richard",,damla.csv,,,,unresolved,title:kamusal insan n cokusu|author:sennett
Damla,Sanatta Ruhsallık Üzerine,"Kandinsky, Wassily",,damla.csv,,Sanatta Ruhsallik Üzerine,/works/OL26253523W,title_author,/works/OL26253523W
Damla,The Art of Noise,"Russolo, Luigi",,damla.csv,,The art of noises,/works/OL5110260W,title_author,/works/OL5110260W
Damla,Hikâyeler,"Tanpınar, Ahmet Hamdi",9789759952389,damla.csv,,Hikayeler,/works/OL26372756W,isbn,/works/OL26372756W
Damla,Theory of the Avant-Garde,"Bürger, Peter",9780816610686,damla.csv,,Theory of the avant-garde,/works/OL2185912W,isbn,/works/OL2185912W
Damla,Beat Kuşağı Antolojisi,"Erdoğan, Şenol",9789755705170,damla.csv,,Beat Kusagi Antolojisi,/works/OL26279543W,isbn,/works/OL26279543W
Damla,Üstü Kalsın,"Süreya, Cemal",9789750814440,damla.csv,,Üstü Kalsın,/works/OL17116000W,isbn,/works/OL17116000W
Damla,Üvercinka,"Süreya, Cemal",,damla.csv,,Üvercinka,/works/OL26346110W,title_author,/works/OL26346110W
Damla,Mahur Beste,"Tanpınar, Ahmet Hamdi",9789759955755,damla.csv,,Mahur Beste,/works/OL26405665W,isbn,/works/OL26405665W
Damla,Beş Şehir,"Tanpınar, Ahmet Hamdi",9789759952440,damla.csv,,,,unresolved,title:bes sehir|author:nar
Damla,Göl İnsanları,"Tahir, Kemal",9789752733039,damla.csv,,Göl insanları,/works/OL15324663W,isbn,/works/OL15324663W
Damla,Kurt Kanunu,"Tahir, Kemal",9786053759799,damla.csv,,Kurt Kanunu,/works/OL26371478W,isbn,/works/OL26371478W
Damla,Bütün Öyküleri,"Atılgan, Yusuf",9789753637909,damla.csv,,Butun Oykuleri - Yusuf Atilgan,/works/OL26276894W,isbn,/works/OL26276894W
Damla,Canistan,"Atılgan, Yusuf",9789753639317,damla.csv,,,,unresolved,title:canistan|author:lgan
Damla,Lüzumsuz Adam,"Abasıyanık, Sait Faik",9789750805127,damla.csv,,,,unresolved,title:luzumsuz adam|author:k
Damla,Çile,"Kısakürek, Necip Fazıl",9789758180127,damla.csv,,Çile,/works/OL24666926W,isbn,/works/OL24666926W
Damla,Alemdağ'da Var Bir Yılan,"Abasıyanık, Sait Faik",9789750805042,damla.csv,,,,unresolved,title:alemdag da var bir y lan|author:k
Damla,Puslu Kıtalar Atlası,"Anar, İhsan Oktay",9789754704723,damla.csv,,Puslu Kıtalar Atlası,/works/OL16810542W,isbn,/works/OL16810542W
Damla,Huzur,"Tanpınar, Ahmet Hamdi",9789759952471,damla.csv,,,,unresolved,title:huzur|author:nar
Damla,Gülün Adı,"Eco, Umberto",,damla.csv,,Gülün Adi,/works/OL14852903W,title_author,/works/OL14852903W
Damla,The Time Regulation Institute,"Tanpınar, Ahmet Hamdi",9781892381033,damla.csv,,The Time Regulation Institute,/works/OL8719221M,isbn,/works/OL8719221M
Damla,Modernleşen Türkiye'nin Tarihi,"Zürcher, Erik-Jan",9789750525360,damla.csv,,Modernlesen Türkiyenin Tarihi Gözden Gecirilmis ve Genisletilmis Baski,/works/OL26270759W,isbn,/works/OL26270759W
Damla,"Yaşanmayan Zaman (Özgürlüğün Yolları, # 2)","Sartre, Jean-Paul",9789755106977,damla.csv,,Yasanmayan Zaman - Ízg³rl³k Yollari 2,/works/OL26278804W,isbn,/works/OL26278804W
Damla,100 Selected Poems,"Cummings, E.E.",9780802130723,damla.csv,,100 selected poems,/works/OL1847463W,isbn,/works/OL1847463W
Damla,Autobiography of Red: A Novel in Verse,"Carson, Anne",9780375701290,damla.csv,,Autobiography of Red,/works/OL8026525W,isbn,/works/OL8026525W
Damla,Les Diaboliques,"Barbey d'Aurevilly, Jules",9782253036548,damla.csv,,Les diaboliques,/works/OL3051796W,isbn,/works/OL3051796W
Damla,Film Form: Essays In Film Theory,"Eisenstein, Sergei",9780156309202,damla.csv,,Film form,/works/OL804721W,isbn,/works/OL804721W
Damla,The Myth of the Framework: In Defence of Science and Rationality,"Popper, Karl",9780415135559,damla.csv,,The Myth of the Framework,/works/OL8091033W,isbn,/works/OL8091033W
Damla,Posta Kutusundaki Mızıka,"Ural, A. Ali",9799756841357,damla.csv,,,,unresolved,title:posta kutusundaki m z ka|author:ural
Damla,"Cahiers du Cinéma, the 1950s: Neo-Realism, Hollywood, New Wave","Hillier, Jim",9780674090613,damla.csv,,Cahiers du Cinéma; The 1950s,/works/OL3942746W,isbn,/works/OL3942746W
Damla,Genesis of a Music,"Partch, Harry",9780306801068,damla.csv,,Genesis of a music,/works/OL4785852W,isbn,/works/OL4785852W
Damla,Narziss ve Goldmund,"Hesse, Hermann",9789750803482,damla.csv,,Narziss Ve Goldmund,/works/OL26346681W,isbn,/works/OL26346681W
Damla,Semaver,"Abasıyanık, Sait Faik",9789750805103,damla.csv,,,,unresolved,title:semaver|author:k
Damla,Being and Time,"Heidegger, Martin",9780060638504,damla.csv,,Sein und Zeit,/works/OL77609W,isbn,/works/OL77609W
Damla,The Colossus and Other Poems,"Plath, Sylvia",9780375704468,damla.csv,,The Colossus and Other Poems,/works/OL1865547W,isbn,/works/OL1865547W
Damla,Metamorphoses,Ovid,9780140447897,damla.csv,,Metamorphoses,/works/OL15292640W,isbn,/works/OL15292640W
Damla,The Complete Poems of Emily Dickinson,"Dickinson, Emily",,damla.csv,,The complete poems of Emily Dickinson,/works/OL16033097W,title_author,/works/OL16033097W
Damla,The Odyssey,Homer,9780143039952,damla.csv,,Ὀδύσσεια,/works/OL61982W,isbn,/works/OL61982W
Damla,La Vie de Marianne,"Marivaux, Pierre de",9782070402212,damla.csv,,La Vie De Marianne,/works/OL8381828W,isbn,/works/OL8381828W
Damla,Pantagruel,"Rabelais, François",9782070363872,damla.csv,,Gargantua et Pantagruel,/works/OL11458282W,isbn,/works/OL11458282W
Damla,Aphrodite: Moeurs antiques,"Louÿs, Pierre",9782070385324,damla.csv,,Aphrodite (ancient manners),/works/OL1237227W,isbn,/works/OL1237227W
Damla,Dialogues Concerning Natural Religion,"Hume, David",9780872204027,damla.csv,,"Dialogues concerning natural religion, the posthumous essays, Of the immortality of the soul, and Of suicide, from An enquiry concerning human understanding of miracles",/works/OL14982137W,isbn,/works/OL14982137W
Damla,Movements in Art since 1945: Issues and Concepts,"Lucie-Smith, Edward",9780500202821,damla.csv,,Movements in art since 1945,/works/OL500919W,isbn,/works/OL500919W
Damla,Principles of Human Knowledge / Three Dialogues Between Hylas and Philonous,"Berkeley, George",9780140432930,damla.csv,,A Treatise Concerning the Principles of Human Knowledge,/works/OL1066805W,isbn,/works/OL1066805W
Damla,"Y: The Last Man, Vol. 1: Unmanned","Vaughan, Brian K.",9781563899805,damla.csv,,"Y The Last Man - Deluxe Edition, Book 1",/works/OL5753154W,isbn,/works/OL5753154W
Damla,Tol,"Uyurkulak, Murat",9789753423724,damla.csv,,Tol,/works/OL24320316W,isbn,/works/OL24320316W
Damla,"Collected Poems, 1909-1962","Eliot, T.S.",9780151189786,damla.csv,,"Collected Poems, 1909-1962",/works/OL15136245W,isbn,/works/OL15136245W
Damla,Gidiyorum Bu: Reloaded,"Ünlü, Ah Muhsin",9789755702513,damla.csv,,Gidiyorum Bu,/works/OL26376583W,isbn,/works/OL26376583W
Damla,Envy,"Olesha, Yury",9781590170861,damla.csv,,Zavistʹ,/works/OL783889W,isbn,/works/OL783889W
Damla,The Village of Stepanchikovo,"Dostoevsky, Fyodor",9780140446586,damla.csv,,Село Степанчиково и его обитатели,/works/OL11465755W,isbn,/works/OL11465755W
Damla,Noise/Music: A History,"Hegarty, Paul",9780826417275,damla.csv,,Noise/Music,/works/OL6221045W,isbn,/works/OL6221045W
Damla,Forever Flowing,"Grossman, Vasily",9780810115033,damla.csv,,Всё течёт…,/works/OL157100W,isbn,/works/OL157100W
Damla,Experimental Music: Cage and Beyond,"Nyman, Michael",9780521653831,damla.csv,,Experimental music,/works/OL1932690W,isbn,/works/OL1932690W
Damla,Poetics of Music in the Form of Six Lessons,"Stravinsky, Igor",9780674678569,damla.csv,,Poétique musicale sous forme de six leçons,/works/OL1180581W,isbn,/works/OL1180581W
Damla,Improvisation: Its Nature And Practice In Music,"Bailey, Derek",9780306805288,damla.csv,,Improvisation,/works/OL3931694W,isbn,/works/OL3931694W
Damla,Introduction To Poetics (Volume 1) (Volume 1) (Theory and History of Literature),"Todorov, Tzvetan",9780816610112,damla.csv,,Poétique,/works/OL466709W,isbn,/works/OL466709W
Damla,Style and Idea: Selected Writings of Arnold Schoenberg,"Schoenberg, Arnold",9780520052949,damla.csv,,Style and idea,/works/OL1394578W,isbn,/works/OL1394578W
Damla,Give My Regards to Eighth Street: Collected Writings,"Feldman, Morton",9781878972316,damla.csv,,Give My Regards to Eighth Street,/works/OL15014076W,isbn,/works/OL15014076W
Damla,Felâtun Bey ve Râkım Efendi,"Efendi, Ahmed Midhat",9789756446065,damla.csv,,Felatun Bey'le Rakim Efendi,/works/OL26401677W,isbn,/works/OL26401677W
Damla,Sinekli Bakkal,"Adıvar, Halide Edib",9789750721663,damla.csv,,Sinekli Bakkal,/works/OL26271166W,isbn,/works/OL26271166W
Damla,"The Companions of Jehu (Sainte-Hermine, #2)","Dumas, Alexandre",,damla.csv,,,,unresolved,title:companions of jehu|author:dumas
Damla,Circe and the Cyclops,Homer,9780141398617,damla.csv,,Circe and the Cyclops,/works/OL21095119W,isbn,/works/OL21095119W
Damla,La Maison du Chat-qui-Pelote,"Balzac, Honoré de",9782253146223,damla.csv,,La Maison Du Chat Qui Pelote,/works/OL24209691W,isbn,/works/OL24209691W
Damla,Manfred,"Byron, Lord",9781103516810,damla.csv,,Manfred,/works/OL24262555W,isbn,/works/OL24262555W
Damla,The Power of Art,"Schama, Simon",9780061176104,damla.csv,,The Power of Art,/works/OL14865995W,isbn,/works/OL14865995W
Damla,"Women, Art, and Society","Chadwick, Whitney",9780500203934,damla.csv,,"Women, art, and society",/works/OL3036807W,isbn,/works/OL3036807W
Damla,Painting and Experience in Fifteenth-Century Italy: A Primer in the Social History of Pictorial Style,"Baxandall, Michael",9780192821447,damla.csv,,Painting and experience in fifteenth century Italy,/works/OL3515581W,isbn,/works/OL3515581W
Damla,The Story of Modern Art,"Lynton, Norbert",9780714824222,damla.csv,,The story of modern art,/works/OL863326W,isbn,/works/OL863326W
Damla,A World History of Art,"Honour, Hugh",9781856694513,damla.csv,,World History of Art,/works/OL26460619W,isbn,/works/OL26460619W
Damla,Two Treatises of Government and A Letter Concerning Toleration,"Locke, John",9780300100181,damla.csv,,Two Treatises on Government,/works/OL880131W,isbn,/works/OL880131W
Damla,Gorgias,Plato,9780140449044,damla.csv,,Γοργίας,/works/OL51785W,isbn,/works/OL51785W
Damla,The Essays: A Selection,"Montaigne, Michel de",9780140446029,damla.csv,,Essais,/works/OL1086528W,isbn,/works/OL1086528W
Damla,The New Atlantis,"Bacon, Francis",9781406504149,damla.csv,,Nova Atlantis,/works/OL69453W,isbn,/works/OL69453W
Damla,Of Man,"Hobbes, Thomas",9780141023908,damla.csv,,OF MAN (GREAT IDEAS S.),/works/OL7986624W,isbn,/works/OL7986624W
Damla,An Outline of Philosophy,"Russell, Bertrand",9780415141178,damla.csv,,An outline of philosophy,/works/OL1088559W,isbn,/works/OL1088559W
Damla,"Life, Sex and Ideas: The Good Life Without God","Grayling, A.C.",9780195177558,damla.csv,,"Life, Sex and Ideas",/works/OL2628822W,isbn,/works/OL2628822W
Damla,Nausea,"Sartre, Jean-Paul",9780811201889,damla.csv,,La nausée,/works/OL1161171W,isbn,/works/OL1161171W
Damla,Discourse on the Origin of Inequality,"Rousseau, Jean-Jacques",9780486434148,damla.csv,,Discours sur l'origine et les fondements de l'inégalité parmi les hommes,/works/OL80737W,isbn,/works/OL80737W
Damla,Prometheus Unbound,"Shelley, Percy Bysshe",9781419143236,damla.csv,,Prometheus unbound,/works/OL14853460W,isbn,/works/OL14853460W
Damla,The Spirit of the Laws,Montesquieu,9780521369749,damla.csv,,De l'esprit des lois,/works/OL453554W,isbn,/works/OL453554W
Damla,Hyperion oder Der Eremit in Griechenland,"Hölderlin, Friedrich",9783938484197,damla.csv,,Hyperion,/works/OL24326096W,isbn,/works/OL24326096W
Damla,The Present Age,"Kierkegaard, Søren",9780061300943,damla.csv,,The present age,/works/OL112716W,isbn,/works/OL112716W
Damla,Blake,"Ackroyd, Peter",9780345376114,damla.csv,,Blake,/works/OL47987W,isbn,/works/OL47987W
Damla,"Oedipus Rex (The Theban Plays, #1)",Sophocles,9781580495936,damla.csv,,Οἰδίπους Τύραννος (Oidípous Týrannos),/works/OL43861W,isbn,/works/OL43861W
Damla,Salomé,"Wilde, Oscar",9780486421278,damla.csv,,Salomé,/works/OL14877882W,isbn,/works/OL14877882W
Damla,The Raven and Other Poems,"Poe, Edgar Allan",9780439224062,damla.csv,,The Raven and Other Poems [26 poems],/works/OL273551W,isbn,/works/OL273551W
Damla,George Herbert: The Complete English Poems,"Herbert, George",9780140424553,damla.csv,,The complete English poems,/works/OL2155518W,isbn,/works/OL2155518W
Damla,7 Greeks,"Davenport, Guy",9780811212885,damla.csv,,7 Greeks,/works/OL18290834W,isbn,/works/OL18290834W
Damla,The Selected Poetry,"Jeffers, Robinson",9780804741088,damla.csv,,Poems,/works/OL4748720W,isbn,/works/OL4748720W
Damla,Fearful Symmetry: A Study of William Blake,"Frye, Northrop",9780802089830,damla.csv,,Fearful symmetry,/works/OL1584841W,isbn,/works/OL1584841W
Damla,Köpeğiyle Dolaşan Kadın: Otuz Yedi Seçme Öykü,"Chekhov, Anton",9789754588767,damla.csv,,Kopegiyle Dolasan Kadin - Hasan Ali Yucel Klasikleri,/works/OL26150863W,isbn,/works/OL26150863W
Damla,Gog,"Papini, Giovanni",9789754581522,damla.csv,,Gog,/works/OL22444104W,isbn,/works/OL22444104W
Damla,Cehenneme Övgü: Gündelik Hayatta Totalitarizm,"Vassaf, Gündüz",9789754707069,damla.csv,,Cehenneme övgü,/works/OL32471160W,isbn,/works/OL32471160W
Damla,Aylaklığa Övgü,"Russell, Bertrand",9789754061994,damla.csv,,Aylakliga Ovgu,/works/OL26372509W,isbn,/works/OL26372509W
Damla,Haksız Yönetime Karşı & Tembellik Hakkı,"Thoreau, Henry David",,damla.csv,,,,unresolved,title:haks z yonetime kars tembellik hakk|author:thoreau
Damla,"The Professor and the Madman: A Tale of Murder, Insanity and the Making of the Oxford English Dictionary","Winchester, Simon",9780060839789,damla.csv,,The Professor and the Madman CD,/works/OL1840019W,isbn,/works/OL1840019W
Damla,E.E. Cummings: Complete Poems 1904-1962,"Cummings, E.E.",9780871401526,damla.csv,,E.E. Cummings,/works/OL1847489W,isbn,/works/OL1847489W
Damla,Contes du jour et de la nuit,"Maupassant, Guy de",9782070375585,damla.csv,,Mademoiselle Fifi,/works/OL93833W,isbn,/works/OL93833W
Damla,A Concise History of Modern Painting,"Read, Herbert",9780500201411,damla.csv,,A concise history of modern painting,/works/OL1160094W,isbn,/works/OL1160094W
Damla,Experience and Education,"Dewey, John",9780684838281,damla.csv,,Experience and education,/works/OL111355W,isbn,/works/OL111355W
Damla,Destruction d'un cœur,"Zweig, Stefan",9782253095255,damla.csv,,Destruction d'un coeur,/works/OL8975117W,isbn,/works/OL8975117W
Damla,The Effects of Noise on Man,"Kryter, Karl D.",9780124274600,damla.csv,,The effects of noise on man,/works/OL3469718W,isbn,/works/OL3469718W
Damla,L'homme-Dieu ou le sens de la vie,"Ferry, Luc",9782253142614,damla.csv,,L'Homme-Dieu ou le sens de la vie,/works/OL136670W,isbn,/works/OL136670W
Damla,What Is the Good Life?,"Ferry, Luc",9780226244532,damla.csv,,What Is the Good Life?,/works/OL15281290W,isbn,/works/OL15281290W
Damla,Why We Are Not Nietzscheans,"Ferry, Luc",9780226244815,damla.csv,,Why we are not Nietzscheans,/works/OL19696402W,isbn,/works/OL19696402W
Damla,Heidegger and Modernity,"Ferry, Luc",9780226244624,damla.csv,,Heidegger and modernity,/works/OL15281271W,isbn,/works/OL15281271W
Damla,Prolegomena to Any Future Metaphysics,"Kant, Immanuel",9780872205932,damla.csv,,"Prolegomena to Any Future Metaphysics That Will Be Able to Come Forward As Science With Kant's Letter to Marcus Herz, February 27, 1772",/works/OL408063W,isbn,/works/OL408063W
Damla,Anna Karenina,"Tolstoy, Leo",9780345803924,damla.csv,,Anna Karenina,/works/OL17519279W,isbn,/works/OL17519279W
Damla,The Grapes of Wrath,"Steinbeck, John",,damla.csv,,The Grapes of Wrath,/works/OL23205W,title_author,/works/OL23205W
Damla,Fahrenheit 451,"Bradbury, Ray",9780007491568,damla.csv,,Fahrenheit 451,/works/OL103123W,isbn,/works/OL103123W
Damla,To Kill a Mockingbird,"Lee, Harper",9780060935467,damla.csv,,To Kill a Mockingbird,/works/OL3140822W,isbn,/works/OL3140822W
Ellen,The Incandescent,"Tesh, Emily",9781250835017,ellen.csv,,,,unresolved,title:incandescent|author:tesh
Ellen,Rebecca,"du Maurier, Daphne",9780316323703,ellen.csv,,Rebecca,/works/OL36633W,isbn,/works/OL36633W
Ellen,"My Lady Jane (The Lady Janies, #1)","Hand, Cynthia",9780062391797,ellen.csv,,My Lady Jane,/works/OL19913236W,isbn,/works/OL19913236W
Ellen,The Haunting of Hill House,"Jackson, Shirley",9780143039983,ellen.csv,,The Haunting of Hill House,/works/OL3171069W,isbn,/works/OL3171069W
Ellen,Old School,"Wolff, Tobias",,ellen.csv,,Old School,/works/OL2970042W,title_author,/works/OL2970042W
Ellen,Mother Mary Comes to Me,"Roy, Arundhati",9781668094716,ellen.csv,,,,unresolved,title:mother mary comes to me|author:roy
Ellen,The Things We Never Say,"Strout, Elizabeth",9798217154746,ellen.csv,,The Things We Never Say,/works/OL44679187W,isbn,/works/OL44679187W
Ellen,"An Alchemy of Masques and Mirrors (The Risen Kingdoms, #1)","Craddock, Curtis",9780765389596,ellen.csv,,An alchemy of masques and mirrors,/works/OL19715532W,isbn,/works/OL19715532W
Ellen,The Unicorn Hunters,"Arden, Katherine",9780593128282,ellen.csv,,The Unicorn Hunters,/works/OL45345107W,isbn,/works/OL45345107W
Ellen,The River Has Roots,"El-Mohtar, Amal",9781250341082,ellen.csv,,The River Has Roots,/works/OL42425109W,isbn,/works/OL42425109W
Ellen,"Sorcery and Small Magics (The Wildersongs Trilogy, #1)","Doocy, Maiga",9780356523996,ellen.csv,,Sorcery and Small Magics,/works/OL37831361W,isbn,/works/OL37831361W
Ellen,"Strange Familiars (Seamere College, #1)","Chow, Keshe",9780593956489,ellen.csv,,,,unresolved,title:strange familiars|author:chow
Ellen,Fruit Fly,"Silver, Josh",9798892426374,ellen.csv,,Fruit Fly,/works/OL45936878W,isbn,/works/OL45936878W
Ellen,Sula,"Morrison, Toni",9780452283862,ellen.csv,,Sula,/works/OL50567W,isbn,/works/OL50567W
Ellen,Giovanni’s Room,"Baldwin, James",,ellen.csv,,Giovanni's Room,/works/OL228702W,title_author,/works/OL228702W
Ellen,The Bluest Eye,"Morrison, Toni",,ellen.csv,,The Bluest Eye,/works/OL50565W,title_author,/works/OL50565W
Ellen,The Covenant of Water,"Verghese, Abraham",9780802162175,ellen.csv,,The Covenant of Water,/works/OL29192912W,isbn,/works/OL29192912W
Ellen,The Portrait of Dorian Gray,"Wilde, Oscar",9785992503692,ellen.csv,,The Picture of Dorian Gray,/works/OL8193416W,isbn,/works/OL8193416W
Ellen,The Geomagician (The Geomagician Duology #1),"Mandula, Jennifer",9780593983300,ellen.csv,,,,unresolved,title:geomagician|author:mandula
Ellen,Lost Lambs,"Cash, Madeline",9780374619237,ellen.csv,,Lost Lambs,/works/OL45015650W,isbn,/works/OL45015650W
Ellen,"The Game of Kings (The Lymond Chronicles, #1)","Dunnett, Dorothy",9780679777434,ellen.csv,,The Game of Kings,/works/OL568652W,isbn,/works/OL568652W
Ellen,"The Unnamed (The Book of Names Duology, #1)","Masood, M.S.",9798993535906,ellen.csv,,,,unresolved,title:unnamed|author:masood
Ellen,"The Phoenix King (The Ravence Trilogy, #1)","Verma, Aparna",9780316522779,ellen.csv,,Phoenix King,/works/OL34024594W,isbn,/works/OL34024594W
Ellen,The Forest Bleeds,"Kitch, Rachel",9781454963622,ellen.csv,,,,unresolved,title:forest bleeds|author:kitch
Ellen,Butter,"Yuzuki, Asako",9780063236400,ellen.csv,,バター,/works/OL37571490W,isbn,/works/OL37571490W
Ellen,"The Honjin Murders (Detective Kosuke Kindaichi, #1)","Yokomizo, Seishi",9781782275008,ellen.csv,,本陣殺人事件,/works/OL24716016W,isbn,/works/OL24716016W
Ellen,"Lightlark (Lightlark, #1)","Aster, Alex",,ellen.csv,,,,unresolved,title:lightlark|author:aster
Ellen,"The Gilded Wolves (The Gilded Wolves, #1)","Chokshi, Roshani",9781250144546,ellen.csv,,The Gilded Wolves,/works/OL19569315W,isbn,/works/OL19569315W
Ellen,"Graceling (Graceling Realm, #1)","Cashore, Kristin",9780152063962,ellen.csv,,Graceling,/works/OL15702282W,isbn,/works/OL15702282W
Ellen,An Enchantment of Ravens,"Rogerson, Margaret",9781481497589,ellen.csv,,An enchantment of ravens,/works/OL19721842W,isbn,/works/OL19721842W
Ellen,"Sorcery of Thorns (Sorcery of Thorns, #1)","Rogerson, Margaret",9781481497619,ellen.csv,,Sorcery of Thorns,/works/OL19795390W,isbn,/works/OL19795390W
Ellen,Midnight Blood,Ella d'Avoine,9781739567408,ellen.csv,,,,unresolved,title:midnight blood|author:avoine
Ellen,"Who Hears the Waters’ Call (Zeal of the North, #1)","Germain, Sophia St.",9789199004006,ellen.csv,,,,unresolved,title:who hears the waters call|author:germain
Ellen,"Magic Bites (Kate Daniels, #1)","Andrews, Ilona",,ellen.csv,,,,unresolved,title:magic bites|author:andrews
Ellen,"Spellbreaker (Spellbreaker Duology, #1)","Holmberg, Charlie N.",9781542020107,ellen.csv,,,,unresolved,title:spellbreaker|author:holmberg
Ellen,"How Rare Is Aurelia Evangeline (The Rarities Series, #1)","Bebb, Elise",9781067651909,ellen.csv,,,,unresolved,title:how rare is aurelia evangeline|author:bebb
Ellen,We Have Always Lived in the Castle,"Jackson, Shirley",9780143039976,ellen.csv,,We Have Always Lived in the Castle,/works/OL3171087W,isbn,/works/OL3171087W
Ellen,"The Jasad Heir (The Scorched Throne, #1)","Hashem, Sara",9780316477864,ellen.csv,,Jasad Heir,/works/OL34023748W,isbn,/works/OL34023748W
Ellen,Grimm Curiosities,"Fisher, Sharon Lynn",9781662515705,ellen.csv,,,,unresolved,title:grimm curiosities|author:fisher
Ellen,Tea & Alchemy,"Fisher, Sharon Lynn",9781662528682,ellen.csv,,,,unresolved,title:tea alchemy|author:fisher
Ellen,"The Color of Magic (Discworld, #1; Rincewind, #1)","Pratchett, Terry",9780060855925,ellen.csv,,The Colour of Magic,/works/OL453657W,isbn,/works/OL453657W
Ellen,"A Forbidden Alchemy (The Artisan Trilogy, #1)","McEwan, Stacey",9781668076187,ellen.csv,,Forbidden Alchemy,/works/OL42549171W,isbn,/works/OL42549171W
Ellen,"The Irresistible Urge to Fall For Your Enemy (Dearly Beloathed, #1)","Knightley, Brigitte",9780356524733,ellen.csv,,The Irresistible Urge to Fall for Your Enemy,/works/OL42432130W,isbn,/works/OL42432130W
Ellen,Flowers for Algernon,"Keyes, Daniel",9780156030083,ellen.csv,,Flowers for Algernon,/works/OL515754W,isbn,/works/OL515754W
Ellen,Little Fires Everywhere,"Ng, Celeste",9780735224292,ellen.csv,,Little Fires Everywhere,/works/OL17821431W,isbn,/works/OL17821431W
Ellen,The Executioner's Song,"Mailer, Norman",9780375700811,ellen.csv,,The executioner's song,/works/OL10426574W,isbn,/works/OL10426574W
Ellen,The Heart Is a Lonely Hunter,"McCullers, Carson",9780618084746,ellen.csv,,The Heart is a Lonely Hunter,/works/OL11081469W,isbn,/works/OL11081469W
Ellen,Jane Eyre,"Brontë, Charlotte",9780142437209,ellen.csv,,Jane Eyre,/works/OL1095427W,isbn,/works/OL1095427W
Ellen,The Princess Bride,"Goldman, William",9780345418265,ellen.csv,,The Princess Bride,/works/OL486967W,isbn,/works/OL486967W
Ellen,Bluebeard,"Vonnegut Jr., Kurt",9780385333511,ellen.csv,,Bluebeard,/works/OL98476W,isbn,/works/OL98476W
Ellen,Sense and Sensibility,"Austen, Jane",9780141439662,ellen.csv,,Sense and Sensibility,/works/OL66562W,isbn,/works/OL66562W
Ellen,The Swan's Daughter,"Chokshi, Roshani",9781250873101,ellen.csv,,The Swan's Daughter,/works/OL45906187W,isbn,/works/OL45906187W
Ellen,"The Lotus Palace (The Pingkang Li Mysteries, #1)","Lin, Jeannie",9780373777730,ellen.csv,,The Lotus Palace,/works/OL19976850W,isbn,/works/OL19976850W
Ellen,"Tempest (The Lyrian Sea, #1)","Aveyard, Victoria",9780063451391,ellen.csv,,,,unresolved,title:tempest|author:aveyard
Ellen,Fishbone Cinderella,"Lim, Elizabeth",9798217092987,ellen.csv,,Fishbone Cinderella,/works/OL45976228W,isbn,/works/OL45976228W
Ellen,"The Children of Gods and Fighting Men (Gael Song, #1)","Lawless, Shauna",,ellen.csv,,,,unresolved,title:children of gods and fighting men|author:lawless
Ellen,Notes on an Execution,"Kukafka, Danya",9780063052734,ellen.csv,,Notes on an Execution,/works/OL25338021W,isbn,/works/OL25338021W
Ellen,Cruel Beauty,"Hodge, Rosamund",9780062224736,ellen.csv,,Cruel beauty,/works/OL19705976W,isbn,/works/OL19705976W
Ellen,"Reign & Ruin (Mages of the Wheel, #1)","Evans, J.D.",9781951607012,ellen.csv,,Reign & Ruin,/works/OL24319156W,isbn,/works/OL24319156W
Ellen,"Wolf by Wolf (Wolf by Wolf, #1)","Graudin, Ryan",9780316405126,ellen.csv,,Wolf by wolf,/works/OL20009542W,isbn,/works/OL20009542W
Ellen,"Blood for Blood (Ziba MacKenzie, #1)","Selman, Victoria",9781503960060,ellen.csv,,,,unresolved,title:blood for blood|author:selman
Ellen,"Howl's Moving Castle (Howl's Moving Castle, #1)","Jones, Diana Wynne",9780064410342,ellen.csv,,Howl's Moving Castle,/works/OL60149W,isbn,/works/OL60149W
Ellen,"On Wings of Blood (Bloodwing Academy, #1)","Boleyn, Briar",,ellen.csv,,,,unresolved,title:on wings of blood|author:boleyn
Ellen,"Dragon Prince (Dragon Prince, #1)","Rawn, Melanie",9780756403010,ellen.csv,,Dragon Prince #1 (Dragon Prince),/works/OL2581142W,isbn,/works/OL2581142W
Ellen,The Summer War,"Novik, Naomi",9780593984703,ellen.csv,,Summer War,/works/OL42448979W,isbn,/works/OL42448979W
Ellen,"Because I Killed Him (The Nine Gentlemen, #1)","Birde, Edith",9798993467900,ellen.csv,,,,unresolved,title:because i killed him|author:birde
Ellen,"Empire of the Vampire (Empire of the Vampire, #1)","Kristoff, Jay",9781250245281,ellen.csv,,Empire of the Vampire,/works/OL24210358W,isbn,/works/OL24210358W
Ellen,"Lightguard (Daughter of Sun Duology, #1)","Turner, Hayley",,ellen.csv,,,,unresolved,title:lightguard|author:turner
Ellen,Of Blood and Aether (Harbingers #1),"Hawthorne, Harper",,ellen.csv,,,,unresolved,title:of blood and aether|author:hawthorne
Ellen,"Illuminae (The Illuminae Files, #1)","Kaufman, Amie",9780553499117,ellen.csv,,Illuminae,/works/OL17332741W,isbn,/works/OL17332741W
Ellen,"This Kingdom Will Not Kill Me (Maggie the Undying, #1)","Andrews, Ilona",9781250377265,ellen.csv,,This Kingdom Will Not Kill Me,/works/OL45020612W,isbn,/works/OL45020612W
Ellen,"The Knight and the Moth (The Stonewater Kingdom, #1)","Gillig, Rachel",9780356522968,ellen.csv,,The Knight and the Moth,/works/OL42398143W,isbn,/works/OL42398143W
Ellen,Behooved,"Stevenson, M.",9781250375087,ellen.csv,,,,unresolved,title:behooved|author:stevenson
Ellen,"The Girl Who Circumnavigated Fairyland in a Ship of Her Own Making (Fairyland, #1)","Valente, Catherynne M.",9780312649616,ellen.csv,,The Girl Who Circumnavigated Fairyland in a Ship of Her Own Making (Fairyland #1),/works/OL15720267W,isbn,/works/OL15720267W
Ellen,Lud-in-the-Mist,"Mirrlees, Hope",9781593600419,ellen.csv,,Lud-in-the-mist,/works/OL6945563W,isbn,/works/OL6945563W
Ellen,The Forgotten Beasts of Eld,"McKillip, Patricia A.",9780152055363,ellen.csv,,The Forgotten Beasts of Eld,/works/OL92493W,isbn,/works/OL92493W
Ellen,"The Devil in the Marshalsea (Thomas Hawkins, #1)","Hodgson, Antonia",9781444775433,ellen.csv,,Devil in the Marshalsea,/works/OL21523950W,isbn,/works/OL21523950W
Ellen,"The Fox in Winter (Eternal Path Trilogy, #2)","Hodgson, Antonia",,ellen.csv,,,,unresolved,title:fox in winter|author:hodgson
Ellen,"Hyperion (Hyperion Cantos, #1)","Simmons, Dan",9780553283686,ellen.csv,,Hyperion,/works/OL1963268W,isbn,/works/OL1963268W
Ellen,The People in the Trees,"Yanagihara, Hanya",9780385536776,ellen.csv,,The People in the Trees,/works/OL19111131W,isbn,/works/OL19111131W
Ellen,"Between (The Chronicles of Between, #1)","Starling, L. L.",9781733244831,ellen.csv,,,,unresolved,title:between|author:starling
Ellen,"Long Live Evil (Time of Iron, #1)","Brennan, Sarah Rees",9780316568715,ellen.csv,,Long Live Evil,/works/OL37585362W,isbn,/works/OL37585362W
Ellen,"The Ornithologist's Field Guide to Love (Love's Academic, #1)","Holton, India",,ellen.csv,,,,unresolved,title:ornithologist s field guide to love|author:holton
Ellen,"Storm Glass (Glass, #1)","Snyder, Maria V.",9780778325642,ellen.csv,,Storm glass,/works/OL8032274W,isbn,/works/OL8032274W
Ellen,"These Immortal Truths (Peaches & Honey, #1)","Raeta, Rachelle",9798985554731,ellen.csv,,,,unresolved,title:these immortal truths|author:raeta
Ellen,"A Desolate Spring (The Isle of Aestus, #1)","Greveson, C.E.J.",,ellen.csv,,,,unresolved,title:desolate spring|author:greveson
Ellen,"Alanna: The First Adventure (Song of the Lioness, #1)","Pierce, Tamora",9780689878558,ellen.csv,,Alanna,/works/OL29286W,isbn,/works/OL29286W
Ellen,The Crown of Oaths and Curses (The Mortal Fates #1),"Bree, J.",,ellen.csv,,,,unresolved,title:crown of oaths and curses|author:bree
Ellen,"Part of Your World (Part of Your World, #1)","Jimenez, Abby",9781538704370,ellen.csv,,Part of Your World,/works/OL24865656W,isbn,/works/OL24865656W
Ellen,"Act Your Age, Eve Brown (The Brown Sisters, #3)","Hibbert, Talia",9780062941282,ellen.csv,,"Act Your Age, Eve Brown",/works/OL21904684W,isbn,/works/OL21904684W
Ellen,Seven Days in June,"Williams, Tia",,ellen.csv,,Seven Days in June,/works/OL24695160W,title_author,/works/OL24695160W
Ellen,"Half a Soul (Regency Faerie Tales, #1)","Atwater, Olivia",9780316462808,ellen.csv,,Half a Soul,/works/OL20831706W,isbn,/works/OL20831706W
Ellen,"Raybearer (Raybearer, #1)","Ifueko, Jordan",9781419739828,ellen.csv,,Raybearer,/works/OL20745722W,isbn,/works/OL20745722W
Ellen,"Legendborn (The Legendborn Cycle, #1)","Deonn, Tracy",9781534441606,ellen.csv,,Legendborn,/works/OL20991847W,isbn,/works/OL20991847W
Ellen,The Hating Game,"Thorne, Sally",,ellen.csv,,The Hating Game,/works/OL20032935W,title_author,/works/OL20032935W
Ellen,The Secret Lives of Church Ladies,"Philyaw, Deesha",9781949199734,ellen.csv,,The Secret Lives of Church Ladies,/works/OL20996308W,isbn,/works/OL20996308W
Ellen,Uprooted,"Novik, Naomi",9780804179034,ellen.csv,,Uprooted,/works/OL17345493W,isbn,/works/OL17345493W
Ellen,Misery's Wife,"Tierney, Joan",9781250421791,ellen.csv,,Misery's Wife,/works/OL45944985W,isbn,/works/OL45944985W
Ellen,"A Potion, a Powder, a Little Bit of Magic: Or, Like Lightning in an Umbrella Storm","Stead, Philip C.",9780823458097,ellen.csv,,,,unresolved,title:potion a powder a little bit of magic or like lightning in an umbrella storm|author:stead
Ellen,Nell O'Dell Hates Quests (The Golden Crossroads #1),"Martin, Emily B.",9781536243314,ellen.csv,,Nell O'Dell Hates Quests,/works/OL44376145W,isbn,/works/OL44376145W
Ellen,The Unmagical Life of Briar Jones,"Croucher, Lex",9780063460218,ellen.csv,,,,unresolved,title:unmagical life of briar jones|author:croucher
Ellen,Great Big Beautiful Life,"Henry, Emily",,ellen.csv,,Great Big Beautiful Life,/works/OL42394587W,title_author,/works/OL42394587W
Ellen,"The Book of Fallen Leaves (The Autumn Empire, #1)","Tamaki, A. S.",9780316588089,ellen.csv,,,,unresolved,title:book of fallen leaves|author:tamaki
Ellen,"Magician (The Riftwar Saga, #1-2)","Feist, Raymond E.",9780586217832,ellen.csv,,Magician,/works/OL554687W,isbn,/works/OL554687W
Ellen,"A Spindle Splintered (Fractured Fables, #1)","Harrow, Alix E.",9781250765352,ellen.csv,,A Spindle Splintered,/works/OL24538829W,isbn,/works/OL24538829W
Ellen,Princess Floralinda and the Forty-Flight Tower,"Muir, Tamsyn",9781596069923,ellen.csv,,,,unresolved,title:princess floralinda and the forty flight tower|author:muir
Ellen,Thornhedge,"Kingfisher, T.",9781250244093,ellen.csv,,Thornhedge,/works/OL28866618W,isbn,/works/OL28866618W
Ellen,Half His Age,"McCurdy, Jennette",9780593723739,ellen.csv,,Half His Age,/works/OL44829733W,isbn,/works/OL44829733W
Ellen,The Age of Innocence,"Wharton, Edith",9781593081430,ellen.csv,,The Age of Innocence,/works/OL98491W,isbn,/works/OL98491W
Ellen,Half Broke Horses,"Walls, Jeannette",9781416586289,ellen.csv,,Half broke horses,/works/OL46759W,isbn,/works/OL46759W
Ellen,The Emperor of Gladness,"Vuong, Ocean",9780593831878,ellen.csv,,The Emperor of Gladness,/works/OL42394591W,isbn,/works/OL42394591W
Ellen,Broken Country,"Hall, Clare Leslie",9781668078181,ellen.csv,,Broken Country,/works/OL42549801W,isbn,/works/OL42549801W
Ellen,Theo of Golden,"Levi, Allen",9781668236512,ellen.csv,,Theo of Golden,/works/OL36475397W,isbn,/works/OL36475397W
Ellen,Confessions of a Mask,"Mishima, Yukio",9780720610314,ellen.csv,,Confessions of a Mask,/works/OL1845165W,isbn,/works/OL1845165W
Ellen,The Temple of the Golden Pavilion,"Mishima, Yukio",9780679433156,ellen.csv,,金閣寺,/works/OL1845333W,isbn,/works/OL1845333W
Ellen,Live a Little,"Jacobson, Howard",9781984824219,ellen.csv,,Live a Little,/works/OL20294528W,isbn,/works/OL20294528W
Ellen,The Years of Rice and Salt,"Robinson, Kim Stanley",9780553580075,ellen.csv,,The years of rice and salt,/works/OL81659W,isbn,/works/OL81659W
Ellen,Wild Reverence,"Ross, Rebecca",9781250373359,ellen.csv,,,,unresolved,title:wild reverence|author:ross
Ellen,The Society of Unknowable Objects,"Brown, Gareth",9780063324039,ellen.csv,,The Society of Unknowable Objects,/works/OL42404689W,isbn,/works/OL42404689W
Ellen,The Everlasting,"Harrow, Alix E.",9781250799104,ellen.csv,,The Everlasting,/works/OL44495442W,isbn,/works/OL44495442W
Ellen,Water Moon,"Sotto Yambao, Samantha",9780593724996,ellen.csv,,Water Moon,/works/OL42410303W,isbn,/works/OL42410303W
Ellen,"The Devils (The Devils, #1)","Abercrombie, Joe",9781250880055,ellen.csv,,,,unresolved,title:devils|author:abercrombie
Ellen,"Alchemy of Secrets (Alchemy of Secrets, #1)","Garber, Stephanie",9781250789150,ellen.csv,,Alchemy of secrets,/works/OL44220705W,isbn,/works/OL44220705W
Ellen,What We Can Know,"McEwan, Ian",9780593804728,ellen.csv,,,,unresolved,title:what we can know|author:mcewan
Ellen,The Names,"Knapp, Florence",9780593833902,ellen.csv,,The Names,/works/OL42406530W,isbn,/works/OL42406530W
Ellen,Wild Dark Shore,"McConaghy, Charlotte",,ellen.csv,,Wild Dark Shore,/works/OL42424992W,title_author,/works/OL42424992W
Ellen,My Friends,"Backman, Fredrik",9781982112820,ellen.csv,,Mina vänner,/works/OL42407794W,isbn,/works/OL42407794W
Ellen,Strange Beasts of China,Yan Ge,9781612199092,ellen.csv,,Strange Beasts of China,/works/OL24520833W,isbn,/works/OL24520833W
Ellen,"A Wraith Beneath the Tides (Beyond the Tides, #1)","Jae, Emilia",,ellen.csv,,,,unresolved,title:wraith beneath the tides|author:jae
Ellen,"The Waking Fire (The Draconis Memoria, #1)","Ryan, Anthony",9780356506395,ellen.csv,,The Waking Fire: Book One of Draconis Memoria (The Draconis Memoria),/works/OL19913471W,isbn,/works/OL19913471W
Ellen,"Ascendant (Songs of Chaos, #1)","Miller, Michael R",9781068756382,ellen.csv,,,,unresolved,title:ascendant|author:miller
Ellen,"Daughter of No Worlds (The War of Lost Hearts, #1)","Broadbent, Carissa",,ellen.csv,,,,unresolved,title:daughter of no worlds|author:broadbent
Ellen,"A Touch of Gold and Madness (Celestials of Arcadia, #1)","DeVore, K.L.",9798223058991,ellen.csv,,,,unresolved,title:touch of gold and madness|author:devore
Ellen,"The Inadequate Heir (The Bridge Kingdom, #3)","Jensen, Danielle L.",9780593975244,ellen.csv,,The Inadequate Heir,/works/OL26911630W,isbn,/works/OL26911630W
Ellen,Lady Tan's Circle of Women,"See, Lisa",9781982117085,ellen.csv,,Lady Tan's Circle of Women,/works/OL31130116W,isbn,/works/OL31130116W
Ellen,The Lost,"Durst, Sarah Beth",,ellen.csv,,,,unresolved,title:lost|author:durst
Ellen,"The Gunslinger (The Dark Tower, #1)","King, Stephen",,ellen.csv,,,,unresolved,title:gunslinger|author:king
Ellen,"Gardens of the Moon (Malazan Book of the Fallen, #1)","Erikson, Steven",9780765348784,ellen.csv,,Gardens of the Moon,/works/OL5734756W,isbn,/works/OL5734756W
Ellen,"Magician: Apprentice (The Riftwar Saga, #1)","Feist, Raymond E.",9780553564945,ellen.csv,,Magician,/works/OL554711W,isbn,/works/OL554711W
Ellen,"The Blade Itself (The First Law, #1)","Abercrombie, Joe",9780575079793,ellen.csv,,The Blade Itself,/works/OL8400950W,isbn,/works/OL8400950W
Ellen,"Jade City (The Green Bone Saga, #1)","Lee, Fonda",9780316440882,ellen.csv,,Jade City,/works/OL19720196W,isbn,/works/OL19720196W
Ellen,"The Dragonbone Chair (Memory, Sorrow, and Thorn, #1)","Williams, Tad",9780756402693,ellen.csv,,The Dragonbone Chair,/works/OL2250813W,isbn,/works/OL2250813W
Ellen,The Nightingale,"Hannah, Kristin",9780312577223,ellen.csv,,The Nightingale,/works/OL17116910W,isbn,/works/OL17116910W
Ellen,The President Is Missing,"Clinton, Bill",,ellen.csv,,The President is Missing,/works/OL17913815W,title_author,/works/OL17913815W
Ellen,The Master and Margarita (Wordsworth Classics) of Mikhail Bulgakov on 15 February 2011,"Barder, Gemma",,ellen.csv,,,,unresolved,title:master and margarita wordsworth classics of mikhail bulgakov on 15 february 2011|author:barder
Ellen,All I Want for Christmas is a Faerie Assassin?!,"Macfarlane, H.L.",,ellen.csv,,,,unresolved,title:all i want for christmas is a faerie assassin|author:macfarlane
Ellen,The Boy from the Sea,"Macfarlane, H.L.",9781914210105,ellen.csv,,,,unresolved,title:boy from the sea|author:macfarlane
Ellen,Prince of Foxes (Bright Spear Trilogy #1),"Macfarlane, H.L.",,ellen.csv,,,,unresolved,title:prince of foxes|author:macfarlane
Ellen,"The Grace of Kings (The Dandelion Dynasty, #1)","Liu, Ken",9781481424271,ellen.csv,,The Grace of Kings (The Dandelion Dynasty),/works/OL19831623W,isbn,/works/OL19831623W
Ellen,Queer Little Nightmares,"Ly, David",9781551529011,ellen.csv,,Queer Little Nightmares,/works/OL27593167W,isbn,/works/OL27593167W
Ellen,"The Ashes & the Star-Cursed King (Crowns of Nyaxia, #2)","Broadbent, Carissa",,ellen.csv,,,,unresolved,title:ashes the star cursed king|author:broadbent
Ellen,"When Among Crows (Curse Bearer, #1)","Roth, Veronica",9781250855480,ellen.csv,,When among Crows,/works/OL37857078W,isbn,/works/OL37857078W
Ellen,"The Thursday Murder Club (Thursday Murder Club, #1)","Osman, Richard",,ellen.csv,,,,unresolved,title:thursday murder club|author:osman
Ellen,Middlemarch,"Eliot, George",9780451529176,ellen.csv,,Middlemarch,/works/OL20867W,isbn,/works/OL20867W
Ellen,Boy Parts,"Clark, Eliza",9781910312643,ellen.csv,,,,unresolved,title:boy parts|author:clark
Ellen,A Month in the Country,"Carr, J.L.",9780940322479,ellen.csv,,A month in the country,/works/OL112983W,isbn,/works/OL112983W
Ellen,"Immortal Dark (Immortal Dark Trilogy, #1)","Girma, Tigest",,ellen.csv,,,,unresolved,title:immortal dark|author:girma
Ellen,Foster,"Keegan, Claire",9780571255658,ellen.csv,,Foster,/works/OL19956847W,isbn,/works/OL19956847W
Ellen,"The Raven Boys (The Raven Cycle, #1)","Stiefvater, Maggie",9780545424929,ellen.csv,,The Raven Boys,/works/OL17557879W,isbn,/works/OL17557879W
Ellen,"The Blighted Stars (The Devoured Worlds, #1)","O'Keefe, Megan E.",9780316290791,ellen.csv,,Extinction Burst,/works/OL25337933W,isbn,/works/OL25337933W
Ellen,"All Systems Red (The Murderbot Diaries, #1)","Wells, Martha",,ellen.csv,,,,unresolved,title:all systems red|author:wells
Ellen,The Library at Mount Char,"Hawkins, Scott",9780553418620,ellen.csv,,The library at Mount Char,/works/OL17836918W,isbn,/works/OL17836918W
Ellen,"A Master of Djinn (Dead Djinn Universe, #1)","Clark, P. Djèlí",9781250267672,ellen.csv,,A Master of Djinn,/works/OL22425740W,isbn,/works/OL22425740W
Ellen,This Is How You Lose the Time War,"El-Mohtar, Amal",,ellen.csv,,This is How You Lose the Time War,/works/OL19859295W,title_author,/works/OL19859295W
Ellen,"Swordheart (Swordheart, #1)","Kingfisher, T.",9781250400222,ellen.csv,,,,unresolved,title:swordheart|author:kingfisher
Ellen,"City of Gods and Monsters (House of Devils, #1)","Edwards, Kayla",9781777880736,ellen.csv,,,,unresolved,title:city of gods and monsters|author:edwards
Ellen,"Shield of Sparrows (Shield of Sparrows, #1)","Perry, Devney",9781649378514,ellen.csv,,Shield of Sparrows,/works/OL42483262W,isbn,/works/OL42483262W
Ellen,"House of Blight (The Threadmender Chronicles, #1)","Martineau, Maxym",9780063391192,ellen.csv,,House of Blight,/works/OL42422444W,isbn,/works/OL42422444W
Ellen,"The Bone Season (The Bone Season, #1)","Shannon, Samantha",9781639734184,ellen.csv,,Bone Season,/works/OL36027001W,isbn,/works/OL36027001W
Ellen,"The Ever King (The Ever Seas, #1)","Andrews, L.J.",,ellen.csv,,,,unresolved,title:ever king|author:andrews
Ellen,"A Feather So Black (Fair Folk, #1)","Selene, Lyra",9780316564960,ellen.csv,,Feather So Black,/works/OL37578564W,isbn,/works/OL37578564W
Ellen,"In the Veins of the Drowning (The Siren Mage, #1)","Cassidy, Kalie",9780316587600,ellen.csv,,In the Veins of the Drowning,/works/OL42439250W,isbn,/works/OL42439250W
Ellen,In Beds of Flowers (The Canviant Trilogy #1),"Layne, Jess",,ellen.csv,,,,unresolved,title:in beds of flowers|author:layne
Ellen,Of Flame and Fury,"Bridge, Mikayla",9780374393427,ellen.csv,,Of Flame and Fury,/works/OL42550567W,isbn,/works/OL42550567W
Ellen,"A Tribute of Fire (The Eye of the Goddess, #1)","Wilson, Sariah",9781662525131,ellen.csv,,,,unresolved,title:tribute of fire|author:wilson
Ellen,"Of Blood and Fire (The Bound and the Broken, #1)","Cahill, Ryan",,ellen.csv,,,,unresolved,title:of blood and fire|author:cahill
Ellen,"The Shadow of the Gods (The Bloodsworn Saga, #1)","Gwynne, John",9780356514185,ellen.csv,,Untitled John Gwynne 1,/works/OL21692763W,isbn,/works/OL21692763W
Ellen,House of Frank,"Synclaire, Kay",9781959411666,ellen.csv,,House of Frank,/works/OL37614348W,isbn,/works/OL37614348W
Ellen,"Ship of Magic (Liveship Traders, #1)","Hobb, Robin",9780006498858,ellen.csv,,Ship of Magic,/works/OL2707209W,isbn,/works/OL2707209W
Ellen,"A Winter's Promise (The Mirror Visitor, #1)","Dabos, Christelle",9781787701427,ellen.csv,,,,unresolved,title:winter s promise|author:dabos
Ellen,"Silvercloak (The Silvercloak Saga, #1)","Steven, L.K.",9780593973998,ellen.csv,,Silvercloak,/works/OL45983119W,isbn,/works/OL45983119W
Ellen,"Arcana Academy (Arcana Academy, #1)","Kova, Elise",9780593726341,ellen.csv,,,,unresolved,title:arcana academy|author:kova
Ellen,"When the Moon Hatched (Moonfall, #1)","Parker, Sarah A.",,ellen.csv,,,,unresolved,title:when the moon hatched|author:parker
Ellen,"Little Thieves (Little Thieves, #1)","Owen, Margaret",9781250191908,ellen.csv,,Little Thieves,/works/OL21995333W,isbn,/works/OL21995333W
Ellen,"One Dark Window (The Shepherd King, #1)","Gillig, Rachel",9780316312486,ellen.csv,,One Dark Window,/works/OL25468077W,isbn,/works/OL25468077W
Ellen,"The Prison Healer (The Prison Healer, #1)","Noni, Lynette",9780358434559,ellen.csv,,The Prison Healer,/works/OL22011552W,isbn,/works/OL22011552W
Ellen,"Once Upon a Broken Heart (Once Upon a Broken Heart, #1)","Garber, Stephanie",9781250268396,ellen.csv,,Once Upon a Broken Heart,/works/OL24706481W,isbn,/works/OL24706481W
Ellen,"Empire of Silence (The Sun Eater, #1)","Ruocchio, Christopher",9780756413026,ellen.csv,,Empire of Silence,/works/OL20141524W,isbn,/works/OL20141524W
Ellen,"Wizard's First Rule (Sword of Truth, #1)","Goodkind, Terry",9780765346520,ellen.csv,,Wizard's First Rule,/works/OL2010436W,isbn,/works/OL2010436W
Ellen,"The Magnus Archives: Season 1 (Magnus Archives, #1)","Sims, Jonathan",,ellen.csv,,,,unresolved,title:magnus archives season 1|author:sims
Ellen,"The Thief (The Queen's Thief, #1)","Turner, Megan Whalen",9780060824976,ellen.csv,,The Thief,/works/OL14872532W,isbn,/works/OL14872532W
Ellen,The Great Alone,"Hannah, Kristin",,ellen.csv,,The Great Alone,/works/OL18147688W,title_author,/works/OL18147688W
Ellen,The Wind-Up Bird Chronicle,"Murakami, Haruki",9780965341981,ellen.csv,,ねじまき鳥クロニクル,/works/OL2625412W,isbn,/works/OL2625412W
Ellen,Tortilla Flat,"Steinbeck, John",9780582461505,ellen.csv,,Tortilla Flat,/works/OL23201W,isbn,/works/OL23201W
Ellen,Blindness,"Saramago, José",,ellen.csv,,,,unresolved,title:blindness|author:saramago
Ellen,"Hollow Kingdom (Hollow Kingdom, #1)","Buxton, Kira Jane",9781538745823,ellen.csv,,Hollow Kingdom,/works/OL20083449W,isbn,/works/OL20083449W
Ellen,Yellowface,"Kuang, R.F.",,ellen.csv,,Yellowface,/works/OL29050559W,title_author,/works/OL29050559W
Ellen,Alias Grace,"Atwood, Margaret",9780385475716,ellen.csv,,alias Grace,/works/OL675834W,isbn,/works/OL675834W
Ellen,"Braiding Sweetgrass: Indigenous Wisdom, Scientific Knowledge, and the Teachings of Plants","Kimmerer, Robin Wall",9781571313355,ellen.csv,,Braiding Sweetgrass,/works/OL16819897W,isbn,/works/OL16819897W
Ellen,The Metamorphosis,"Kafka, Franz",9780553213690,ellen.csv,,Metamorphosis,/works/OL498556W,isbn,/works/OL498556W
Ellen,Ella Minnow Pea: A Novel in Letters,"Dunn, Mark",9780385722438,ellen.csv,,Ella Minnow Pea,/works/OL3085962W,isbn,/works/OL3085962W
Ellen,"Why Fish Don’t Exist: A Story of Loss, Love, and the Hidden Order of Life","Miller, Lulu",,ellen.csv,,,,unresolved,title:why fish don t exist a story of loss love and the hidden order of life|author:miller
Ellen,The Unmaking of June Farrow,"Young, Adrienne",9780593598696,ellen.csv,,The Unmaking of June Farrow,/works/OL34051088W,isbn,/works/OL34051088W
Ellen,The Berlin Letters,"Reay, Katherine",9781400243068,ellen.csv,,Berlin Letters,/works/OL37857023W,isbn,/works/OL37857023W
Ellen,A Town Like Alice,"Shute, Nevil",9781842323007,ellen.csv,,A town like Alice,/works/OL2779741W,isbn,/works/OL2779741W
Ellen,"The Enchanted Greenhouse (Spellshop, #2)","Durst, Sarah Beth",9781250333988,ellen.csv,,The Enchanted Greenhouse,/works/OL42399188W,isbn,/works/OL42399188W
Ellen,"Annihilation (Southern Reach, #1)","VanderMeer, Jeff",9780374104092,ellen.csv,,Annihilation,/works/OL17268007W,isbn,/works/OL17268007W
Ellen,"Sabriel (Abhorsen, #1)","Nix, Garth",9780064471831,ellen.csv,,Sabriel,/works/OL2628761W,isbn,/works/OL2628761W
Ellen,Pachinko,"Lee, Min Jin",,ellen.csv,,Pachinko,/works/OL17762217W,title_author,/works/OL17762217W
Ellen,There Are Rivers in the Sky,"Shafak, Elif",9780593801710,ellen.csv,,There Are Rivers in the Sky,/works/OL37860936W,isbn,/works/OL37860936W
Ellen,"The Will of the Many (Hierarchy, #1)","Islington, James",9781982141196,ellen.csv,,The Will of the Many,/works/OL31088394W,isbn,/works/OL31088394W
Ellen,Demon Copperhead,"Kingsolver, Barbara",,ellen.csv,,Demon Copperhead,/works/OL27052926W,title_author,/works/OL27052926W
Ellen,Cloud Cuckoo Land,"Doerr, Anthony",9781982168438,ellen.csv,,Cloud Cuckoo Land,/works/OL24164954W,isbn,/works/OL24164954W
Ellen,The Butcher of the Forest,"Mohamed, Premee",9781250881786,ellen.csv,,Butcher of the Forest,/works/OL37567378W,isbn,/works/OL37567378W
Ellen,"A Caribbean Heiress in Paris (Las Leonas, #1)","Herrera, Adriana",,ellen.csv,,,,unresolved,title:caribbean heiress in paris|author:herrera
Ellen,"The Fifth Season (The Broken Earth, #1)","Jemisin, N.K.",,ellen.csv,,,,unresolved,title:fifth season|author:jemisin
Ellen,The Spear Cuts Through Water,"Jimenez, Simon",9780593156599,ellen.csv,,The Spear Cuts Through Water,/works/OL25904440W,isbn,/works/OL25904440W
Ellen,Tender Is the Flesh,"Bazterrica, Agustina",,ellen.csv,,,,unresolved,title:tender is the flesh|author:bazterrica
Ellen,"Shōgun (Asian Saga, #1)","Clavell, James",9781982603847,ellen.csv,,Shogun,/works/OL20896403W,isbn,/works/OL20896403W
Ellen,The Lost City of Z: A Tale of Deadly Obsession in the Amazon,"Grann, David",9780385513531,ellen.csv,,The Lost City of Z,/works/OL11930023W,isbn,/works/OL11930023W
Ellen,"Lonesome Dove (Lonesome Dove, #1)","McMurtry, Larry",9780671683900,ellen.csv,,Lonesome Dove,/works/OL134601W,isbn,/works/OL134601W
Ellen,"Accomplice to the Villain (Assistant to the Villain, #3)","Maehrer, Hannah Nicole",9781529917772,ellen.csv,,,,unresolved,title:accomplice to the villain|author:maehrer
Ellen,And They Were Roommates,"Powars, Page",9781250347657,ellen.csv,,And They Were Roommates,/works/OL42410430W,isbn,/works/OL42410430W
Ellen,"Alecto the Ninth (The Locked Tomb, #4)","Muir, Tamsyn",,ellen.csv,,,,unresolved,title:alecto the ninth|author:muir
Ellen,The Secret Romantic’s Book of Magic,"O'Regan, Marie",,ellen.csv,,The Secret Romantic's Book of Magic,/works/OL42553379W,title_author,/works/OL42553379W
Ellen,The Warm Hands of Ghosts,"Arden, Katherine",9780593128251,ellen.csv,,Warm Hands of Ghosts,/works/OL37581809W,isbn,/works/OL37581809W
Ellen,"Pawn of Prophecy (The Belgariad, #1)","Eddings, David",9780345468642,ellen.csv,,Pawn of Prophecy,/works/OL1922990W,isbn,/works/OL1922990W
Ellen,Mexican Gothic,"Moreno-Garcia, Silvia",9780525620808,ellen.csv,,Mexican Gothic,/works/OL20759125W,isbn,/works/OL20759125W
Ellen,"A Darker Shade of Magic (Shades of Magic, #1)","Schwab, V.E.",9780765376459,ellen.csv,,A Darker Shade of Magic,/works/OL17332803W,isbn,/works/OL17332803W
Ellen,"The Subtle Knife (His Dark Materials, #2)","Pullman, Philip",,ellen.csv,,,,unresolved,title:subtle knife|author:pullman
Ellen,"Through the Ever Night (Under the Never Sky, #2)","Rossi, Veronica",9780062072061,ellen.csv,,Through The Ever Night,/works/OL17496249W,isbn,/works/OL17496249W
Ellen,The Girl Who Fell Beneath the Sea,"Oh, Axie",9781250780867,ellen.csv,,The Girl Who Fell Beneath the Sea,/works/OL25219259W,isbn,/works/OL25219259W
Ellen,"The Floating World (The Floating World, #1)","Oh, Axie",9781250853080,ellen.csv,,The Floating World,/works/OL42428898W,isbn,/works/OL42428898W
Ellen,"Fable (The World of the Narrows, #1)","Young, Adrienne",,ellen.csv,,,,unresolved,title:fable|author:young
Ellen,The Glass Castle,"Walls, Jeannette",9780743247542,ellen.csv,,The Glass Castle,/works/OL46760W,isbn,/works/OL46760W
Ellen,A Gentleman in Moscow,"Towles, Amor",,ellen.csv,,A Gentleman in Moscow,/works/OL17797130W,title_author,/works/OL17797130W
Ellen,11/22/63,"King, Stephen",9781451627282,ellen.csv,,11/22/63,/works/OL16002468W,isbn,/works/OL16002468W
Ellen,Blood Over Bright Haven,"Wang, M.L.",9780593873359,ellen.csv,,Blood over Bright Haven,/works/OL37942515W,isbn,/works/OL37942515W
Ellen,"His Majesty's Dragon (Temeraire, #1)","Novik, Naomi",9780345481283,ellen.csv,,His Majesty's Dragon,/works/OL5846671W,isbn,/works/OL5846671W
Ellen,"Paladin's Grace (The Saint of Steel, #1)","Kingfisher, T.",,ellen.csv,,,,unresolved,title:paladin s grace|author:kingfisher
Ellen,You're Not Listening: What You're Missing and Why It Matters,"Murphy, Kate",9781250297198,ellen.csv,,You're Not Listening,/works/OL20642112W,isbn,/works/OL20642112W
Ellen,"An Ember in the Ashes (An Ember in the Ashes, #1)","Tahir, Sabaa",9781595148049,ellen.csv,,,,unresolved,title:ember in the ashes|author:tahir
Ellen,I Who Have Never Known Men,"Harpman, Jacqueline",9781945492600,ellen.csv,,Moi qui n'ai pas connu les hommes,/works/OL102360W,isbn,/works/OL102360W
Ellen,Gallant,"Schwab, V.E.",9780062835772,ellen.csv,,Gallant,/works/OL24783202W,isbn,/works/OL24783202W
Ellen,IQ84,"Murakami, Haruki",,ellen.csv,,,,unresolved,title:iq84|author:murakami
Ellen,"The Shadow of the Wind (The Cemetery of Forgotten Books, #1)","Ruiz Zafón, Carlos",,ellen.csv,,,,unresolved,title:shadow of the wind|author:zafon
Ellen,The Ministry of Time,"Bradley, Kaliane",9781668045145,ellen.csv,,The Ministry of Time,/works/OL37571815W,isbn,/works/OL37571815W
Ellen,The Honey Witch,"Shields, Sydney J.",9780316568869,ellen.csv,,The Honey Witch,/works/OL37575540W,isbn,/works/OL37575540W
Ellen,The Wedding People,"Espach, Alison",,ellen.csv,,The Wedding People,/works/OL37618227W,title_author,/works/OL37618227W
Ellen,"The Silverblood Promise (The Last Legacy, #1)","Logan, James",9781250345806,ellen.csv,,The Silverblood Promise,/works/OL37563910W,isbn,/works/OL37563910W
Ellen,", said the shotgun to the head.","Williams, Saul",9780743470797,ellen.csv,,Said the shotgun to the head,/works/OL20905195W,isbn,/works/OL20905195W
Ellen,Stoner,"Williams, John",9781590171998,ellen.csv,,Stoner,/works/OL3511459W,isbn,/works/OL3511459W
Ellen,Shark Heart,"Habeck, Emily",9781668006498,ellen.csv,,Shark Heart,/works/OL31088287W,isbn,/works/OL31088287W
Ellen,The Starless Sea,"Morgenstern, Erin",9780385541213,ellen.csv,,The Starless Sea,/works/OL20416941W,isbn,/works/OL20416941W
Ellen,The Once and Future Witches,"Harrow, Alix E.",9780316422048,ellen.csv,,The Once and Future Witches,/works/OL20868274W,isbn,/works/OL20868274W
Ellen,"The Three-Body Problem (Remembrance of Earth’s Past, #1)","Liu, Cixin",,ellen.csv,,,,unresolved,title:three body problem|author:liu
Ellen,"Assassin's Apprentice (Farseer Trilogy, #1)","Hobb, Robin",9780553573398,ellen.csv,,Assassin's Apprentice,/works/OL2707183W,isbn,/works/OL2707183W
Ellen,"Onyx Storm (The Empyrean, #3)","Yarros, Rebecca",9781649374189,ellen.csv,,Alas de ónix,/works/OL41943074W,isbn,/works/OL41943074W
Ellen,Funny Story,"Henry, Emily",,ellen.csv,,Funny Story,/works/OL37575890W,title_author,/works/OL37575890W
Ellen,The God of the Woods,"Moore, Liz",,ellen.csv,,The God of the Woods,/works/OL37827517W,title_author,/works/OL37827517W
Ellen,Crying in H Mart,"Zauner, Michelle",9780525657743,ellen.csv,,Crying in H Mart,/works/OL22448002W,isbn,/works/OL22448002W
Ellen,I'm Glad My Mom Died,"McCurdy, Jennette",,ellen.csv,,I'm Glad My Mom Died,/works/OL26663382W,title_author,/works/OL26663382W
Ellen,"Divine Rivals (Letters of Enchantment, #1)","Ross, Rebecca",9781250857439,ellen.csv,,Divine Rivals,/works/OL27893158W,isbn,/works/OL27893158W
Ellen,"Love, Theoretically","Hazelwood, Ali",9781408725795,ellen.csv,,Love Theoretically,/works/OL28803485W,isbn,/works/OL28803485W
Ellen,"Icebreaker (UCMH, #1)","Grace, Hannah",,ellen.csv,,,,unresolved,title:icebreaker|author:grace
Ellen,"Ninth House (Ninth House Trilogy, #1)","Bardugo, Leigh",9781250313072,ellen.csv,,Ninth House,/works/OL20197660W,isbn,/works/OL20197660W
Ellen,"The Poppy War (The Poppy War, #1)","Kuang, R.F.",9780062662590,ellen.csv,,The Poppy War,/works/OL19351054W,isbn,/works/OL19351054W
Ellen,The Song of Achilles,"Miller, Madeline",,ellen.csv,,The Song of Achilles,/works/OL16509148W,title_author,/works/OL16509148W
Ellen,The Invisible Life of Addie LaRue,"Schwab, V.E.",9780765387561,ellen.csv,,The Invisible Life of Addie LaRue,/works/OL20796936W,isbn,/works/OL20796936W
Ellen,"The Midnight Library (The Midnight World, #1)","Haig, Matt",9780525559474,ellen.csv,,The Midnight Library,/works/OL20965973W,isbn,/works/OL20965973W
Ellen,"The Book of Azrael (Gods & Monsters, #1)","Nicole, Amber V.",,ellen.csv,,,,unresolved,title:book of azrael|author:nicole
Ellen,Never Let Me Go,"Ishiguro, Kazuo",9781400078776,ellen.csv,,Never Let Me Go,/works/OL59038W,isbn,/works/OL59038W
Ellen,The Dead Romantics,"Poston, Ashley",,ellen.csv,,The Dead Romantics,/works/OL26084244W,title_author,/works/OL26084244W
Ellen,The Seven Year Slip,"Poston, Ashley",,ellen.csv,,The Seven Year Slip,/works/OL29332742W,title_author,/works/OL29332742W
Ellen,A Sorceress Comes to Call,"Kingfisher, T.",9781250244079,ellen.csv,,Sorceress Comes to Call,/works/OL37939629W,isbn,/works/OL37939629W
Ellen,The Phoenix Keeper,"MacLean, S.A.",9780316573092,ellen.csv,,Phoenix Keeper,/works/OL37614065W,isbn,/works/OL37614065W
Ellen,Summer in the City,"Aster, Alex",9780063411661,ellen.csv,,,,unresolved,title:summer in the city|author:aster
Ellen,"Rebel Witch (The Crimson Moth, #2)","Ciccarelli, Kristen",,ellen.csv,,,,unresolved,title:rebel witch|author:ciccarelli
Ellen,If I Dig You,"Wilkens, Colby",9781250292933,ellen.csv,,,,unresolved,title:if i dig you|author:wilkens
Ellen,The Particular Sadness of Lemon Cake,"Bender, Aimee",9780385501125,ellen.csv,,The Particular Sadness of Lemon Cake,/works/OL15168504W,isbn,/works/OL15168504W
Ellen,Witch of Wild Things (Wild Magic #1),"Gilliland, Raquel Vasquez",9780593548578,ellen.csv,,Witch of Wild Things,/works/OL34158300W,isbn,/works/OL34158300W
Ellen,The Stationmaster's Cottage,"Clark, Phillipa Nefri",9780648865261,ellen.csv,,,,unresolved,title:stationmaster s cottage|author:clark
Ellen,"Gotham Academy, Volume 1: Welcome to Gotham Academy","Cloonan, Becky",9781401254728,ellen.csv,,Gotham Academy,/works/OL19666712W,isbn,/works/OL19666712W
Ellen,"Blood of Hercules (Villains of Lore, #1)","Mas, Jasmine",9798990413733,ellen.csv,,Blood of Hercules,/works/OL38674468W,isbn,/works/OL38674468W
Ellen,"A Wizard of Earthsea (The Earthsea Cycle, #1)","Le Guin, Ursula K.",,ellen.csv,,,,unresolved,title:wizard of earthsea|author:guin
Ellen,"Somewhere Beyond the Sea (Cerulean Chronicles, #2)","Klune, T.J.",9781250881205,ellen.csv,,Somewhere Beyond the Sea,/works/OL44584989W,isbn,/works/OL44584989W
Ellen,"Firefight (The Reckoners, #2)","Sanderson, Brandon",9780385743587,ellen.csv,,Firefight,/works/OL19091564W,isbn,/works/OL19091564W
Ellen,"Mitosis (The Reckoners, #1.5)","Sanderson, Brandon",9780449818435,ellen.csv,,Mitosis,/works/OL19913036W,isbn,/works/OL19913036W
Ellen,"The Well of Ascension (Mistborn, #2)","Sanderson, Brandon",9780765316882,ellen.csv,,The Well of Ascension,/works/OL5738150W,isbn,/works/OL5738150W
Ellen,"Fathomfolk (Drowned World, #1)","Chan, Eliza",9780316564922,ellen.csv,,Fathomfolk,/works/OL37578457W,isbn,/works/OL37578457W
Ellen,"Origin (Robert Langdon, #5)","Brown, Dan",,ellen.csv,,,,unresolved,title:origin|author:brown
Ellen,"Inferno (Robert Langdon, #4)","Brown, Dan",9780385537858,ellen.csv,,Inferno,/works/OL16804289W,isbn,/works/OL16804289W
Ellen,"The Lost Symbol (Robert Langdon, #3)","Brown, Dan",9780385504225,ellen.csv,,The Lost Symbol,/works/OL14873315W,isbn,/works/OL14873315W
Ellen,"The Tainted Cup (Ana and Din Mysteries, #1)","Bennett, Robert Jackson",9781984820709,ellen.csv,,The Tainted Cup,/works/OL37628730W,isbn,/works/OL37628730W
Ellen,"Ordinary Monsters (The Talents Trilogy, #1)","Miro, J.M.",9781250833662,ellen.csv,,Ordinary Monsters,/works/OL25957819W,isbn,/works/OL25957819W
Ellen,Thistlefoot,"Nethercott, GennaRose",9780593468838,ellen.csv,,Thistlefoot,/works/OL27245489W,isbn,/works/OL27245489W
Ellen,The Book of Doors,"Brown, Gareth",9780063323988,ellen.csv,,The Book of Doors,/works/OL37568021W,isbn,/works/OL37568021W
Ellen,"Keeper of Enchanted Rooms (Whimbrel House, #1)","Holmberg, Charlie N.",9781662500336,ellen.csv,,,,unresolved,title:keeper of enchanted rooms|author:holmberg
Ellen,When Women Were Dragons,"Barnhill, Kelly",9780385548229,ellen.csv,,When Women Were Dragons,/works/OL25987949W,isbn,/works/OL25987949W
Ellen,The Book Eaters,"Dean, Sunyi",9781250810182,ellen.csv,,The Book Eaters,/works/OL25958054W,isbn,/works/OL25958054W
Ellen,Stone Blind,"Haynes, Natalie",9780063258396,ellen.csv,,Stone Blind,/works/OL28088268W,isbn,/works/OL28088268W
Ellen,The Cartographers,"Shepherd, Peng",9780062910691,ellen.csv,,The Cartographers,/works/OL23521399W,isbn,/works/OL23521399W
Ellen,"The Adventures of Amina al-Sirafi (Amina al-Sirafi, #1)","Chakraborty, S.A.",,ellen.csv,,,,unresolved,title:adventures of amina al sirafi|author:chakraborty
Ellen,"A River Enchanted (Elements of Cadence, #1)","Ross, Rebecca",9780063055988,ellen.csv,,River Enchanted,/works/OL25339766W,isbn,/works/OL25339766W
Ellen,Nettle & Bone,"Kingfisher, T.",9781250244048,ellen.csv,,Nettle & Bone,/works/OL24510090W,isbn,/works/OL24510090W
Ellen,Starling House,"Harrow, Alix E.",9781250799050,ellen.csv,,Starling House,/works/OL34116011W,isbn,/works/OL34116011W
Ellen,"She Who Became the Sun (The Radiant Emperor, #1)","Parker-Chan, Shelley",9781250621801,ellen.csv,,She Who Became the Sun,/works/OL24184009W,isbn,/works/OL24184009W
Ellen,"Hell Bent (Ninth House Trilogy, #2)","Bardugo, Leigh",9781250313102,ellen.csv,,Hell Bent,/works/OL27852012W,isbn,/works/OL27852012W
Ellen,"Legends & Lattes (Legends & Lattes, #1)","Baldree, Travis",,ellen.csv,,,,unresolved,title:legends lattes|author:baldree
Ellen,Fairy Tale,"King, Stephen",9781668002179,ellen.csv,,Fairy Tale,/works/OL27589863W,isbn,/works/OL27589863W
Ellen,"Daughter of the Moon Goddess (The Celestial Kingdom, #1)","Tan, Sue Lynn",9780063031302,ellen.csv,,Daughter of the Moon Goddess,/works/OL25798494W,isbn,/works/OL25798494W
Ellen,Under the Whispering Door,"Klune, T.J.",9781250217349,ellen.csv,,Under the Whispering Door,/works/OL20862021W,isbn,/works/OL20862021W
Ellen,Babel,"Kuang, R.F.",9780063021426,ellen.csv,,Babel,/works/OL26443093W,isbn,/works/OL26443093W
Ellen,Nation,"Pratchett, Terry",9780385613705,ellen.csv,,Nation,/works/OL453807W,isbn,/works/OL453807W
Ellen,"Small Gods (Discworld, #13)","Pratchett, Terry",9780552152976,ellen.csv,,Small Gods,/works/OL453697W,isbn,/works/OL453697W
Ellen,"Into Oblivion (Young Inspector Erlendur, #3)","Indriðason, Arnaldur",9781250077349,ellen.csv,,Into Oblivion,/works/OL17930162W,isbn,/works/OL17930162W
Ellen,"A Botanist's Guide to Parties and Poisons (Saffron Everleigh Mystery, #1)","Khavari, Kate",9781639100071,ellen.csv,,Botanist's Guide to Parties and Poisons,/works/OL26590034W,isbn,/works/OL26590034W
Ellen,The Ladies of Grace Adieu and Other Stories,"Clarke, Susanna",9781596912519,ellen.csv,,The Ladies of Grace Adieu and Other Stories,/works/OL5703425W,isbn,/works/OL5703425W
Ellen,When the Sky Fell on Splendor,"Henry, Emily",,ellen.csv,,When the Sky Fell on Splendor,/works/OL20922686W,title_author,/works/OL20922686W
Ellen,A Million Junes,"Henry, Emily",9780448493961,ellen.csv,,A Million Junes,/works/OL19325338W,isbn,/works/OL19325338W
Ellen,The Rose Code,"Quinn, Kate",9780062943477,ellen.csv,,The Rose Code,/works/OL21171268W,isbn,/works/OL21171268W
Ellen,The Fellowship of Puzzlemakers,"Burr, Samuel",9780593470091,ellen.csv,,Fellowship of Puzzlemakers,/works/OL37567324W,isbn,/works/OL37567324W
Ellen,"Powerless (The Powerless Trilogy, #1)","Roberts, Lauren",,ellen.csv,,,,unresolved,title:powerless|author:roberts
Ellen,"Darkfever (Fever, #1)","Moning, Karen Marie",9780385339155,ellen.csv,,Darkfever,/works/OL5692978W,isbn,/works/OL5692978W
Ellen,"Neverwhere (London Below, #1)","Gaiman, Neil",9780060557812,ellen.csv,,Neverwhere,/works/OL679333W,isbn,/works/OL679333W
Ellen,Lost Boy: The True Story of Captain Hook,"Henry, Christina",9780399584022,ellen.csv,,Lost Boy,/works/OL19652832W,isbn,/works/OL19652832W
Ellen,Wonderland: An Anthology,"O'Regan, Marie",9781789091496,ellen.csv,,,,unresolved,title:wonderland an anthology|author:regan
Ellen,"Shadow of Night (All Souls, #2)","Harkness, Deborah",9780670023486,ellen.csv,,Shadow of night,/works/OL16547544W,isbn,/works/OL16547544W
Ellen,"The Atlas Paradox (The Atlas, #2)","Blake, Olivie",9781250855121,ellen.csv,,The Atlas Paradox,/works/OL27969006W,isbn,/works/OL27969006W
Ellen,"Sword Catcher (The Chronicles of Castellane, #1)","Clare, Cassandra",9780525619994,ellen.csv,,Sword Catcher,/works/OL34029612W,isbn,/works/OL34029612W
Ellen,The Last List of Mabel Beaumont (Mabel Beaumont #1),"Pearson, Laura",9781785136054,ellen.csv,,,,unresolved,title:last list of mabel beaumont|author:pearson
Ellen,Weyward,"Hart, Emilia",9781250280800,ellen.csv,,Weyward,/works/OL27413855W,isbn,/works/OL27413855W
Ellen,The Ocean at the End of the Lane,"Gaiman, Neil",9780062255662,ellen.csv,,The Ocean at the End of the Lane,/works/OL16804661W,isbn,/works/OL16804661W
Ellen,"The Business of Death (Death Works Trilogy, #3)","Jamieson, Trent",9780733633652,ellen.csv,,,,unresolved,title:business of death|author:jamieson
Ellen,Managing Death (Death Works Trilogy #2),"Jamieson, Trent",9780316077989,ellen.csv,,Managing Death,/works/OL17392822W,isbn,/works/OL17392822W
Ellen,Once Upon a Tome: The Misadventures of a Rare Bookseller,"Darkshire, Oliver",9781324092070,ellen.csv,,Once upon a Tome,/works/OL27085874W,isbn,/works/OL27085874W
Ellen,"The Tropic of Serpents (The Memoirs of Lady Trent, #2)","Brennan, Marie",9780765331977,ellen.csv,,The tropic of serpents,/works/OL19975844W,isbn,/works/OL19975844W
Ellen,"A Witch's Guide to Fake Dating a Demon (Glimmer Falls, #1)","Hawley, Sarah",9780593547922,ellen.csv,,Witch's Guide to Fake Dating a Demon,/works/OL28356965W,isbn,/works/OL28356965W
Ellen,The Wishing Game,"Shaffer, Meg",9780593598832,ellen.csv,,The Wishing Game,/works/OL31128643W,isbn,/works/OL31128643W
Ellen,The Very Secret Society of Irregular Witches,"Mandanna, Sangu",9780593439357,ellen.csv,,The Very Secret Society of Irregular Witches,/works/OL28775218W,isbn,/works/OL28775218W
Ellen,"The League of Gentlewomen Witches (Dangerous Damsels, #2)","Holton, India",9780593200186,ellen.csv,,The League of Gentlewomen Witches,/works/OL26416351W,isbn,/works/OL26416351W
Ellen,"The Wisteria Society of Lady Scoundrels (Dangerous Damsels, #1)","Holton, India",9780593200162,ellen.csv,,The Wisteria Society of Lady Scoundrels,/works/OL24545788W,isbn,/works/OL24545788W
Ellen,The Library at Mt Char,Scott Hawkins,,ellen.csv,Additional title from original handwritten list,,,unresolved,title:library at mt char|author:hawkins
Jieyu,The Motion of the Body Through Space,"Shriver, Lionel",9780062328250,jieyu.csv,,Motion of the Body Through Space,/works/OL21609841W,isbn,/works/OL21609841W
Jieyu,The Descent of Man,"Perry, Grayson",9780241236277,jieyu.csv,,The Descent of Man,/works/OL17710835W,isbn,/works/OL17710835W
Jieyu,Status Anxiety,"de Botton, Alain",9780375725357,jieyu.csv,,Status anxiety,/works/OL15152933W,isbn,/works/OL15152933W
Jieyu,Unshrinking: How to Face Fatphobia,"Manne, Kate",9780593593844,jieyu.csv,,,,unresolved,title:unshrinking how to face fatphobia|author:manne
Jieyu,East of Eden,"Steinbeck, John",9780142000656,jieyu.csv,,East of Eden,/works/OL23166W,isbn,/works/OL23166W
Jieyu,Burn Down Master's House,"Cane, Clay",9781496759146,jieyu.csv,,Burn Down Master’s House,/works/OL45064293W,isbn,/works/OL45064293W
Jieyu,Giovanni’s Room,"Baldwin, James",9780345806567,jieyu.csv,,Giovanni's Room,/works/OL228702W,isbn,/works/OL228702W
Jieyu,The Custom of the Country,"Wharton, Edith",9780684825885,jieyu.csv,,The Custom of the Country,/works/OL98585W,isbn,/works/OL98585W
Jieyu,Glorious Exploits,"Lennon, Ferdia",9781250893697,jieyu.csv,,Glorious Exploits,/works/OL37564003W,isbn,/works/OL37564003W
Jieyu,"The Wide Wide Sea: Imperial Ambition, First Contact and the Fateful Final Voyage of Captain James Cook","Sides, Hampton",9780385544764,jieyu.csv,,Wide Wide Sea,/works/OL37564432W,isbn,/works/OL37564432W
Jieyu,Wild Dark Shore,"McConaghy, Charlotte",9781250828019,jieyu.csv,,,,same_title_as_catalog_match,/works/OL42424992W
Jieyu,Slaughterhouse-Five,"Vonnegut Jr., Kurt",,jieyu.csv,,Slaughterhouse-Five,/works/OL98459W,title_author,/works/OL98459W
Jieyu,The Gales of November: The Untold Story of the Edmund Fitzgerald,"Bacon, John U.",9781324094654,jieyu.csv,,The gales of November,/works/OL44240007W,isbn,/works/OL44240007W
Jieyu,The Radium Girls: The Dark Story of America’s Shining Women,"Moore, Kate",9781492649359,jieyu.csv,,The radium girls,/works/OL19663676W,isbn,/works/OL19663676W
Jieyu,Family of Spies,"Kuehn, Christine",9781250344465,jieyu.csv,,Family of Spies,/works/OL44588029W,isbn,/works/OL44588029W
Jieyu,Killers of the Flower Moon: The Osage Murders and the Birth of the FBI,"Grann, David",9780385534246,jieyu.csv,,Killers of the Flower Moon,/works/OL17778665W,isbn,/works/OL17778665W
Jieyu,Say Nothing: A True Story of Murder and Memory in Northern Ireland,"Keefe, Patrick Radden",9780385521314,jieyu.csv,,Say Nothing,/works/OL20153382W,isbn,/works/OL20153382W
Jieyu,"The Wager: A Tale of Shipwreck, Mutiny and Murder","Grann, David",9780385534260,jieyu.csv,,Wager,/works/OL28738217W,isbn,/works/OL28738217W
Jieyu,"The Psychology of Money: Timeless Lessons on Wealth, Greed, and Happiness","Housel, Morgan",,jieyu.csv,,,,unresolved,title:psychology of money timeless lessons on wealth greed and happiness|author:housel
Jieyu,The Song of Achilles,"Miller, Madeline",,jieyu.csv,,The Song of Achilles,/works/OL16509148W,title_author,/works/OL16509148W
Jieyu,"American Struggle: Democracy, Dissent, and the Pursuit of a More Perfect Union: An Anthology","Meacham, Jon",9780593597552,jieyu.csv,,,,unresolved,title:american struggle democracy dissent and the pursuit of a more perfect union an anthology|author:meacham
Jieyu,99 Ways to Die: And How to Avoid Them,"Alker, Ashely",9781250359643,jieyu.csv,,,,unresolved,title:99 ways to die and how to avoid them|author:alker
Jieyu,"End of Days: Ruby Ridge, the Apocalypse, and the Unmaking of America","Jennings, Chris",9780316381949,jieyu.csv,,End of Days,/works/OL45719336W,isbn,/works/OL45719336W
Jieyu,Make Believe,"Barnett, Mac",9780316607803,jieyu.csv,,,,unresolved,title:make believe|author:barnett
Jieyu,The Land and Its People,"Sedaris, David",9780316264839,jieyu.csv,,The Land and Its Peoples,/works/OL45320729W,isbn,/works/OL45320729W
Jieyu,London Falling: A Mysterious Death in a Gilded City and a Family's Search for Truth,"Keefe, Patrick Radden",9780385548533,jieyu.csv,,London Falling,/works/OL45355526W,isbn,/works/OL45355526W
Jieyu,The In-Between: Unforgettable Encounters During Life's Final Moments,"Vlahos, Hadley",9780593499931,jieyu.csv,,In-Between,/works/OL29196716W,isbn,/works/OL29196716W
Jieyu,The New Jim Crow: Mass Incarceration in the Age of Colorblindness,"Alexander, Michelle",,jieyu.csv,,,,unresolved,title:new jim crow mass incarceration in the age of colorblindness|author:alexander
Jieyu,Empire of Pain: The Secret History of the Sackler Dynasty,"Keefe, Patrick Radden",9780385545686,jieyu.csv,,Empire of Pain,/works/OL24218388W,isbn,/works/OL24218388W
Jieyu,The Fire Next Time,"Baldwin, James",9780679744726,jieyu.csv,,The fire next time,/works/OL2683364W,isbn,/works/OL2683364W
Jieyu,A Little Life,"Yanagihara, Hanya",9780385539258,jieyu.csv,,A Little Life,/works/OL17370186W,isbn,/works/OL17370186W
Jieyu,The Girl with Seven Names: A North Korean Defector's Story,"Lee, Hyeonseo",9780007554836,jieyu.csv,,The Girl with Seven Names,/works/OL20006234W,isbn,/works/OL20006234W
Jieyu,The Nightingale,"Hannah, Kristin",9780312577223,jieyu.csv,,The Nightingale,/works/OL17116910W,isbn,/works/OL17116910W
Jieyu,Under the Trestle: The 1980 Disappearance of Gina Renee Hall & Virginia’s First “No Body” Murder Trial.,"Jr., Ron Peterson",9781532063503,jieyu.csv,,,,unresolved,title:under the trestle the 1980 disappearance of gina renee hall virginia s first no body murder trial|author:jr
Jieyu,Verity,"Hoover, Colleen",,jieyu.csv,,Verity,/works/OL20068530W,title_author,/works/OL20068530W
Jieyu,I Am Pilgrim,"Hayes, Terry",9781439177723,jieyu.csv,,I am Pilgrim,/works/OL19976660W,isbn,/works/OL19976660W
Jieyu,The Shadow of the Sun,"Kapuściński, Ryszard",9780679779070,jieyu.csv,,Heban,/works/OL2424280W,isbn,/works/OL2424280W
Jieyu,"King of Kings: The Iranian Revolution—A Story of Hubris, Delusion and Catastrophic Miscalculation","Anderson, Scott",9780385548076,jieyu.csv,,King of Kings,/works/OL42400898W,isbn,/works/OL42400898W
Jieyu,"Realm of Ice and Sky: Triumph, Tragedy, and History's Greatest Arctic Rescue","Levy, Buddy",9781250289186,jieyu.csv,,Realm of Ice and Sky,/works/OL42422479W,isbn,/works/OL42422479W
Jieyu,The Zorg: A Tale of Greed and Murder That Inspired the Abolition of Slavery,"Kara, Siddharth",9781250348227,jieyu.csv,,Zorg,/works/OL42440468W,isbn,/works/OL42440468W
Jieyu,Lorne: The Man Who Invented Saturday Night Live,"Morrison, Susan",9780812988871,jieyu.csv,,,,unresolved,title:lorne the man who invented saturday night live|author:morrison
Jieyu,We the People: A History of the U.S. Constitution,"Lepore, Jill",9781631496080,jieyu.csv,,We the People,/works/OL42560511W,isbn,/works/OL42560511W
Jieyu,A Flower Traveled in My Blood,"Gilliland, Haley Cohen",9781668017142,jieyu.csv,,Flower Traveled in My Blood,/works/OL42555544W,isbn,/works/OL42555544W
Jieyu,1929: Inside the Greatest Crash in Wall Street History--and How It Shattered a Nation,"Sorkin, Andrew Ross",9780593296967,jieyu.csv,,1929,/works/OL44551395W,isbn,/works/OL44551395W
Jieyu,Original Sins: The (Mis)education of Black and Native Children and the Construction of American Racism,"Ewing, Eve L.",9780593243701,jieyu.csv,,Original Sins,/works/OL42832388W,isbn,/works/OL42832388W
Jieyu,The JFK Conspiracy: The Secret Plot to Kill Kennedy―and Why it Failed,"Meltzer, Brad",9781250790576,jieyu.csv,,JFK Conspiracy,/works/OL42400625W,isbn,/works/OL42400625W
Jieyu,Mark Twain,"Chernow, Ron",9780525561729,jieyu.csv,,Mark Twain,/works/OL43301093W,isbn,/works/OL43301093W
Jieyu,Baldwin: A Love Story,"Boggs, Nicholas",9780374178710,jieyu.csv,,Baldwin,/works/OL42424442W,isbn,/works/OL42424442W
Jieyu,Jane Austen's Bookshelf,"Romney, Rebecca",9781982190248,jieyu.csv,,Jane Austen's Bookshelf,/works/OL42334256W,isbn,/works/OL42334256W
Jieyu,The 5 Types of Wealth: A Transformative Guide to Design Your Dream Life,"Bloom, Sahil",9780593723180,jieyu.csv,,5 Types of Wealth,/works/OL42402814W,isbn,/works/OL42402814W
Jieyu,The Fort Bragg Cartel: Drug Trafficking and Murder in the Special Forces,"Harp, Seth",9780593655085,jieyu.csv,,Fort Bragg Cartel,/works/OL42553310W,isbn,/works/OL42553310W
Jieyu,Are You Mad at Me?,"Josephson, Meg",9781668082461,jieyu.csv,,Untitled MJ,/works/OL42460384W,isbn,/works/OL42460384W
Jieyu,Replaceable You: Adventures in Human Anatomy,"Roach, Mary",9781324050629,jieyu.csv,,Replaceable You,/works/OL42560428W,isbn,/works/OL42560428W
Jieyu,Black in Blues: How a Color Tells the Story of My People,"Perry, Imani",9780062977397,jieyu.csv,,Black in Blues,/works/OL42423534W,isbn,/works/OL42423534W
Jieyu,Enshittification: Why Everything Suddenly Got Worse and What to Do About It,"Doctorow, Cory",9780374619329,jieyu.csv,,Enshittification,/works/OL42455337W,isbn,/works/OL42455337W
Jieyu,No More Tears: The Dark Secrets of Johnson & Johnson,"Harris, Gardiner",9780593229866,jieyu.csv,,No More Tears,/works/OL43540519W,isbn,/works/OL43540519W
Jieyu,"The Idaho Four: An American Tragedy (James Patterson True Crime, #3)","Patterson, James",9780316572859,jieyu.csv,,The Idaho Four,/works/OL42459478W,isbn,/works/OL42459478W
Jieyu,The New Age of Sexism: How AI and Emerging Technologies Are Reinventing Misogyny,"Bates, Laura",9781464234361,jieyu.csv,,New Age of Sexism,/works/OL42394144W,isbn,/works/OL42394144W
Jieyu,Everything Is Tuberculosis: The History and Persistence of Our Deadliest Infection,"Green, John",9780525556572,jieyu.csv,,Everything Is Tuberculosis,/works/OL42401064W,isbn,/works/OL42401064W
Jieyu,Raising Hare: A Memoir,"Dalton, Chloe",9780593701843,jieyu.csv,,Raising Hare,/works/OL37927624W,isbn,/works/OL37927624W
Jieyu,My Next Breath,"Renner, Jeremy",9781250383532,jieyu.csv,,,,unresolved,title:my next breath|author:renner
Jieyu,Nobody's Girl: A Memoir of Surviving Abuse and Fighting for Justice,"Giuffre, Virginia Roberts",9780593493120,jieyu.csv,,Nobody's Girl,/works/OL44269610W,isbn,/works/OL44269610W
Jieyu,Finding My Way: A Memoir,"Yousafzai, Malala",9781668054277,jieyu.csv,,Finding My Way,/works/OL44544961W,isbn,/works/OL44544961W
Jieyu,The House of My Mother: A Daughter's Quest for Freedom,"Franke, Shari",9781668065396,jieyu.csv,,The House of My Mother,/works/OL42426601W,isbn,/works/OL42426601W
Jieyu,The Secret Book Society,"Martin, Madeline",9781335016287,jieyu.csv,,Secret Book Society,/works/OL42449531W,isbn,/works/OL42449531W
Jieyu,Broken Country,"Hall, Clare Leslie",9781668078181,jieyu.csv,,Broken Country,/works/OL42549801W,isbn,/works/OL42549801W
Jieyu,The First Witch of Boston,"Catalano, Andrea",9781662525995,jieyu.csv,,,,unresolved,title:first witch of boston|author:catalano
Jieyu,The Book Club for Troublesome Women,"Bostwick, Marie",9781400344741,jieyu.csv,,The Book Club for Troublesome Women,/works/OL42428354W,isbn,/works/OL42428354W
Jieyu,Atmosphere,"Reid, Taylor Jenkins",,jieyu.csv,,Atmosphere,/works/OL42412330W,title_author,/works/OL42412330W
Jieyu,Essentialism: The Disciplined Pursuit of Less,"McKeown, Greg",9780804137393,jieyu.csv,,,,unresolved,title:essentialism the disciplined pursuit of less|author:mckeown
Jieyu,"Work, Consumerism and the New Poor","Bauman, Zygmunt",9780335215980,jieyu.csv,,"Work, consumerism and the new poor",/works/OL527265W,isbn,/works/OL527265W
Jieyu,我的前半生,"Yi, Pu",,jieyu.csv,,,,unresolved,title:|author:yi
Jieyu,Famesick,"Dunham, Lena",9781460713051,jieyu.csv,,,,unresolved,title:famesick|author:dunham
Jieyu,Shrill: Notes from a Loud Woman,"West, Lindy",9780316348409,jieyu.csv,,Shrill,/works/OL20028150W,isbn,/works/OL20028150W
Jieyu,Brain on Fire: My Month of Madness,"Cahalan, Susannah",9781451621396,jieyu.csv,,Brain on fire,/works/OL16599694W,isbn,/works/OL16599694W
Jieyu,107 Days,"Harris, Kamala",9781668211656,jieyu.csv,,107 Days,/works/OL44053835W,isbn,/works/OL44053835W
Jieyu,A Man Called Ove,"Backman, Fredrik",9781476738017,jieyu.csv,,En man som heter Ove,/works/OL16793865W,isbn,/works/OL16793865W
Jieyu,The Correspondent,"Evans, Virginia",9780593798430,jieyu.csv,,The Correspondent,/works/OL42414694W,isbn,/works/OL42414694W
Jieyu,My Friends,"Backman, Fredrik",9781982112820,jieyu.csv,,Mina vänner,/works/OL42407794W,isbn,/works/OL42407794W
Jieyu,Behind You Is the Sea,"Darraj, Susan Muaddi",9780063324237,jieyu.csv,,Behind You Is the Sea,/works/OL37563845W,isbn,/works/OL37563845W
Jieyu,Good People,"Sabit, Patmeena",9780593801062,jieyu.csv,,Good People,/works/OL45064403W,isbn,/works/OL45064403W
Jieyu,These Impossible Things,"El-Wardany, Salma",9781538709306,jieyu.csv,,These Impossible Things,/works/OL26602239W,isbn,/works/OL26602239W
Jieyu,House of Splinters,"Purcell, Laura",9781526627230,jieyu.csv,,,,unresolved,title:house of splinters|author:purcell
Jieyu,Cleo Dang Would Rather Be Dead,"Nguyen, Mai",9781668080863,jieyu.csv,,,,unresolved,title:cleo dang would rather be dead|author:nguyen
Jieyu,Wild: From Lost to Found on the Pacific Crest Trail,"Strayed, Cheryl",9780307592736,jieyu.csv,,Wild,/works/OL16142316W,isbn,/works/OL16142316W
Jieyu,We Don't Talk About Carol,"Berry, Kristen L.",9780593974438,jieyu.csv,,We Don't Talk about Carol,/works/OL42538414W,isbn,/works/OL42538414W
Jieyu,The Road to Tender Hearts,"Hartnett, Annie",9780593873441,jieyu.csv,,Road to Tender Hearts,/works/OL42426132W,isbn,/works/OL42426132W
Jieyu,Spinning Silver,"Novik, Naomi",,jieyu.csv,,Spinning Silver,/works/OL19145737W,title_author,/works/OL19145737W
Jieyu,The Terror,"Simmons, Dan",9780316017442,jieyu.csv,,The Terror,/works/OL1963316W,isbn,/works/OL1963316W
Jieyu,Strangers: A Memoir of Marriage,"Burden, Belle",9780593733318,jieyu.csv,,Strangers,/works/OL44815782W,isbn,/works/OL44815782W
Jieyu,The Wind Knows My Name,"Allende, Isabel",9780593598108,jieyu.csv,,El viento conoce mi nombre,/works/OL34761559W,isbn,/works/OL34761559W
Jieyu,John of John,"Stuart, Douglas",9780802167194,jieyu.csv,,John of John,/works/OL45691929W,isbn,/works/OL45691929W
Jieyu,When the Forest Breathes: Renewal and Resilience in the Natural World,"Simard, Suzanne",9780593318683,jieyu.csv,,,,unresolved,title:when the forest breathes renewal and resilience in the natural world|author:simard
Jieyu,North Woods,"Mason, Daniel",,jieyu.csv,,North Woods,/works/OL34028309W,title_author,/works/OL34028309W
Jieyu,The God of the Woods,"Moore, Liz",,jieyu.csv,,The God of the Woods,/works/OL37827517W,title_author,/works/OL37827517W
Jieyu,"Dungeon Crawler Carl (Dungeon Crawler Carl, #1)","Dinniman, Matt",9780593820247,jieyu.csv,,Dungeon Crawler Carl,/works/OL24593432W,isbn,/works/OL24593432W
Jieyu,The Book of Doors,"Brown, Gareth",9780063323995,jieyu.csv,,The Book of Doors,/works/OL37568021W,isbn,/works/OL37568021W
Jieyu,Dinner for Vampires: Life on a Cult TV Show,"Lenz, Bethany Joy",9781668067307,jieyu.csv,,Dinner for Vampires,/works/OL37944807W,isbn,/works/OL37944807W
Jieyu,The Everlasting,"Harrow, Alix E.",9781250799104,jieyu.csv,,The Everlasting,/works/OL44495442W,isbn,/works/OL44495442W
Jieyu,A Woman Among Wolves: My Journey Through Forty Years of Wolf Recovery,"Boyd, Diane K",9781778401138,jieyu.csv,,Woman among Wolves,/works/OL37862468W,isbn,/works/OL37862468W
Jieyu,The Master and His Emissary: The Divided Brain and the Making of the Western World,"McGilchrist, Iain",9780300148787,jieyu.csv,,The Master and his Emissary,/works/OL5069829W,isbn,/works/OL5069829W
Jieyu,Blindness,"Saramago, José",,jieyu.csv,,,,unresolved,title:blindness|author:saramago
Jieyu,The Denial of Death,"Becker, Ernest",,jieyu.csv,,The Denial of Death,/works/OL154572W,title_author,/works/OL154572W
Jieyu,The Gate of Heavenly Peace: The Chinese and Their Revolution,"Spence, Jonathan D.",9780140062793,jieyu.csv,,The Gate of Heavenly Peace,/works/OL1842802W,isbn,/works/OL1842802W
Jieyu,Kindred,"Butler, Octavia E.",9780807083697,jieyu.csv,,Kindred,/works/OL35616W,isbn,/works/OL35616W
Jieyu,"Parable of the Sower (Earthseed, #1)","Butler, Octavia E.",9780446675505,jieyu.csv,,Parable of the Sower,/works/OL35623W,isbn,/works/OL35623W
Jieyu,Eleanor Oliphant Is Completely Fine,"Honeyman, Gail",9780008172145,jieyu.csv,,Eleanor Oliphant Is Completely Fine,/works/OL20680779W,isbn,/works/OL20680779W
Jieyu,Wild Swans: Three Daughters of China,"Chang, Jung",,jieyu.csv,,,,unresolved,title:wild swans three daughters of china|author:chang
Jieyu,Como agua para chocolate,"Esquivel, Laura",9780385721233,jieyu.csv,,Como agua para chocolate,/works/OL953162W,isbn,/works/OL953162W
Jieyu,The Books of Jacob,"Tokarczuk, Olga",,jieyu.csv,,,,unresolved,title:books of jacob|author:tokarczuk
Jieyu,The End of Love: A Sociology of Negative Relations,"Illouz, Eva",9780190914639,jieyu.csv,,Unloving,/works/OL21651628W,isbn,/works/OL21651628W
Jieyu,Mad Honey,"Picoult, Jodi",9781984818386,jieyu.csv,,Mad Honey,/works/OL27042824W,isbn,/works/OL27042824W
Jieyu,Wesley the Owl: The Remarkable Love Story of an Owl and His Girl,"O'Brien, Stacey",9781416551737,jieyu.csv,,Wesley the owl,/works/OL9740783W,isbn,/works/OL9740783W
Jieyu,I Who Have Never Known Men,"Harpman, Jacqueline",9781945492600,jieyu.csv,,Moi qui n'ai pas connu les hommes,/works/OL102360W,isbn,/works/OL102360W
Jieyu,Feynman's Rainbow: A Search for Beauty in Physics and in Life,"Mlodinow, Leonard",9780446692519,jieyu.csv,,Feynman's Rainbow,/works/OL7986162W,isbn,/works/OL7986162W
Jieyu,Shattered Assumptions,"Janoff-Bulman, Ronnie",9780743236256,jieyu.csv,,Shattered assumptions,/works/OL4111159W,isbn,/works/OL4111159W
Jieyu,Social Justice Fallacies,"Sowell, Thomas",9781541603929,jieyu.csv,,Social Justice Fallacies,/works/OL31146632W,isbn,/works/OL31146632W
Jieyu,Mind Children: The Future of Robot and Human Intelligence,"Moravec, Hans",9780674576186,jieyu.csv,,Mind children,/works/OL8003283W,isbn,/works/OL8003283W
Jieyu,How Life Works: A User’s Guide to the New Biology,"Ball, Philip",9780226826684,jieyu.csv,,How Life Works,/works/OL35775978W,isbn,/works/OL35775978W
Jieyu,Limitarianism: The Case Against Extreme Wealth,"Robeyns, Ingrid",9780241578193,jieyu.csv,,Limitarianism,/works/OL37571667W,isbn,/works/OL37571667W
Jieyu,In Search of Lost Time,"Proust, Marcel",9780812969641,jieyu.csv,,À la recherche du temps perdu,/works/OL1190289W,isbn,/works/OL1190289W
Jieyu,The Bookshop: A History of the American Bookstore,"Friss, Evan",9780593299920,jieyu.csv,,The Bookshop,/works/OL37857549W,isbn,/works/OL37857549W
Jieyu,The Wives: A Memoir,"Gorrindo, Simone",9781982178499,jieyu.csv,,Wives,/works/OL37612357W,isbn,/works/OL37612357W
Jieyu,Knife: Meditations After an Attempted Murder,"Rushdie, Salman",9780593730249,jieyu.csv,,Knife,/works/OL36870164W,isbn,/works/OL36870164W
Jieyu,From Here to the Great Unknown,"Presley, Lisa Marie",9780593733875,jieyu.csv,,Untitled Memoir,/works/OL37828254W,isbn,/works/OL37828254W
Jieyu,The Third Gilmore Girl: A Memoir,"Bishop, Kelly",9781668023778,jieyu.csv,,Third Gilmore Girl,/works/OL37885098W,isbn,/works/OL37885098W
Jieyu,Supercommunicators: How to Unlock the Secret Language of Connection,"Duhigg, Charles",9780593243916,jieyu.csv,,Supercommunicators,/works/OL37564042W,isbn,/works/OL37564042W
Jieyu,Feel-Good Productivity: How to Do More of What Matters to You,"Abdaal, Ali",9781250865038,jieyu.csv,,Untitled Abdaal Nonfiction Fall 2023,/works/OL34082920W,isbn,/works/OL34082920W
Jieyu,Framed: Astonishing True Stories of Wrongful Convictions,"Grisham, John",9780385550444,jieyu.csv,,Framed,/works/OL38013880W,isbn,/works/OL38013880W
Jieyu,Rat City: Overcrowding and Urban Derangement in the Rodent Universes of John B. Calhoun,"Adams, Jon",9781685890995,jieyu.csv,,Rat City,/works/OL37863299W,isbn,/works/OL37863299W
Jieyu,"One Step Sideways, Three Steps Forward: One Woman’s Path to Becoming a Biologist","Grant, B. Rosemary",9780691260594,jieyu.csv,,"One Step Sideways, Three Steps Forward",/works/OL37569403W,isbn,/works/OL37569403W
Jieyu,Outlive: The Science & Art of Longevity,"Attia, Peter",9780593236598,jieyu.csv,,Outlive,/works/OL28148070W,isbn,/works/OL28148070W
Jieyu,What an Owl Knows: The New Science of the World's Most Enigmatic Birds,"Ackerman, Jennifer",9780593298886,jieyu.csv,,What an Owl Knows,/works/OL29214819W,isbn,/works/OL29214819W
Jieyu,Otherlands: A Journey Through Earth's Extinct Worlds,"Halliday, Thomas",9780593132883,jieyu.csv,,Otherlands,/works/OL24831204W,isbn,/works/OL24831204W
Jieyu,Meditations for Mortals: Four Weeks to Embrace Your Limitations and Make Time for What Counts,"Burkeman, Oliver",9780374611996,jieyu.csv,,Meditations for Mortals,/works/OL37584288W,isbn,/works/OL37584288W
Jieyu,The Tipping Point: How Little Things Can Make a Big Difference,"Gladwell, Malcolm",,jieyu.csv,,,,unresolved,title:tipping point how little things can make a big difference|author:gladwell
Jieyu,I'm Sorry for My Loss: An Urgent Examination of Reproductive Care in America,"Long, Rebecca Little and Collee",9781728292755,jieyu.csv,,I'm Sorry for My Loss,/works/OL37577934W,isbn,/works/OL37577934W
Jieyu,Nexus: A Brief History of Information Networks from the Stone Age to AI,"Harari, Yuval Noah",9780593734223,jieyu.csv,,Nexus,/works/OL37826293W,isbn,/works/OL37826293W
Jieyu,Alias Grace,"Atwood, Margaret",9780385475716,jieyu.csv,,alias Grace,/works/OL675834W,isbn,/works/OL675834W
Jieyu,Lying on the Couch,"Yalom, Irvin D.",9780060928513,jieyu.csv,,Lying on the Couch,/works/OL2680432W,isbn,/works/OL2680432W
Jieyu,Personal History: A Memoir,"Graham, Katharine",9780375701047,jieyu.csv,,Personal history,/works/OL3353250W,isbn,/works/OL3353250W
Jieyu,The 4-Hour Workweek,"Ferriss, Timothy",9780307353139,jieyu.csv,,The 4-Hour Workweek,/works/OL3353439W,isbn,/works/OL3353439W
Jieyu,"Motherhood on Ice: The Mating Gap and Why Women Freeze Their Eggs (Anthropologies of American Medicine: Culture, Power, and Practice, 10)","Inhorn, Marcia C",9781479813049,jieyu.csv,,Motherhood on Ice,/works/OL29183234W,isbn,/works/OL29183234W
Jieyu,"Mortal Secrets: Freud, Vienna, and the Discovery of the Modern Mind","Tallis, Frank",9781250288967,jieyu.csv,,Mortal Secrets,/works/OL37575014W,isbn,/works/OL37575014W
Jieyu,Owls of the Eastern Ice: A Quest to Find and Save the World's Largest Owl,"Slaght, Jonathan C.",9780374228484,jieyu.csv,,Owls of the Eastern Ice,/works/OL20920004W,isbn,/works/OL20920004W
Jieyu,The Gone Room: A Memoir,"Owen, Eleanor",,jieyu.csv,,,,unresolved,title:gone room a memoir|author:owen
Jieyu,Breaking Through: My Life in Science,"Karikó, Katalin",9780593443163,jieyu.csv,,Breaking Through,/works/OL34454903W,isbn,/works/OL34454903W
Jieyu,Exercised: Why Something We Never Evolved to Do Is Healthy and Rewarding,"Lieberman, Daniel E.",9781524746988,jieyu.csv,,Exercised,/works/OL21800587W,isbn,/works/OL21800587W
Jieyu,Neurosis and Human Growth: The Struggle Towards Self-Realization,"Horney, Karen",9780393307757,jieyu.csv,,Neurosis and human growth,/works/OL98946W,isbn,/works/OL98946W
Jieyu,The Six: The Untold Story of America's First Women Astronauts,"Grush, Loren",9781982172800,jieyu.csv,,The Six,/works/OL28019899W,isbn,/works/OL28019899W
Jieyu,"Curtain (Hercule Poirot, #44)","Christie, Agatha",9780425173749,jieyu.csv,,Curtain,/works/OL472470W,isbn,/works/OL472470W
Jieyu,Lessons in Chemistry,"Garmus, Bonnie",,jieyu.csv,,Lessons in Chemistry,/works/OL25344431W,title_author,/works/OL25344431W
Jieyu,The Omnivore's Dilemma: A Natural History of Four Meals,"Pollan, Michael",9781594200823,jieyu.csv,,Omnivore's Dilemma. A Natural History of Four Meals,/works/OL3296483W,isbn,/works/OL3296483W
Jieyu,The Living Mountain,"Shepherd, Nan",,jieyu.csv,,The living mountain,/works/OL12862894W,title_author,/works/OL12862894W
Jieyu,Animal Liberation,"Singer, Peter",9780060011574,jieyu.csv,,Animal Liberation,/works/OL936839W,isbn,/works/OL936839W
Jieyu,In Control: Dangerous Relationships and How They End in Murder,"Monckton-Smith, Jane",9781526613202,jieyu.csv,,In Control,/works/OL21705526W,isbn,/works/OL21705526W
Jieyu,No Visible Bruises: What We Don’t Know About Domestic Violence Can Kill Us,"Snyder, Rachel Louise",,jieyu.csv,,,,unresolved,title:no visible bruises what we don t know about domestic violence can kill us|author:snyder
Jieyu,The Heart Is a Lonely Hunter,"McCullers, Carson",9780618084746,jieyu.csv,,The Heart is a Lonely Hunter,/works/OL11081469W,isbn,/works/OL11081469W
Jieyu,The Complete Stories,"O'Connor, Flannery",,jieyu.csv,,The Complete Stories,/works/OL65292W,title_author,/works/OL65292W
Jieyu,"The Exceptions: Nancy Hopkins, MIT, and the Fight for Women in Science","Zernike, Kate",9781982131838,jieyu.csv,,The Exceptions,/works/OL28402636W,isbn,/works/OL28402636W
Jieyu,"Sensitive: The Hidden Power of the Highly Sensitive Person in a Loud, Fast, Too-Much World","Granneman, Jenn",9780593235010,jieyu.csv,,Sensitive,/works/OL28455975W,isbn,/works/OL28455975W
Jieyu,In Search of Memory: The Emergence of a New Science of Mind,"Kandel, Eric R.",,jieyu.csv,,,,unresolved,title:in search of memory the emergence of a new science of mind|author:kandel
Jieyu,How to Keep House While Drowning,"Davis, K.C.",9781668002858,jieyu.csv,,How to Keep House While Drowning,/works/OL26660798W,isbn,/works/OL26660798W
Jieyu,Consciousness and the Social Brain,"Graziano, Michael S.A.",9780199928644,jieyu.csv,,Consciousness and the Social Brain,/works/OL16812481W,isbn,/works/OL16812481W
Jieyu,Small World: An Academic Romance,"Lodge, David",9780140072655,jieyu.csv,,Small World,/works/OL2916816W,isbn,/works/OL2916816W
Jieyu,Quiet: The Power of Introverts in a World That Can't Stop Talking,"Cain, Susan",9780307352149,jieyu.csv,,Quiet,/works/OL16484595W,isbn,/works/OL16484595W
Jieyu,A Woman Is No Man,"Rum, Etaf",9780062699763,jieyu.csv,,A Woman Is No Man,/works/OL20152974W,isbn,/works/OL20152974W
Jieyu,’Salem’s Lot,"King, Stephen",9780450031069,jieyu.csv,,'Salem’s Lot,/works/OL81632W,isbn,/works/OL81632W
Jieyu,"Things We Never Got Over (Knockemout, #1)","Score, Lucy",9781945631849,jieyu.csv,,Things We Never Got Over,/works/OL26955716W,isbn,/works/OL26955716W
Jieyu,Babel,"Kuang, R.F.",9780063021426,jieyu.csv,,Babel,/works/OL26443093W,isbn,/works/OL26443093W
Jieyu,Bullshit Jobs: A Theory,"Graeber, David",9781501143311,jieyu.csv,,Bullshit Jobs,/works/OL20153626W,isbn,/works/OL20153626W
Jieyu,"The Color Purple (The Color Purple, #1)","Walker, Alice",,jieyu.csv,,,,same_title_as_catalog_match,/works/OL273644W
Jieyu,"Deadhouse Gates (Malazan Book of the Fallen, #2)","Erikson, Steven",9780765310026,jieyu.csv,,"Deadhouse Gates (The Malazan Book of the Fallen, Book 2)",/works/OL5734770W,isbn,/works/OL5734770W
Jieyu,Carrie Soto Is Back,"Reid, Taylor Jenkins",9780593158685,jieyu.csv,,Carrie Soto Is Back,/works/OL27305925W,isbn,/works/OL27305925W
Jieyu,Remarkably Bright Creatures,"Van Pelt, Shelby",9780063204157,jieyu.csv,,Remarkably Bright Creatures,/works/OL25382083W,isbn,/works/OL25382083W
Jieyu,"The Chosen: The Hidden History of Admission and Exclusion at Harvard, Yale, and Princeton – A Landmark History of Elite College Merit and American Opportunity","Karabel, Jerome",9780618773558,jieyu.csv,,The Chosen,/works/OL8002189W,isbn,/works/OL8002189W
Jieyu,Into Thin Air: A Personal Account of the Mt. Everest Disaster,"Krakauer, Jon",,jieyu.csv,,,,unresolved,title:into thin air a personal account of the mt everest disaster|author:krakauer
Jieyu,Nine Stories,"Salinger, J.D.",9780316767729,jieyu.csv,,Nine Stories,/works/OL3335290W,isbn,/works/OL3335290W
Jieyu,The Left Hand of Darkness,"Le Guin, Ursula K.",,jieyu.csv,,The Left Hand of Darkness,/works/OL59800W,title_author,/works/OL59800W
Jieyu,To the Lighthouse,"Woolf, Virginia",,jieyu.csv,,To the Lighthouse,/works/OL39396W,title_author,/works/OL39396W
Jieyu,Chronicle of a Death Foretold,"García Márquez, Gabriel",9781400034710,jieyu.csv,,Crónica de una muerte anunciada,/works/OL274574W,isbn,/works/OL274574W
Jieyu,Steppenwolf,"Hesse, Hermann",9780140282580,jieyu.csv,,Der Steppenwolf,/works/OL872773W,isbn,/works/OL872773W
Jieyu,On Earth We're Briefly Gorgeous,"Vuong, Ocean",9780525562023,jieyu.csv,,On Earth We're Briefly Gorgeous,/works/OL20783698W,isbn,/works/OL20783698W
Jieyu,The Remains of the Day,"Ishiguro, Kazuo",,jieyu.csv,,The Remains of the Day,/works/OL59048W,title_author,/works/OL59048W
Jieyu,Madame Bovary,"Flaubert, Gustave",9780192840394,jieyu.csv,,Madame Bovary,/works/OL893707W,isbn,/works/OL893707W
Jieyu,Cat’s Cradle,"Vonnegut Jr., Kurt",,jieyu.csv,,Cat's Cradle,/works/OL98454W,title_author,/works/OL98454W
Jieyu,Circe,"Miller, Madeline",9780316556347,jieyu.csv,,Circe,/works/OL18012166W,isbn,/works/OL18012166W
Jieyu,Modernity and the Holocaust,"Bauman, Zygmunt",9780801487194,jieyu.csv,,Modernity and the Holocaust,/works/OL527275W,isbn,/works/OL527275W
Jieyu,"The Letters, 1830-1880","Brookner, Anita",9780330488471,jieyu.csv,,The Letters of Gustave Flaubert 1830-1880,/works/OL893873W,isbn,/works/OL893873W
Jieyu,Catch-22,"Heller, Joseph",9780684833392,jieyu.csv,,Catch-22,/works/OL276798W,isbn,/works/OL276798W
Jieyu,The Chinese in America: A Narrative History,"Chang, Iris",9780142004173,jieyu.csv,,The Chinese in America,/works/OL2686148W,isbn,/works/OL2686148W
Jieyu,Long Way Down,"Reynolds, Jason",9781481438254,jieyu.csv,,Long Way Down,/works/OL17854694W,isbn,/works/OL17854694W
Jieyu,Anti-Intellectualism in American Life,"Hofstadter, Richard",9780394703176,jieyu.csv,,Anti-intellectualism in American life,/works/OL16445795W,isbn,/works/OL16445795W
Jieyu,Brideshead Revisited,"Waugh, Evelyn",9780316926348,jieyu.csv,,Brideshead Revisited,/works/OL5721394W,isbn,/works/OL5721394W
Jieyu,The Conquest of Happiness,"Russell, Bertrand",9780415378475,jieyu.csv,,The conquest of happiness,/works/OL1088568W,isbn,/works/OL1088568W
Jieyu,Lessons in Stoicism: What Ancient Philosophers Teach Us About How to Live,"Sellars, John",9780241382776,jieyu.csv,,Lessons in Stoicism,/works/OL20903170W,isbn,/works/OL20903170W
Jieyu,The Outsiders,"Hinton, S.E.",9780670532575,jieyu.csv,,The Outsiders,/works/OL2718328W,isbn,/works/OL2718328W
Jieyu,Women At Point Zero,"El Saadawi, Nawal",,jieyu.csv,,Women at point Zero,/works/OL17335709W,title_author,/works/OL17335709W
Jieyu,The How of Happiness: A Scientific Approach to Getting the Life You Want,"Lyubomirsky, Sonja",9781594201486,jieyu.csv,,The how of happiness,/works/OL15837070W,isbn,/works/OL15837070W
Jieyu,"Gödel, Escher, Bach: An Eternal Golden Braid","Hofstadter, Douglas R.",9780465026562,jieyu.csv,,"Gödel, Escher, Bach",/works/OL716850W,isbn,/works/OL716850W
Jieyu,All About Love: New Visions,"hooks, bell",9780688168445,jieyu.csv,,All About Love,/works/OL31111W,isbn,/works/OL31111W
Jieyu,A Crack in Creation: Gene Editing and the Unthinkable Power to Control Evolution,"Doudna, Jennifer A.",9780544716940,jieyu.csv,,A Crack in Creation,/works/OL17765779W,isbn,/works/OL17765779W
Jieyu,Four Thousand Weeks: Time Management for Mortals,"Burkeman, Oliver",9780374159122,jieyu.csv,,Four Thousand Weeks,/works/OL22355777W,isbn,/works/OL22355777W
Jieyu,Human Acts,"Han, Kang",9781101906729,jieyu.csv,,소년이 온다,/works/OL17764836W,isbn,/works/OL17764836W
Jieyu,The Language Game: How Improvisation Created Language and Changed the World,"Christiansen, Morten H.",9781541674981,jieyu.csv,,Language Game,/works/OL25344430W,isbn,/works/OL25344430W
Jieyu,Notes on Grief,"Adichie, Chimamanda Ngozi",9780593320808,jieyu.csv,,Notes on Grief,/works/OL24494910W,isbn,/works/OL24494910W
Jieyu,Rhythms of the Brain,"Buzsáki, György",9780195301069,jieyu.csv,,Rhythms of the Brain,/works/OL8005585W,isbn,/works/OL8005585W
Jieyu,The Secret Perfume of Birds: Uncovering the Science of Avian Scent,"Whittaker, Danielle J.",9781421443485,jieyu.csv,,Secret Perfume of Birds,/works/OL25338025W,isbn,/works/OL25338025W
Jieyu,The Number Sense: How the Mind Creates Mathematics,"Dehaene, Stanislas",9780195132403,jieyu.csv,,The Number Sense,/works/OL2862977W,isbn,/works/OL2862977W
Jieyu,Metaphors We Live By,"Lakoff, George",9780226468013,jieyu.csv,,Metaphors We Live By,/works/OL1952983W,isbn,/works/OL1952983W
Jieyu,Journey of the Mind: How Thinking Emerged from Chaos,"Ogas, Ogi",9781324006589,jieyu.csv,,Journey of the Mind,/works/OL25336370W,isbn,/works/OL25336370W
Jieyu,Heartbreak: A Personal and Scientific Journey,"Williams, Florence",9781324003489,jieyu.csv,,Heartbreak,/works/OL25336367W,isbn,/works/OL25336367W
Jieyu,Beloved,"Morrison, Toni",,jieyu.csv,,Beloved,/works/OL50548W,title_author,/works/OL50548W
Jieyu,The Noonday Demon: An Atlas of Depression,"Solomon, Andrew",9780684854670,jieyu.csv,,The Noonday Demon,/works/OL3457531W,isbn,/works/OL3457531W
Jieyu,The Road,"McCarthy, Cormac",9780307265432,jieyu.csv,,The Road,/works/OL40873W,isbn,/works/OL40873W
Jieyu,Cloud Cuckoo Land,"Doerr, Anthony",9781982168438,jieyu.csv,,Cloud Cuckoo Land,/works/OL24164954W,isbn,/works/OL24164954W
Jieyu,The Origins of Totalitarianism,"Arendt, Hannah",,jieyu.csv,,The Origins of Totalitarianism,/works/OL10460640W,title_author,/works/OL10460640W
Jieyu,2666,"Bolaño, Roberto",9788433968678,jieyu.csv,,2666,/works/OL712025W,isbn,/works/OL712025W
Jieyu,The Book of Hope: A Survival Guide for Trying Times,"Goodall, Jane",9781250784094,jieyu.csv,,The Book of Hope,/works/OL24703910W,isbn,/works/OL24703910W
Jieyu,The Anthropocene Reviewed: Essays on a Human-Centered Planet,"Green, John",9780525555216,jieyu.csv,,The Anthropocene Reviewed,/works/OL22425473W,isbn,/works/OL22425473W
Jieyu,The Gifts of Imperfection,"Brown, Brené",9781592858491,jieyu.csv,,The Gifts of Imperfection,/works/OL16010306W,isbn,/works/OL16010306W
Jieyu,Severance,"Ma, Ling",9780374261597,jieyu.csv,,Severance,/works/OL19748973W,isbn,/works/OL19748973W
Jieyu,The Inner Game of Tennis: The Classic Guide to the Mental Side of Peak Performance,"Gallwey, W. Timothy",9780679778318,jieyu.csv,,The Inner Game of Tennis,/works/OL2619508W,isbn,/works/OL2619508W
Jieyu,The Narrow Road to the Deep North,"Flanagan, Richard",,jieyu.csv,,The Narrow Road to the Deep North,/works/OL17064845W,title_author,/works/OL17064845W
Jieyu,The Republic,Plato,9780140449143,jieyu.csv,,πολιτεία,/works/OL51831W,isbn,/works/OL51831W
Jieyu,An Enquiry Concerning Human Understanding,"Hume, David",9781420926996,jieyu.csv,,Philosophical essays concerning human understanding,/works/OL93547W,isbn,/works/OL93547W
Jieyu,Pachinko,"Lee, Min Jin",,jieyu.csv,,Pachinko,/works/OL17762217W,title_author,/works/OL17762217W
Jieyu,Before I Go to Sleep,"Watson, S.J.",9780062060556,jieyu.csv,,Before I Go to Sleep,/works/OL15741833W,isbn,/works/OL15741833W
Jieyu,Primeval and Other Times,"Tokarczuk, Olga",9788086264356,jieyu.csv,,Prawiek i inne czasy,/works/OL2097683W,isbn,/works/OL2097683W
Jieyu,"Women, Fire, and Dangerous Things: What Categories Reveal About the Mind","Lakoff, George",9780226468044,jieyu.csv,,"Women, fire, and dangerous things",/works/OL1953002W,isbn,/works/OL1953002W
Jieyu,The Sense of Style: The Thinking Person's Guide to Writing in the 21st Century,"Pinker, Steven",9780670025855,jieyu.csv,,The Sense of Style,/works/OL17198080W,isbn,/works/OL17198080W
Jieyu,The Sleeping Beauties: And Other Stories of Mystery Illness,"O'Sullivan, Suzanne",9781524748371,jieyu.csv,,The Sleeping Beauties,/works/OL24520261W,isbn,/works/OL24520261W
Jieyu,Projections: A Story of Human Emotions,"Deisseroth, Karl",9781984853691,jieyu.csv,,Projections,/works/OL24607590W,isbn,/works/OL24607590W
Jieyu,Consciousness: Confessions of a Romantic Reductionist,"Koch, Christof",9780262017497,jieyu.csv,,Consciousness,/works/OL16184463W,isbn,/works/OL16184463W
Jieyu,The Feeling of Life Itself: Why Consciousness Is Widespread but Can't Be Computed,"Koch, Christof",9780262042819,jieyu.csv,,The Feeling of Life Itself,/works/OL20674245W,isbn,/works/OL20674245W
Jieyu,When Nietzsche Wept,"Yalom, Irvin D.",9780060748128,jieyu.csv,,When Nietzsche Wept,/works/OL2680436W,isbn,/works/OL2680436W
Jieyu,Biological Exuberance: Animal Homosexuality and Natural Diversity,"Bagemihl, Bruce",9781861971821,jieyu.csv,,Biological exuberance,/works/OL1919935W,isbn,/works/OL1919935W
Jieyu,William James: In the Maelstrom of American Modernism,"Richardson Jr., Robert D.",9780618433254,jieyu.csv,,William James,/works/OL3509787W,isbn,/works/OL3509787W
Jieyu,"Time, Love, Memory: A Great Biologist and His Quest for the Origins of Behavior","Weiner, Jonathan",9780679763901,jieyu.csv,,"Time, love, memory",/works/OL15845535W,isbn,/works/OL15845535W
Jieyu,Spilled Milk: Based on a True Story,"Randis, K.L.",,jieyu.csv,,,,unresolved,title:spilled milk based on a true story|author:randis
Jieyu,My Remarkable Journey,"Johnson, Katherine G.",9780063090675,jieyu.csv,,My Remarkable Journey,/works/OL24522076W,isbn,/works/OL24522076W
Jieyu,Under a White Sky: The Nature of the Future,"Kolbert, Elizabeth",9780593136270,jieyu.csv,,Under a White Sky,/works/OL22857877W,isbn,/works/OL22857877W
Jieyu,Mission Economy: A Moonshot Guide to Changing Capitalism,"Mazzucato, Mariana",9780241435311,jieyu.csv,,Mission Economy,/works/OL21907327W,isbn,/works/OL21907327W
Jieyu,The Gulag Archipelago 1918–1956,"Solzhenitsyn, Aleksandr",9780060007768,jieyu.csv,,Архипелаг ГУЛАГ,/works/OL272388W,isbn,/works/OL272388W
Jieyu,The Will to Power,"Nietzsche, Friedrich",9780394704371,jieyu.csv,,Wille zur Macht,/works/OL15692701W,isbn,/works/OL15692701W
Jieyu,The Interpretation of Dreams,"Freud, Sigmund",9781566195768,jieyu.csv,,The Interpretation of Dreams,/works/OL24227711W,isbn,/works/OL24227711W
Jieyu,Panzram: A Journal of Murder,"Gaddis, Thomas E.",9781878923141,jieyu.csv,,Killer,/works/OL5044993W,isbn,/works/OL5044993W
Jieyu,How Confidence Works: The new science of self-belief,"Robertson, Ian H.",9781787633728,jieyu.csv,,How Confidence Works,/works/OL25224820W,isbn,/works/OL25224820W
Jieyu,The Painful Truth: The New Science of Why We Hurt and How We can Heal,"Lyman, Monty",9781787630543,jieyu.csv,,Painful Truth,/works/OL25268311W,isbn,/works/OL25268311W
Jieyu,"Never Eat Alone: And Other Secrets to Success, One Relationship at a Time","Ferrazzi, Keith",9780385512053,jieyu.csv,,Never Eat Alone,/works/OL15169845W,isbn,/works/OL15169845W
Jieyu,The Hidden Spring: A Journey to the Source of Consciousness,"Solms, Mark",9780393542011,jieyu.csv,,Hidden Spring,/works/OL22037613W,isbn,/works/OL22037613W
Jieyu,Beyond Words: What Animals Think and Feel,"Safina, Carl",9780805098884,jieyu.csv,,Beyond words,/works/OL20006195W,isbn,/works/OL20006195W
Jieyu,On Aggression,"Lorenz, Konrad",9780156687416,jieyu.csv,,On Aggresion,/works/OL3506034W,isbn,/works/OL3506034W
Jieyu,Transcendent Kingdom,"Gyasi, Yaa",,jieyu.csv,,Transcendent Kingdom,/works/OL20760225W,title_author,/works/OL20760225W
Jieyu,How to Argue With a Racist: What Our Genes Do (and Don't) Say About Human Difference,"Rutherford, Adam",9781615196715,jieyu.csv,,How to Argue With a Racist,/works/OL20827389W,isbn,/works/OL20827389W
Jieyu,Caste: The Origins of Our Discontents,"Wilkerson, Isabel",9780593230251,jieyu.csv,,Caste,/works/OL20878310W,isbn,/works/OL20878310W
Jieyu,A Promised Land,"Obama, Barack",9781524763169,jieyu.csv,,A Promised Land,/works/OL22235242W,isbn,/works/OL22235242W
Jieyu,Hood Feminism: Notes from the Women That a Movement Forgot,"Kendall, Mikki",9780525560548,jieyu.csv,,Hood Feminism,/works/OL20652336W,isbn,/works/OL20652336W
Jieyu,"Stamped: Racism, Antiracism, and You","Reynolds, Jason",9780316453691,jieyu.csv,,Stamped,/works/OL20652384W,isbn,/works/OL20652384W
Jieyu,The War on Normal People: The Truth About America's Disappearing Jobs and Why Universal Basic Income Is Our Future,"Yang, Andrew",9780316414241,jieyu.csv,,The war on normal people,/works/OL19747355W,isbn,/works/OL19747355W
Jieyu,Tractatus Logico-Philosophicus,"Wittgenstein, Ludwig",9780415254083,jieyu.csv,,Tractatus logico-philosophicus,/works/OL1410381W,isbn,/works/OL1410381W
Jieyu,Stamped from the Beginning: The Definitive History of Racist Ideas in America,"Kendi, Ibram X.",9781568584638,jieyu.csv,,Stamped from the Beginning,/works/OL17592859W,isbn,/works/OL17592859W
Jieyu,Meditations,Marcus Aurelius,9780140449334,jieyu.csv,,Meditations,/works/OL1317211W,isbn,/works/OL1317211W
Jieyu,Why Are All The Black Kids Sitting Together in the Cafeteria?,"Tatum, Beverly Daniel",9780465083619,jieyu.csv,,"""Why are all the Black kids sitting together in the cafeteria?"" and other conversations about race",/works/OL2683670W,isbn,/works/OL2683670W
Jieyu,"The Da Vinci Code (Robert Langdon, #2)","Brown, Dan",,jieyu.csv,,,,unresolved,title:da vinci code|author:brown
Jieyu,The Book Thief,"Zusak, Markus",,jieyu.csv,,The Book Thief,/works/OL5819456W,title_author,/works/OL5819456W
Jieyu,The Idea of the Brain: The Past and Future of Neuroscience,"Cobb, Matthew",9781541646858,jieyu.csv,,The Idea of the Brain: The Past and Future of Neuroscience,/works/OL20687876W,isbn,/works/OL20687876W
Jieyu,Over the Top: A Raw Journey to Self-Love,"Van Ness, Jonathan",9780062906373,jieyu.csv,,Over the Top,/works/OL20140625W,isbn,/works/OL20140625W
Jieyu,Stay Sexy & Don't Get Murdered: The Definitive How-To Guide,"Kilgariff, Karen",9781250178954,jieyu.csv,,Stay Sexy & Don't Get Murdered,/works/OL20769490W,isbn,/works/OL20769490W
Jieyu,A Tale of Two Cities,"Dickens, Charles",9780141439600,jieyu.csv,,A Tale of Two Cities,/works/OL8193465W,isbn,/works/OL8193465W
Jieyu,Wuthering Heights,"Brontë, Emily",,jieyu.csv,,Wuthering Heights,/works/OL21177W,title_author,/works/OL21177W
Jieyu,"Tuesdays with Morrie: An Old Man, a Young Man, and Life's Greatest Lesson","Albom, Mitch",,jieyu.csv,,,,unresolved,title:tuesdays with morrie an old man a young man and life s greatest lesson|author:albom
Jieyu,Sapiens: A Brief History of Humankind,"Harari, Yuval Noah",,jieyu.csv,,,,unresolved,title:sapiens a brief history of humankind|author:harari
Jieyu,The Emperor of All Maladies: A Biography of Cancer,"Mukherjee, Siddhartha",,jieyu.csv,,,,unresolved,title:emperor of all maladies a biography of cancer|author:mukherjee
Jieyu,A Good Scent from a Strange Mountain,"Butler, Robert Olen",9780802137982,jieyu.csv,,A good scent from a strange mountain,/works/OL41954W,isbn,/works/OL41954W
Jieyu,Middlesex,"Eugenides, Jeffrey",9780312422158,jieyu.csv,,Middlesex,/works/OL3951520W,isbn,/works/OL3951520W
Jieyu,The Last Lecture,"Pausch, Randy",,jieyu.csv,,The Last Lecture,/works/OL7952998W,title_author,/works/OL7952998W
Jieyu,The Stranger,"Camus, Albert",,jieyu.csv,,,,unresolved,title:stranger|author:camus
Jieyu,Fahrenheit 451,"Bradbury, Ray",,jieyu.csv,,Fahrenheit 451,/works/OL103123W,title_author,/works/OL103123W
Jieyu,The Idiot,"Dostoevsky, Fyodor",9780679642428,jieyu.csv,,Идиот,/works/OL166925W,isbn,/works/OL166925W
Jieyu,Life is Elsewhere,"Kundera, Milan",9780060997021,jieyu.csv,,Život je jinde,/works/OL10423422W,isbn,/works/OL10423422W
Jieyu,Immortality,"Kundera, Milan",9780571144563,jieyu.csv,,Nesmrtelnost,/works/OL10423417W,isbn,/works/OL10423417W
Jieyu,Your Money or Your Life,"Domínguez, Joe",9780140286786,jieyu.csv,,Your Money or Your Life,/works/OL4275330W,isbn,/works/OL4275330W
Jieyu,The Total Money Makeover: A Proven Plan for Financial Fitness,"Ramsey, Dave",9780785289081,jieyu.csv,,The total money makeover,/works/OL16027047W,isbn,/works/OL16027047W
Jieyu,Get a Financial Life: Personal Finance in Your Twenties and Thirties,"Kobliner, Beth",9781476782386,jieyu.csv,,Get a financial life,/works/OL20056220W,isbn,/works/OL20056220W
Jieyu,Do Androids Dream of Electric Sheep?,"Dick, Philip K.",,jieyu.csv,,Do Androids Dream of Electric Sheep?,/works/OL2172356W,title_author,/works/OL2172356W
Jieyu,"The Foundation Trilogy (Foundation, #1-3)","Asimov, Isaac",9780380508563,jieyu.csv,,The Foundation Trilogy,/works/OL46390W,isbn,/works/OL46390W
Jieyu,"Dune (Dune, #1)","Herbert, Frank",9780340839935,jieyu.csv,,Dune,/works/OL893414W,isbn,/works/OL893414W
Jieyu,Lab Girl,"Jahren, Hope",9781101874936,jieyu.csv,,Lab Girl,/works/OL17630208W,isbn,/works/OL17630208W
Jieyu,The Five: The Untold Lives of the Women Killed by Jack the Ripper,"Rubenhold, Hallie",,jieyu.csv,,,,unresolved,title:five the untold lives of the women killed by jack the ripper|author:rubenhold
Jieyu,Les Misérables,"Hugo, Victor",9780451525260,jieyu.csv,,Les Misérables,/works/OL1063588W,isbn,/works/OL1063588W
Jieyu,Good Reasons for Bad Feelings: Insights from the Frontier of Evolutionary Psychiatry,"Nesse, Randolph M.",9781101985663,jieyu.csv,,Good Reasons for Bad Feelings,/works/OL20155132W,isbn,/works/OL20155132W
Jieyu,The Lady Tasting Tea: How Statistics Revolutionized Science in the Twentieth Century,"Salsburg, David",9780805071344,jieyu.csv,,The Lady Tasting Tea,/works/OL4274440W,isbn,/works/OL4274440W
Jieyu,Memoirs of a Geisha,"Golden, Arthur",9781400096893,jieyu.csv,,Memoirs of a Geisha,/works/OL1856675W,isbn,/works/OL1856675W
Jieyu,The Glass Castle,"Walls, Jeannette",9780743247542,jieyu.csv,,The Glass Castle,/works/OL46760W,isbn,/works/OL46760W
Jieyu,The Myth of Sisyphus,"Camus, Albert",,jieyu.csv,,,,unresolved,title:myth of sisyphus|author:camus
Jieyu,"Unlikely Partners: Chinese Reformers, Western Economists, and the Making of Global China","Gewirtz, Julian",9780674973466,jieyu.csv,,,,unresolved,title:unlikely partners chinese reformers western economists and the making of global china|author:gewirtz
Jieyu,Undoing the Demos: Neoliberalism’s Stealth Revolution (Near Futures #4),"Brown, Wendy",9781935408536,jieyu.csv,,Undoing the Demos,/works/OL18347891W,isbn,/works/OL18347891W
Jieyu,I'll Be Gone in the Dark,"McNamara, Michelle",,jieyu.csv,,I'll Be Gone in the Dark,/works/OL18195597W,title_author,/works/OL18195597W
Jieyu,All the Light We Cannot See,"Doerr, Anthony",9781476746586,jieyu.csv,,All the Light We Cannot See,/works/OL16821606W,isbn,/works/OL16821606W
Jieyu,Bridge to Terabithia,"Paterson, Katherine",9780439366779,jieyu.csv,,Bridge to Terabithia,/works/OL27079W,isbn,/works/OL27079W
Jieyu,On Becoming a Person: A Therapist's View of Psychotherapy,"Rogers, Carl R.",9780395755310,jieyu.csv,,On Becoming a Person,/works/OL2354102W,isbn,/works/OL2354102W
Jieyu,The Bell Jar,"Plath, Sylvia",,jieyu.csv,,The Bell Jar,/works/OL1865528W,title_author,/works/OL1865528W
Jieyu,A Beautiful Mind,"Nasar, Sylvia",9780571212927,jieyu.csv,,A Beautiful Mind,/works/OL937456W,isbn,/works/OL937456W
Konnor,1984,"Orwell, George",,konnor.csv,,,,same_title_as_catalog_match,/works/OL1168083W
Konnor,"Alice's Adventures in Wonderland (Alice's Adventures in Wonderland, #1)","Carroll, Lewis",,konnor.csv,,"Alice's Adventures in Wonderland (Alice's Adventures in Wonderland, #1)",/works/OL40610723W,title_author,/works/OL40610723W
Konnor,The Selfish Gene,"Dawkins, Richard",9780199291151,konnor.csv,,The Selfish Gene,/works/OL1966488W,isbn,/works/OL1966488W
Konnor,"Thinking, Fast and Slow","Kahneman, Daniel",9780374275631,konnor.csv,,"Thinking, fast and slow",/works/OL15992072W,isbn,/works/OL15992072W
Konnor,There There,"Orange, Tommy",,konnor.csv,,There There,/works/OL18143930W,title_author,/works/OL18143930W
Konnor,Caste: The Origins of Our Discontents,"Wilkerson, Isabel",9780593230251,konnor.csv,,Caste,/works/OL20878310W,isbn,/works/OL20878310W
Konnor,The Outsiders,"Hinton, S.E.",9780670532575,konnor.csv,,The Outsiders,/works/OL2718328W,isbn,/works/OL2718328W
Konnor,The Sun Also Rises,"Hemingway, Ernest",,konnor.csv,,The Sun Also Rises,/works/OL62979W,title_author,/works/OL62979W
Konnor,A Farewell to Arms,"Hemingway, Ernest",9780099910107,konnor.csv,,A Farewell to Arms,/works/OL63072W,isbn,/works/OL63072W
Konnor,The Portrait of Dorian Gray,"Wilde, Oscar",9785992503692,konnor.csv,,The Picture of Dorian Gray,/works/OL8193416W,isbn,/works/OL8193416W
Konnor,A Tale of Two Cities,"Dickens, Charles",9780141439600,konnor.csv,,A Tale of Two Cities,/works/OL8193465W,isbn,/works/OL8193465W
Konnor,Why We're Polarized,"Klein, Ezra",9781476700328,konnor.csv,,Why We're Polarized,/works/OL20648056W,isbn,/works/OL20648056W
Konnor,A People’s History of the United States: 1492 - Present,"Zinn, Howard",9780060838652,konnor.csv,,A People's History of the United States,/works/OL50283W,isbn,/works/OL50283W
Konnor,Permission to Feel: The Power of Emotional Intelligence to Achieve Well-Being and Success,"Brackett, Marc",9781250212849,konnor.csv,,Permission to Feel,/works/OL20128926W,isbn,/works/OL20128926W
Konnor,The Republic,Plato,9780140449143,konnor.csv,,πολιτεία,/works/OL51831W,isbn,/works/OL51831W
Konnor,How Not to Be Wrong: The Power of Mathematical Thinking,"Ellenberg, Jordan",9781594205224,konnor.csv,,How Not to Be Wrong,/works/OL17062668W,isbn,/works/OL17062668W
Konnor,Do Androids Dream of Electric Sheep?,"Dick, Philip K.",,konnor.csv,,Do Androids Dream of Electric Sheep?,/works/OL2172356W,title_author,/works/OL2172356W
Konnor,A Random Walk Down Wall Street: The Time-Tested Strategy for Successful Investing,"Malkiel, Burton G.",9781324002185,konnor.csv,,A Random Walk Down Wall Street,/works/OL21139737W,isbn,/works/OL21139737W
Konnor,"Power, Sex, Suicide: Mitochondria and the Meaning of Life","Lane, Nick",9780199205646,konnor.csv,,"Power, Sex, Suicide",/works/OL7998481W,isbn,/works/OL7998481W
Konnor,The Doors of Perception,"Huxley, Aldous",,konnor.csv,,The doors of perception,/works/OL64441W,title_author,/works/OL64441W
Konnor,The Intelligent Investor,"Graham, Benjamin",9780060555665,konnor.csv,,The Intelligent Investor,/works/OL273184W,isbn,/works/OL273184W
Konnor,Renegades: Born in the USA,"Obama, Barack",9780593236314,konnor.csv,,Renegades,/works/OL24760401W,isbn,/works/OL24760401W
Konnor,How to Be an Antiracist,"Kendi, Ibram X.",9780525509288,konnor.csv,,How to Be an Antiracist,/works/OL20086330W,isbn,/works/OL20086330W
Konnor,The Emperor of All Maladies: A Biography of Cancer,"Mukherjee, Siddhartha",,konnor.csv,,,,unresolved,title:emperor of all maladies a biography of cancer|author:mukherjee
Konnor,On Tyranny: Twenty Lessons from the Twentieth Century,"Snyder, Timothy",9780804190114,konnor.csv,,On Tyranny,/works/OL17710110W,isbn,/works/OL17710110W
Konnor,The Art of Racing in the Rain,"Stein, Garth",9781554681723,konnor.csv,,The Art of Racing in the Rain,/works/OL2756026W,isbn,/works/OL2756026W
Konnor,"Red Rising (Red Rising Saga, #1)","Brown, Pierce",,konnor.csv,,,,unresolved,title:red rising|author:brown
Konnor,The Elementary Particles,"Houellebecq, Michel",9780375727016,konnor.csv,,Les particules élémentaires,/works/OL2286729W,isbn,/works/OL2286729W
Konnor,Journey to the End of the Night,"Céline, Louis-Ferdinand",9780811216548,konnor.csv,,Voyage au bout de la nuit,/works/OL1287903W,isbn,/works/OL1287903W
Konnor,"When the Tempest Gathers: From Mogadishu to the Fight Against ISIS, a Marine Special Operations Commander at War","Milburn, Andrew",9781526750556,konnor.csv,,When the Tempest Gathers,/works/OL21909046W,isbn,/works/OL21909046W
Konnor,"Tuesdays with Morrie: An Old Man, a Young Man, and Life's Greatest Lesson","Albom, Mitch",,konnor.csv,,,,unresolved,title:tuesdays with morrie an old man a young man and life s greatest lesson|author:albom
Konnor,The Accidental Superpower: The Next Generation of American Preeminence and the Coming Global Disorder,"Zeihan, Peter",9781455583669,konnor.csv,,The accidental superpower,/works/OL19989832W,isbn,/works/OL19989832W
Konnor,Cat’s Cradle,"Vonnegut Jr., Kurt",,konnor.csv,,Cat's Cradle,/works/OL98454W,title_author,/works/OL98454W
Konnor,The Inconvenient Indian: A Curious Account of Native People in North America,"King, Thomas",9780385674058,konnor.csv,,,,unresolved,title:inconvenient indian a curious account of native people in north america|author:king
Konnor,"General Theory of Employment, Interest, and Money","Keynes, John Maynard",9781573921398,konnor.csv,,"The general theory of employment, interest and money",/works/OL35951W,isbn,/works/OL35951W
Konnor,"The Exceptions: Nancy Hopkins, MIT, and the Fight for Women in Science","Zernike, Kate",9781982131838,konnor.csv,,The Exceptions,/works/OL28402636W,isbn,/works/OL28402636W
Konnor,A Man Called Ove,"Backman, Fredrik",9781476738017,konnor.csv,,En man som heter Ove,/works/OL16793865W,isbn,/works/OL16793865W
Konnor,In Defense of Food: An Eater's Manifesto,"Pollan, Michael",9781594201455,konnor.csv,,In Defense of Food,/works/OL3296482W,isbn,/works/OL3296482W
Konnor,Lifespan: Why We Age―and Why We Don't Have To,"Sinclair, David",9781501191978,konnor.csv,,Lifespan,/works/OL20128048W,isbn,/works/OL20128048W
Konnor,The Bright Hour: A Memoir of Living and Dying,"Riggs, Nina",9781501169359,konnor.csv,,The Bright Hour,/works/OL19721897W,isbn,/works/OL19721897W
Konnor,The Poisonwood Bible,"Kingsolver, Barbara",9780060786502,konnor.csv,,The Poisonwood Bible,/works/OL1846845W,isbn,/works/OL1846845W
Konnor,Into the Wild,"Krakauer, Jon",9780385486804,konnor.csv,,Into the Wild,/works/OL1974546W,isbn,/works/OL1974546W
Konnor,The Covenant of Water,"Verghese, Abraham",9780802162175,konnor.csv,,The Covenant of Water,/works/OL29192912W,isbn,/works/OL29192912W
Konnor,Cutting for Stone,"Verghese, Abraham",9780375414497,konnor.csv,,Cutting for Stone,/works/OL14933038W,isbn,/works/OL14933038W
Konnor,Why I Am Not a Christian and Other Essays on Religion and Related Subjects,"Russell, Bertrand",9780671203238,konnor.csv,,Why I am not a Christian,/works/OL1088563W,isbn,/works/OL1088563W
Konnor,All I Really Need to Know I Learned in Kindergarten,"Fulghum, Robert",9780345466396,konnor.csv,,All I Ever Really Needed to Know I Learned in Kindergarten,/works/OL10332831W,isbn,/works/OL10332831W
Konnor,Great Circle,"Shipstead, Maggie",,konnor.csv,,Great Circle,/works/OL24145606W,title_author,/works/OL24145606W
Konnor,Never Cry Wolf: The Amazing True Story of Life Among Arctic Wolves,"Mowat, Farley",9780316881791,konnor.csv,,Never Cry Wolf,/works/OL479072W,isbn,/works/OL479072W
Konnor,Long Way Round: Chasing Shadows Across the World,"McGregor, Ewan",9780743499330,konnor.csv,,Long way round,/works/OL5760039W,isbn,/works/OL5760039W
Konnor,Love in the Time of Cholera,"García Márquez, Gabriel",9781400034680,konnor.csv,,El amor en los tiempos del cólera,/works/OL274518W,isbn,/works/OL274518W
Konnor,The Serengeti Rules: The Quest to Discover How Life Works and Why It Matters,"Carroll, Sean B.",9780691167428,konnor.csv,,The Serengeti rules,/works/OL20022363W,isbn,/works/OL20022363W
Konnor,The Triumph of Injustice: How the Rich Dodge Taxes and How to Make Them Pay,"Saez, Emmanuel",9781324002727,konnor.csv,,Triumph of Injustice,/works/OL21652953W,isbn,/works/OL21652953W
Konnor,"The Art of Focus: Find Meaning, Reinvent Yourself and Create Your Ideal Future","Koe, Dan",,konnor.csv,,,,unresolved,title:art of focus find meaning reinvent yourself and create your ideal future|author:koe
Konnor,The Color Purple,"Walker, Alice",9780143135692,konnor.csv,,The Color Purple,/works/OL273644W,isbn,/works/OL273644W
Konnor,"I Know Why the Caged Bird Sings (Maya Angelou's Autobiography, #1)","Angelou, Maya",9780553279375,konnor.csv,,I Know Why the Caged Bird Sings,/works/OL80021W,isbn,/works/OL80021W
Konnor,The Princess Bride,"Goldman, William",9780345418265,konnor.csv,,The Princess Bride,/works/OL486967W,isbn,/works/OL486967W
Konnor,Atlas Shrugged,"Rand, Ayn",9780452011878,konnor.csv,,Atlas Shrugged (Centennial Ed. HC),/works/OL731644W,isbn,/works/OL731644W
Konnor,"Walden or, Life in the Woods","Thoreau, Henry David",,konnor.csv,,"Walden; Or, Life in the Woods",/works/OL44142169W,title_author,/works/OL44142169W
Konnor,Don Quixote,"Cervantes Saavedra, Miguel de",,konnor.csv,,,,unresolved,title:don quixote|author:saavedra
Konnor,Invisible Man,"Ellison, Ralph",,konnor.csv,,Invisible Man,/works/OL495470W,title_author,/works/OL495470W
Konnor,A Passage to India,"Forster, E.M.",9780141441160,konnor.csv,,A Passage to India,/works/OL88809W,isbn,/works/OL88809W
Konnor,The Grapes of Wrath,"Steinbeck, John",9780670016907,konnor.csv,,The Grapes of Wrath,/works/OL23205W,isbn,/works/OL23205W
Konnor,The Art of War,Sun Tzu,,konnor.csv,,The Art of War,/works/OL244537W,title_author,/works/OL244537W
Konnor,A Little Life,"Yanagihara, Hanya",9780385539258,konnor.csv,,A Little Life,/works/OL17370186W,isbn,/works/OL17370186W
Konnor,"Entangled Life: How Fungi Make Our Worlds, Change Our Minds & Shape Our Futures","Sheldrake, Merlin",9780525510314,konnor.csv,,Entangled Life,/works/OL20758206W,isbn,/works/OL20758206W
Konnor,When You're Food: Raw: A Fighter’s View of Predatory Aggression: The Forever Autumn Press Edition,"Lafond, James",9781530215836,konnor.csv,,When You're Food : Raw : A Fighter's View of Predatory Aggression,/works/OL40422939W,isbn,/works/OL40422939W
Konnor,Get Out the Vote!: How to Increase Voter Turnout,"Green, Donald P.",9780815732693,konnor.csv,,Get out the vote!,/works/OL18168037W,isbn,/works/OL18168037W
Konnor,"Troubled: A Memoir of Foster Care, Family, and Social Class","Henderson, Rob",9781982168551,konnor.csv,,Troubled,/works/OL37612351W,isbn,/works/OL37612351W
Konnor,Understanding Power: The Indispensable Chomsky,"Chomsky, Noam",9781565847033,konnor.csv,,Understanding Power,/works/OL71716W,isbn,/works/OL71716W
Konnor,On Palestine,"Chomsky, Noam",9781608464708,konnor.csv,,On Palestine,/works/OL20494296W,isbn,/works/OL20494296W
Konnor,Requiem for the American Dream: The 10 Principles of Concentration of Wealth & Power,"Chomsky, Noam",,konnor.csv,,,,unresolved,title:requiem for the american dream the 10 principles of concentration of wealth power|author:chomsky
Konnor,Civil Disobedience and Other Essays,"Thoreau, Henry David",9781420925227,konnor.csv,,Civil Disobedience And Other Essays the Collected Essays of Henry David Thoreau,/works/OL15032538W,isbn,/works/OL15032538W
Konnor,The Trinity of Fundamentals,"Rafeedie, Wisam",9798988260219,konnor.csv,,al- Aqānīm al-thalāthah,/works/OL12627441W,isbn,/works/OL12627441W
Konnor,The Righteous Mind: Why Good People Are Divided by Politics and Religion,"Haidt, Jonathan",,konnor.csv,,,,unresolved,title:righteous mind why good people are divided by politics and religion|author:haidt
Konnor,The Prophet,"Gibran, Kahlil",9780001000391,konnor.csv,,The Prophet,/works/OL318900W,isbn,/works/OL318900W
Konnor,Dracula,"Stoker, Bram",9780393970128,konnor.csv,,Dracula,/works/OL85892W,isbn,/works/OL85892W
Konnor,The Iliad / The Odyssey,Homer,9780147712554,konnor.csv,,Iliad and Odyssey boxed set,/works/OL15103313W,isbn,/works/OL15103313W
Konnor,A Christmas Carol,"Dickens, Charles",9781561797462,konnor.csv,,A Christmas Carol,/works/OL32466W,isbn,/works/OL32466W
Konnor,Treasure Island,"Stevenson, Robert Louis",9780753453803,konnor.csv,,Treasure Island,/works/OL24034W,isbn,/works/OL24034W
Konnor,The Adventures of Tom Sawyer,"Twain, Mark",9780143039563,konnor.csv,,The Adventures of Tom Sawyer,/works/OL53919W,isbn,/works/OL53919W
Konnor,Wuthering Heights,"Brontë, Emily",,konnor.csv,,Wuthering Heights,/works/OL21177W,title_author,/works/OL21177W
Konnor,Great Expectations,"Dickens, Charles",9780192833594,konnor.csv,,Great Expectations,/works/OL8721462W,isbn,/works/OL8721462W
Konnor,Robinson Crusoe,"Defoe, Daniel",,konnor.csv,,Robinson Crusoe,/works/OL45089W,title_author,/works/OL45089W
Konnor,Oliver Twist,"Dickens, Charles",,konnor.csv,,Oliver Twist,/works/OL8193478W,title_author,/works/OL8193478W
Konnor,David Copperfield,"Dickens, Charles",,konnor.csv,,David Copperfield,/works/OL8662242W,title_author,/works/OL8662242W
Konnor,War and Peace,"Tolstoy, Leo",9780192833983,konnor.csv,,War and Peace,/works/OL267171W,isbn,/works/OL267171W
Konnor,Heart of Darkness,"Conrad, Joseph",9781892295491,konnor.csv,,Heart of Darkness,/works/OL38663W,isbn,/works/OL38663W
Konnor,The Call of the Wild,"London, Jack",,konnor.csv,,The Call of the Wild,/works/OL14942956W,title_author,/works/OL14942956W
Konnor,Uncle Tom’s Cabin,"Stowe, Harriet Beecher",,konnor.csv,,Uncle Tom's Cabin,/works/OL152161W,title_author,/works/OL152161W
Konnor,The Divine Comedy: Inferno - Purgatorio - Paradiso,Dante Alighieri,9780679433132,konnor.csv,,La Divina Commedia,/works/OL93082W,isbn,/works/OL93082W
Konnor,The Epic of Gilgamesh,Unknown,9780141026282,konnor.csv,,The Epic of Gilgamesh,/works/OL14908074W,isbn,/works/OL14908074W
Konnor,Mrs. Dalloway,"Woolf, Virginia",9780151009985,konnor.csv,,Mrs. Dalloway,/works/OL39349W,isbn,/works/OL39349W
Konnor,Aesop’s Fables,Aesop,9780192840509,konnor.csv,,Aesop's fables,/works/OL18980010W,isbn,/works/OL18980010W
Konnor,Twelve Years a Slave,"Northup, Solomon",9780989794800,konnor.csv,,Twelve years a slave,/works/OL78871W,isbn,/works/OL78871W
Konnor,Narrative of the Life of Frederick Douglass,"Douglass, Frederick",9781580495769,konnor.csv,,Narrative of the life of Frederick Douglass,/works/OL69178W,isbn,/works/OL69178W
Konnor,The Complete Sherlock Holmes,"Doyle, Arthur Conan",,konnor.csv,,The Complete Sherlock Holmes,/works/OL45362891W,title_author,/works/OL45362891W
Konnor,Common Sense,"Paine, Thomas",9780143036258,konnor.csv,,Common Sense,/works/OL60358W,isbn,/works/OL60358W
Konnor,Meditations,Marcus Aurelius,9780140449334,konnor.csv,,Meditations,/works/OL1317211W,isbn,/works/OL1317211W
Konnor,The Diary of a Young Girl,"Frank, Anne",,konnor.csv,,The diary of a young girl,/works/OL2948954W,title_author,/works/OL2948954W
Konnor,The Federalist Papers,"Hamilton, Alexander",9781542099424,konnor.csv,,,,unresolved,title:federalist papers|author:hamilton
Konnor,My First Summer in the Sierra,"Muir, John",9780486437354,konnor.csv,,My first summer in the Sierra,/works/OL1618182W,isbn,/works/OL1618182W
Konnor,The Yosemite,"Muir, John",9781426421457,konnor.csv,,The Yosemite,/works/OL1618177W,isbn,/works/OL1618177W
Konnor,The Wild Muir: Twenty-Two of John Muir's Greatest Adventures,"Muir, John",9780939666751,konnor.csv,,The wild Muir,/works/OL1618155W,isbn,/works/OL1618155W
Konnor,Wilderness Essays,"Muir, John",9781423607120,konnor.csv,,Wilderness essays,/works/OL17739668W,isbn,/works/OL17739668W
Konnor,The Jungle,"Sinclair, Upton",9781884365300,konnor.csv,,The Jungle,/works/OL114967W,isbn,/works/OL114967W
Konnor,The Ins-N-Outs of In-N-Out Burger: The Inside Story of California's First Drive-Through and How it Became a Beloved Cultural Icon,"Snyder, Lynsi",9781400242993,konnor.csv,,Ins and Outs of In-N-Out,/works/OL34242066W,isbn,/works/OL34242066W
Konnor,Making Votes Count: Strategic Coordination in the World's Electoral Systems (Political Economy of Institutions and Decisions) (Political Economy of Institutions and Decisions) (Volume 0),"Cox, Gary W.",9780521585279,konnor.csv,,Making votes count,/works/OL3298691W,isbn,/works/OL3298691W
Konnor,Foe,"Reid, Iain",9781501127427,konnor.csv,,Foe,/works/OL19749336W,isbn,/works/OL19749336W
Konnor,If We Burn: The Mass Protest Decade and the Missing Revolution,"Bevins, Vincent",9781541788978,konnor.csv,,If We Burn,/works/OL29187700W,isbn,/works/OL29187700W
Konnor,Think Again: The Power of Knowing What You Don't Know,"Grant, Adam M.",9781984878106,konnor.csv,,Think Again,/works/OL22484556W,isbn,/works/OL22484556W
Konnor,Eichmann in Jerusalem: A Report on the Banality of Evil,"Arendt, Hannah",,konnor.csv,,,,unresolved,title:eichmann in jerusalem a report on the banality of evil|author:arendt
Konnor,And Then There Were None,"Christie, Agatha",9780312330873,konnor.csv,,And Then There Were None,/works/OL471565W,isbn,/works/OL471565W
Konnor,"The Mirror Crack'd From Side to Side (Miss Marple, #8)","Christie, Agatha",9780007120987,konnor.csv,,The Mirror Crack'd from Side to Side,/works/OL471990W,isbn,/works/OL471990W
Konnor,The God of the Woods,"Moore, Liz",,konnor.csv,,The God of the Woods,/works/OL37827517W,title_author,/works/OL37827517W
Konnor,Hello Beautiful,"Napolitano, Ann",,konnor.csv,,Hello Beautiful,/works/OL28723763W,title_author,/works/OL28723763W
Konnor,Evicted: Poverty and Profit in the American City,"Desmond, Matthew",9780553447439,konnor.csv,,Evicted,/works/OL17828326W,isbn,/works/OL17828326W
Konnor,"Poverty, by America","Desmond, Matthew",9780593239919,konnor.csv,,"Poverty, by America",/works/OL28357053W,isbn,/works/OL28357053W
Konnor,"Why Fish Don’t Exist: A Story of Loss, Love, and the Hidden Order of Life","Miller, Lulu",,konnor.csv,,,,unresolved,title:why fish don t exist a story of loss love and the hidden order of life|author:miller
Konnor,Blindness,"Saramago, José",,konnor.csv,,,,unresolved,title:blindness|author:saramago
Konnor,A Thousand Splendid Suns,"Hosseini, Khaled",9781594489501,konnor.csv,,A Thousand Splendid Suns,/works/OL5782000W,isbn,/works/OL5782000W
Konnor,The Checklist Manifesto: How to Get Things Right,"Gawande, Atul",9780805091748,konnor.csv,,The Checklist Manifesto,/works/OL15436462W,isbn,/works/OL15436462W
Konnor,Our Town,"Wilder, Thornton",9780060512637,konnor.csv,,Our town,/works/OL482841W,isbn,/works/OL482841W
Konnor,The Banshees of Inisherin,"McDonagh, Martin",9780571381708,konnor.csv,,Banshees of Inisherin,/works/OL29046544W,isbn,/works/OL29046544W
Konnor,Good Energy: The Surprising Connection Between Metabolism and Limitless Health,"Means, Casey",9780593712641,konnor.csv,,Good Energy,/works/OL37826565W,isbn,/works/OL37826565W
Konnor,Bastard Out of Carolina,"Allison, Dorothy",9780452287051,konnor.csv,,Bastarda,/works/OL1810279W,isbn,/works/OL1810279W
Konnor,The Amazing Adventures of Kavalier & Clay,"Chabon, Michael",9780312282998,konnor.csv,,The Amazing Adventures of Kavalier & Clay,/works/OL119436W,isbn,/works/OL119436W
Konnor,Vineland,"Pynchon, Thomas",9783499136283,konnor.csv,,Vineland,/works/OL2636662W,isbn,/works/OL2636662W
Konnor,The Idea Factory: Bell Labs and the Great Age of American Innovation,"Gertner, Jon",9781594203282,konnor.csv,,The Idea Factory,/works/OL16184356W,isbn,/works/OL16184356W
Konnor,Science: The Endless Frontier,"Bush, Vannevar",9781597400268,konnor.csv,,Science--the endless frontier,/works/OL5098597W,isbn,/works/OL5098597W
Konnor,"How Big Things Get Done: The Surprising Factors That Determine the Fate of Every Project, from Home Renovations to Space Exploration and Everything In Between","Flyvbjerg, Bent",9780593239513,konnor.csv,,How Big Things Get Done,/works/OL28442176W,isbn,/works/OL28442176W
Konnor,Recoding America: Why Government Is Failing in the Digital Age and How We Can Do Better,"Pahlka, Jennifer",9781250266774,konnor.csv,,Recoding America,/works/OL28847212W,isbn,/works/OL28847212W
Konnor,Dog Days,"Labarge, Emily",9798893380477,konnor.csv,,,,unresolved,title:dog days|author:labarge
Konnor,I Who Have Never Known Men,"Harpman, Jacqueline",9781945492600,konnor.csv,,Moi qui n'ai pas connu les hommes,/works/OL102360W,isbn,/works/OL102360W
Konnor,Last Rites,"Osbourne, Ozzy",9781538775417,konnor.csv,,Last Rites,/works/OL44553081W,isbn,/works/OL44553081W
Konnor,Stoner,"Williams, John",9781590171998,konnor.csv,,Stoner,/works/OL3511459W,isbn,/works/OL3511459W
Konnor,Regime Change: Inside the Imperial Presidency of Donald Trump,"Haberman, Maggie",9781668067246,konnor.csv,,Regime Change,/works/OL45361467W,isbn,/works/OL45361467W
Konnor,Manufacturing Consent: The Political Economy of the Mass Media,"Herman, Edward S.",9780375714498,konnor.csv,,Manufacturing consent,/works/OL31013W,isbn,/works/OL31013W
Konnor,The Communist Manifesto,"Marx, Karl",9780140447576,konnor.csv,,Manifest der Kommunistischen Partei,/works/OL629052W,isbn,/works/OL629052W
Konnor,Atomic Habits: An Easy & Proven Way to Build Good Habits & Break Bad Ones,"Clear, James",,konnor.csv,,,,unresolved,title:atomic habits an easy proven way to build good habits break bad ones|author:clear
Konnor,A World Appears: A Journey into Consciousness,"Pollan, Michael",9781984881991,konnor.csv,,A World Appears,/works/OL45011996W,isbn,/works/OL45011996W
Konnor,"The Infinity Machine: Demis Hassabis, DeepMind, and the Quest for Superintelligence","Mallaby, Sebastian",9780593831847,konnor.csv,,The Infinity Machine,/works/OL45068494W,isbn,/works/OL45068494W
Konnor,Impro: Improvisation and the Theatre,"Johnstone, Keith",9780878301171,konnor.csv,,Impro,/works/OL29969W,isbn,/works/OL29969W
Konnor,The Idiot,"Batuman, Elif",9781594205613,konnor.csv,,The Idiot,/works/OL17771503W,isbn,/works/OL17771503W
Konnor,Bliss Montage,"Ma, Ling",9780374293512,konnor.csv,,Bliss Montage,/works/OL27640543W,isbn,/works/OL27640543W
Konnor,Severance,"Ma, Ling",9780374261597,konnor.csv,,Severance,/works/OL19748973W,isbn,/works/OL19748973W
Konnor,"Say It Well: Find Your Voice, Speak Your Mind, Inspire Any Audience","Szuplat, Terry",9780063337718,konnor.csv,,Say It Well,/works/OL37859079W,isbn,/works/OL37859079W
Konnor,The Snowball: Warren Buffett and the Business of Life,"Schroeder, Alice",9780553805093,konnor.csv,,The Snowball,/works/OL9450331W,isbn,/works/OL9450331W
Konnor,"The Daily Stoic: 366 Meditations on Wisdom, Perseverance, and the Art of Living","Holiday, Ryan",,konnor.csv,,,,unresolved,title:daily stoic 366 meditations on wisdom perseverance and the art of living|author:holiday
Konnor,This Is Your Mind on Plants,"Pollan, Michael",9780593296905,konnor.csv,,This Is Your Mind on Plants,/works/OL23527042W,isbn,/works/OL23527042W
Konnor,Breakfast of Champions,"Vonnegut Jr., Kurt",9780385334204,konnor.csv,,Breakfast of Champions,/works/OL98488W,isbn,/works/OL98488W
Konnor,The Sirens of Titan,"Vonnegut Jr., Kurt",,konnor.csv,,The Sirens of Titan,/works/OL98485W,title_author,/works/OL98485W
Konnor,Galápagos,"Vonnegut Jr., Kurt",9780385333870,konnor.csv,,Galápagos,/works/OL98471W,isbn,/works/OL98471W
Konnor,Of Mice and Men,"Steinbeck, John",9780142000670,konnor.csv,,Of Mice and Men,/works/OL23204W,isbn,/works/OL23204W
Konnor,The Pearl,"Steinbeck, John",9780142000694,konnor.csv,,The Pearl,/works/OL7966118W,isbn,/works/OL7966118W
Konnor,"Cannery Row (Cannery Row, #1)","Steinbeck, John",9780142000687,konnor.csv,,Cannery Row,/works/OL23199W,isbn,/works/OL23199W
Konnor,Travels with Charley: In Search of America,"Steinbeck, John",9780142000700,konnor.csv,,Travels with Charley,/works/OL23192W,isbn,/works/OL23192W
Konnor,Tortilla Flat,"Steinbeck, John",9780582461505,konnor.csv,,Tortilla Flat,/works/OL23201W,isbn,/works/OL23201W
Konnor,The Red Pony,"Steinbeck, John",9780141962825,konnor.csv,,The Red Pony,/works/OL23197W,isbn,/works/OL23197W
Konnor,The Sun Does Shine: How I Found Life and Freedom on Death Row,"Hinton, Anthony Ray",9781250124715,konnor.csv,,The sun does shine,/works/OL19732648W,isbn,/works/OL19732648W
Konnor,Wild: From Lost to Found on the Pacific Crest Trail,"Strayed, Cheryl",9780307592736,konnor.csv,,Wild,/works/OL16142316W,isbn,/works/OL16142316W
Meryl,The Inner Game of Tennis: The Classic Guide to the Mental Side of Peak Performance,"Gallwey, W. Timothy",9780679778318,meryl.csv,,The Inner Game of Tennis,/works/OL2619508W,isbn,/works/OL2619508W
Meryl,ADHD 2.0: New Science and Essential Strategies for Thriving with Distraction—From Childhood Through Adulthood,"Hallowell, Edward M.",9780399178733,meryl.csv,,ADHD 2. 0,/works/OL21914859W,isbn,/works/OL21914859W
Meryl,Near to the Wild Heart,"Lispector, Clarice",9780811211406,meryl.csv,,PERTO DO CORAÇÃO SELVAGEM -(EURO 11.47),/works/OL1002139W,isbn,/works/OL1002139W
Meryl,Água Viva,"Lispector, Clarice",9780811219907,meryl.csv,,Água viva,/works/OL1002156W,isbn,/works/OL1002156W
Meryl,Probability Theory: The Logic of Science,"Jaynes, E.T.",9780521592710,meryl.csv,,Probability Theory,/works/OL5911565W,isbn,/works/OL5911565W
Meryl,The Goldfinch,"Tartt, Donna",9780316055437,meryl.csv,,The Goldfinch,/works/OL16809803W,isbn,/works/OL16809803W
Meryl,"Poverty, by America","Desmond, Matthew",9780593239919,meryl.csv,,"Poverty, by America",/works/OL28357053W,isbn,/works/OL28357053W
Meryl,The Past Is Red,"Valente, Catherynne M.",9781250301130,meryl.csv,,The Past Is Red,/works/OL22561936W,isbn,/works/OL22561936W
Meryl,This Side of Paradise,"Fitzgerald, F. Scott",9780684843780,meryl.csv,,This Side of Paradise,/works/OL468488W,isbn,/works/OL468488W
Meryl,Things in Nature Merely Grow,"Li, Yiyun",9780374617318,meryl.csv,,Things in Nature Merely Grow,/works/OL42429940W,isbn,/works/OL42429940W
Meryl,Infinite Jest,"Wallace, David Foster",,meryl.csv,,Infinite Jest,/works/OL2943602W,title_author,/works/OL2943602W
Meryl,Another Country,"Baldwin, James",9780141186375,meryl.csv,,Another Country,/works/OL228715W,isbn,/works/OL228715W
Meryl,Never Let Me Go,"Ishiguro, Kazuo",9781400078776,meryl.csv,,Never Let Me Go,/works/OL59038W,isbn,/works/OL59038W
Meryl,The Bell Jar,"Plath, Sylvia",9780060837020,meryl.csv,,The Bell Jar,/works/OL1865528W,isbn,/works/OL1865528W
Meryl,Anna Karenina,"Tolstoy, Leo",9780345803924,meryl.csv,,Anna Karenina,/works/OL17519279W,isbn,/works/OL17519279W
Meryl,The Memory Police,"Ogawa, Yōko",9781101870600,meryl.csv,,密やかな結晶,/works/OL11690127W,isbn,/works/OL11690127W
Meryl,"Dune (Dune, #1)","Herbert, Frank",9780593099322,meryl.csv,,Dune,/works/OL893414W,isbn,/works/OL893414W
Meryl,Rocannon’s World,"Le Guin, Ursula K.",9780441732968,meryl.csv,,Rocannon's World,/works/OL59850W,isbn,/works/OL59850W
Meryl,Sea of Tranquility,"Mandel, Emily St. John",9780593321447,meryl.csv,,Sea of Tranquility,/works/OL24731706W,isbn,/works/OL24731706W
Meryl,"The Three-Body Problem (Remembrance of Earth’s Past, #1)","Liu, Cixin",,meryl.csv,,,,unresolved,title:three body problem|author:liu
Meryl,"Foundation (Foundation, #1)","Asimov, Isaac",9780553803716,meryl.csv,,Foundation,/works/OL46125W,isbn,/works/OL46125W
Meryl,The Selfish Gene,"Dawkins, Richard",9780199291151,meryl.csv,,The Selfish Gene,/works/OL1966488W,isbn,/works/OL1966488W
Meryl,Crime and Punishment,"Dostoevsky, Fyodor",,meryl.csv,,,,unresolved,title:crime and punishment|author:dostoevsky
Meryl,Existentialism is a Humanism,"Sartre, Jean-Paul",9780300115468,meryl.csv,,Existentialism Is a Humanism,/works/OL1161181W,isbn,/works/OL1161181W
Meryl,Beyond Good and Evil,"Nietzsche, Friedrich",9780140449235,meryl.csv,,Jenseits von Gut und Böse,/works/OL98174W,isbn,/works/OL98174W
Meryl,Meditations,Marcus Aurelius,9780140449334,meryl.csv,,Meditations,/works/OL1317211W,isbn,/works/OL1317211W
Meryl,On Earth We're Briefly Gorgeous,"Vuong, Ocean",9780525562023,meryl.csv,,On Earth We're Briefly Gorgeous,/works/OL20783698W,isbn,/works/OL20783698W
Meryl,Between the World and Me,"Coates, Ta-Nehisi",,meryl.csv,,Between the World and Me,/works/OL17201654W,title_author,/works/OL17201654W
Meryl,"Guns, Germs, and Steel: The Fates of Human Societies","Diamond, Jared",9780739467350,meryl.csv,,"Guns, Germs, and Steel",/works/OL276558W,isbn,/works/OL276558W
Meryl,約束のネバーランド 1 [Yakusoku no Neverland 1],"Shirai, Kaiu",9784088808727,meryl.csv,,約束のネバーランド 1,/works/OL19731688W,isbn,/works/OL19731688W
Meryl,Yellowface,"Kuang, R.F.",,meryl.csv,,Yellowface,/works/OL29050559W,title_author,/works/OL29050559W
Meryl,"The Fellowship of the Ring (The Lord of the Rings, #1)","Tolkien, J.R.R.",,meryl.csv,,,,unresolved,title:fellowship of the ring|author:tolkien
Meryl,Pride and Prejudice,"Austen, Jane",,meryl.csv,,Pride and Prejudice,/works/OL66554W,title_author,/works/OL66554W
Meryl,The Age of Innocence,"Wharton, Edith",9781593081430,meryl.csv,,The Age of Innocence,/works/OL98491W,isbn,/works/OL98491W
Meryl,Flowers for Algernon,"Keyes, Daniel",9780156030083,meryl.csv,,Flowers for Algernon,/works/OL515754W,isbn,/works/OL515754W
Meryl,War and Peace,"Tolstoy, Leo",9780192833983,meryl.csv,,War and Peace,/works/OL267171W,isbn,/works/OL267171W
Meryl,The Grapes of Wrath,"Steinbeck, John",9780670016907,meryl.csv,,The Grapes of Wrath,/works/OL23205W,isbn,/works/OL23205W
Meryl,The Stranger,"Camus, Albert",,meryl.csv,,,,unresolved,title:stranger|author:camus
Meryl,Les Misérables,"Hugo, Victor",9780451525260,meryl.csv,,Les Misérables,/works/OL1063588W,isbn,/works/OL1063588W
Meryl,The Metamorphosis,"Kafka, Franz",9780553213690,meryl.csv,,Metamorphosis,/works/OL498556W,isbn,/works/OL498556W
Meryl,Great Expectations,"Dickens, Charles",9780192833594,meryl.csv,,Great Expectations,/works/OL8721462W,isbn,/works/OL8721462W
Meryl,Brave New World,"Huxley, Aldous",9780060929879,meryl.csv,,Brave New World,/works/OL64365W,isbn,/works/OL64365W
Meryl,A Tale of Two Cities,"Dickens, Charles",9780141439600,meryl.csv,,A Tale of Two Cities,/works/OL8193465W,isbn,/works/OL8193465W
Meryl,The Catcher in the Rye,"Salinger, J.D.",9780316769174,meryl.csv,,The Catcher in the Rye,/works/OL3335245W,isbn,/works/OL3335245W
Meryl,The Picture of Dorian Gray,"Wilde, Oscar",9780141439570,meryl.csv,,The Picture of Dorian Gray,/works/OL8193416W,isbn,/works/OL8193416W
Meryl,1984,"Orwell, George",9780452284234,meryl.csv,,Nineteen Eighty-Four,/works/OL1168083W,isbn,/works/OL1168083W
Meryl,The Outsiders,"Hinton, S.E.",9780142407332,meryl.csv,,The Outsiders,/works/OL2718328W,isbn,/works/OL2718328W
Meryl,If Beale Street could talk,james baldwin,,meryl.csv,Additional title from original handwritten list,If Beale Street Could Talk,/works/OL228720W,title_author,/works/OL228720W
Serena,Intermezzo,Sally Rooney,,serena.csv,,Intermezzo,/works/OL37949460W,title_author,/works/OL37949460W
Serena,Colorless Tsukuru Tazaki and His Years of Pilgrimage,Haruki Murakami,,serena.csv,,,,unresolved,title:colorless tsukuru tazaki and his years of pilgrimage|author:murakami
Serena,The Briefcase,Hiromi Kawakami,,serena.csv,,,,unresolved,title:briefcase|author:kawakami
Serena,Strangers,Taichi Yamada,,serena.csv,,Strangers,/works/OL5769591W,title_author,/works/OL5769591W
Serena,The Sailor Who Fell from Grace with the Sea,Yukio Mishima,,serena.csv,,The Sailor Who Fell from Grace with the Sea,/works/OL45262818W,title_author,/works/OL45262818W
Serena,The Story of a Body,Daniel Pennac,,serena.csv,,,,unresolved,title:story of a body|author:pennac
Serena,Ties (Lacci),Domenico Starnone,,serena.csv,,,,unresolved,title:ties lacci|author:starnone
Serena,Near to the Wild Heart,Clarice Lispector,,serena.csv,,,,same_title_as_catalog_match,/works/OL1002139W
Serena,Paradise Rot,Jenny Hval,,serena.csv,,Paradise Rot,/works/OL19764418W,title_author,/works/OL19764418W
Serena,Babel: Or the Necessity of Violence,R. F. Kuang,,serena.csv,,,,unresolved,title:babel or the necessity of violence|author:kuang
Serena,Dreams of Trespass: Tales of a Harem Girlhood,Fatema Mernissi,,serena.csv,,,,unresolved,title:dreams of trespass tales of a harem girlhood|author:mernissi
Serena,To Live,Yu Hua,,serena.csv,,,,unresolved,title:to live|author:hua
Serena,The Year of the Death of Ricardo Reis,José Saramago,,serena.csv,,The year of the death of Ricardo Reis,/works/OL17692777W,title_author,/works/OL17692777W
Serena,"Tomorrow, and Tomorrow, and Tomorrow",Gabrielle Zevin,,serena.csv,,"Tomorrow, and Tomorrow, and Tomorrow",/works/OL26004554W,title_author,/works/OL26004554W
Serena,Tuesdays with Morrie,Mitch Albom,,serena.csv,,Tuesdays with Morrie,/works/OL1822313W,title_author,/works/OL1822313W
Serena,Tattoo,Earl Thompson,,serena.csv,,Tattoo,/works/OL6090876W,title_author,/works/OL6090876W
Serena,Come Closer,Sara Gran,,serena.csv,,Come Closer,/works/OL5850729W,title_author,/works/OL5850729W
Serena,Tender Is the Flesh,Agustina Bazterrica,,serena.csv,,,,unresolved,title:tender is the flesh|author:bazterrica
Serena,The Trial,Franz Kafka,,serena.csv,,,,unresolved,title:trial|author:kafka
Serena,The Lottery,Shirley Jackson,,serena.csv,,The Lottery,/works/OL3171085W,title_author,/works/OL3171085W
Serena,Hard-Boiled Wonderland and the End of the World,Haruki Murakami,,serena.csv,,,,unresolved,title:hard boiled wonderland and the end of the world|author:murakami
Serena,The Lime Works,Thomas Bernhard,,serena.csv,,The Lime Works,/works/OL14992190W,title_author,/works/OL14992190W
Serena,The Eye,Vladimir Nabokov,,serena.csv,,,,unresolved,title:eye|author:nabokov
Serena,Disturbance,Thomas Bernhard,,serena.csv,,,,unresolved,title:disturbance|author:bernhard
Serena,Steps,Jerzy Kosiński,,serena.csv,,Steps,/works/OL104658W,title_author,/works/OL104658W
Serena,Naked Lunch,William S. Burroughs,,serena.csv,,Naked Lunch,/works/OL258134W,title_author,/works/OL258134W
Serena,Hunger,Choi Jin-young,,serena.csv,,,,unresolved,title:hunger|author:young
Serena,My Year of Rest and Relaxation,Ottessa Moshfegh,,serena.csv,,My Year of Rest and Relaxation,/works/OL17889978W,title_author,/works/OL17889978W
Serena,House of Leaves,Mark Z. Danielewski,,serena.csv,,House of Leaves,/works/OL32195W,title_author,/works/OL32195W
Serena,Someday This Pain Will Be Useful to You,Peter Cameron,,serena.csv,,Someday This Pain Will Be Useful to You,/works/OL1841423W,title_author,/works/OL1841423W
Serena,The Transitions,Pajtim Statovci,,serena.csv,,,,unresolved,title:transitions|author:statovci
Serena,God or Space?,Walter Mehrer,,serena.csv,,,,unresolved,title:god or space|author:mehrer
Serena,Stoner,John Edward Williams,,serena.csv,,Stoner,/works/OL3511459W,title_author,/works/OL3511459W
Serena,If Cats Disappeared from the World,Genki Kawakami,,serena.csv,,,,unresolved,title:if cats disappeared from the world|author:kawakami
Serena,Why Fish Don't Exist,Lulu Miller,,serena.csv,,Why Fish Don't Exist,/works/OL20732649W,title_author,/works/OL20732649W
Serena,Baumgartner,Paul Auster,,serena.csv,,Baumgartner,/works/OL35721188W,title_author,/works/OL35721188W
Serena,Cleopatra and Frankenstein,Coco Mellors,,serena.csv,,Cleopatra and Frankenstein,/works/OL25345096W,title_author,/works/OL25345096W
Serena,Assembly,Natasha Brown,,serena.csv,,Assembly,/works/OL24811392W,title_author,/works/OL24811392W
Serena,Women Who Run with the Wolves,Clarissa Pinkola Estés,,serena.csv,,Women Who Run with the Wolves,/works/OL2960639W,title_author,/works/OL2960639W
Serena,Everything I Know About Love,Dolly Alderton,,serena.csv,,Everything I Know About Love,/works/OL20654212W,title_author,/works/OL20654212W
Serena,Notes on Heartbreak,Annie Lord,,serena.csv,,Notes on Heartbreak,/works/OL25814731W,title_author,/works/OL25814731W
Serena,Alison,Lizzy Stewart,,serena.csv,,,,unresolved,title:alison|author:stewart
Serena,A Room of One's Own,Virginia Woolf,,serena.csv,,A Room of One's Own,/works/OL39379W,title_author,/works/OL39379W
Serena,The Idiot,Elif Batuman,,serena.csv,,The Idiot,/works/OL17771503W,title_author,/works/OL17771503W
Serena,A Little Life,Hanya Yanagihara,,serena.csv,,A Little Life,/works/OL17370186W,title_author,/works/OL17370186W
Serena,Never Let Me Go,Kazuo Ishiguro,,serena.csv,,Never Let Me Go,/works/OL59038W,title_author,/works/OL59038W
Serena,Heaven,Mieko Kawakami,,serena.csv,,,,unresolved,title:heaven|author:kawakami
Serena,Giovanni's Room,James Baldwin,,serena.csv,,Giovanni's Room,/works/OL228702W,title_author,/works/OL228702W
Serena,Blue Sisters,Coco Mellors,,serena.csv,,Blue Sisters,/works/OL37567597W,title_author,/works/OL37567597W
Serena,Rebecca,Daphne du Maurier,,serena.csv,,Rebecca,/works/OL36633W,title_author,/works/OL36633W
Serena,The Castle of Otranto,Horace Walpole,,serena.csv,,The Castle of Otranto,/works/OL183675W,title_author,/works/OL183675W
Serena,The Monk,Matthew Lewis,,serena.csv,,The monk,/works/OL21407351W,title_author,/works/OL21407351W
Serena,Interview with the Vampire,Anne Rice,,serena.csv,,Interview With the Vampire,/works/OL77826W,title_author,/works/OL77826W
Serena,The Fall of the House of Usher,Edgar Allan Poe,,serena.csv,,The Fall of the House of Usher,/works/OL41078W,title_author,/works/OL41078W
Serena,The Mysteries of Udolpho,Ann Radcliffe,,serena.csv,,The Mysteries of Udolpho,/works/OL695211W,title_author,/works/OL695211W
Serena,Sharp Objects,Gillian Flynn,,serena.csv,,Sharp Objects,/works/OL5842018W,title_author,/works/OL5842018W
Serena,The Count of Monte Cristo,Alexandre Dumas,,serena.csv,,The Count of Monte Cristo,/works/OL43161739W,title_author,/works/OL43161739W
Serena,Anna Karenina,Leo Tolstoy,,serena.csv,,,,same_title_as_catalog_match,/works/OL17519279W
Serena,The Phantom of the Opera,Gaston Leroux,,serena.csv,,Phantom of the Opera,/works/OL29954624W,title_author,/works/OL29954624W
Serena,The Plague,Albert Camus,,serena.csv,,,,unresolved,title:plague|author:camus
Serena,The Black Tulip,Alexandre Dumas,,serena.csv,,,,unresolved,title:black tulip|author:dumas
Serena,The Setting Sun,Osamu Dazai,,serena.csv,,The Setting Sun,/works/OL31495975W,title_author,/works/OL31495975W
Serena,Solaris,Stanisław Lem,,serena.csv,,Solaris,/works/OL109524W,title_author,/works/OL109524W
Serena,Suite Française,Irène Némirovsky,,serena.csv,,Suite française,/works/OL1308096W,title_author,/works/OL1308096W
Serena,The Kreutzer Sonata,Leo Tolstoy,,serena.csv,,,,unresolved,title:kreutzer sonata|author:tolstoy
Serena,First Love,Ivan Turgenev,,serena.csv,,First Love,/works/OL28645904W,title_author,/works/OL28645904W
Serena,The Scarlet Letter,Nathaniel Hawthorne,,serena.csv,,The Scarlet Letter,/works/OL455305W,title_author,/works/OL455305W
Serena,East of Eden,John Steinbeck,,serena.csv,,East of Eden,/works/OL23166W,title_author,/works/OL23166W
Serena,History (La storia),Elsa Morante,,serena.csv,,,,unresolved,title:history la storia|author:morante
Serena,The Beautiful Summer (Una bella estate),Cesare Pavese,,serena.csv,,,,unresolved,title:beautiful summer una bella estate|author:pavese
Serena,The Child of Pleasure (Il Piacere),Gabriele D'Annunzio,,serena.csv,,,,unresolved,title:child of pleasure il piacere|author:annunzio
Serena,Zeno's Conscience (La coscienza di Zeno),Italo Svevo,,serena.csv,,,,unresolved,title:zeno s conscience la coscienza di zeno|author:svevo
Sonia,A Scanner Darkly,"Dick, Philip K.",9780575076815,sonia.csv,,A Scanner Darkly,/works/OL2172433W,isbn,/works/OL2172433W
Sonia,Waiting,"Jin, Ha",9780375706417,sonia.csv,,Waiting,/works/OL14557W,isbn,/works/OL14557W
Sonia,"Dungeon Crawler Carl (Dungeon Crawler Carl, #1)","Dinniman, Matt",9780593820247,sonia.csv,,Dungeon Crawler Carl,/works/OL24593432W,isbn,/works/OL24593432W
Sonia,"Blueprint for Revolution: How to Use Rice Pudding, Lego Men, and Other Nonviolent Techniques to Galvanize Communities, Overthrow Dictators, or Simply Change the World","Popovic, Srdja",9780812995305,sonia.csv,,Blueprint for revolution,/works/OL19999140W,isbn,/works/OL19999140W
Sonia,American Hagwon,"Lee, Min Jin",9781538752036,sonia.csv,,,,unresolved,title:american hagwon|author:lee
Sonia,House of Leaves,"Danielewski, Mark Z.",,sonia.csv,,House of Leaves,/works/OL32195W,title_author,/works/OL32195W
Sonia,Kitten,"Yu, Stacey",9798217155064,sonia.csv,,Kitten,/works/OL45876580W,isbn,/works/OL45876580W
Sonia,Abundance,"Klein, Ezra",9781668023488,sonia.csv,,Abundance,/works/OL42415680W,isbn,/works/OL42415680W
Sonia,Inseparable,"Beauvoir, Simone de",9780063075047,sonia.csv,,Las inseparables,/works/OL24152897W,isbn,/works/OL24152897W
Sonia,"River East, River West","Rey Lescure, Aube",9780063257856,sonia.csv,,"River East, River West",/works/OL37628649W,isbn,/works/OL37628649W
Sonia,"Modern Love: True Stories of Love, Loss, and Redemption","Jones, Daniel",9780593137048,sonia.csv,,"Modern Love, Revised and Updated",/works/OL21343635W,isbn,/works/OL21343635W
Sonia,There Is No Antimemetics Division,qntm,,sonia.csv,,There Is No Antimemetics Division,/works/OL24726867W,title_author,/works/OL24726867W
Sonia,Everything Is Tuberculosis: The History and Persistence of Our Deadliest Infection,"Green, John",9780525556572,sonia.csv,,Everything Is Tuberculosis,/works/OL42401064W,isbn,/works/OL42401064W
Sonia,The Hunchback of Notre-Dame,"Hugo, Victor",9780451527882,sonia.csv,,Notre Dame de Paris,/works/OL15202030W,isbn,/works/OL15202030W
Sonia,Around the World in Eighty Days,"Verne, Jules",9780140449068,sonia.csv,,Le Tour du Monde en Quatre-Vingts Jours,/works/OL1100007W,isbn,/works/OL1100007W
Sonia,Death with Interruptions,"Saramago, José",9780151012749,sonia.csv,,Death with interruptions,/works/OL18200468W,isbn,/works/OL18200468W
Sonia,I Am a Strange Loop,"Hofstadter, Douglas R.",9780465030781,sonia.csv,,I Am a Strange Loop,/works/OL8067922W,isbn,/works/OL8067922W
Sonia,"The Fox in Winter (Eternal Path Trilogy, #2)","Hodgson, Antonia",,sonia.csv,,,,unresolved,title:fox in winter|author:hodgson
Sonia,"The Lion & the Deathless Dark (Crowns of Nyaxia, #5)","Broadbent, Carissa",,sonia.csv,,,,unresolved,title:lion the deathless dark|author:broadbent
Sonia,The Unicorn Hunters,"Arden, Katherine",9780593128282,sonia.csv,,The Unicorn Hunters,/works/OL45345107W,isbn,/works/OL45345107W
Sonia,The Last Contract of Isako,"Lee, Fonda",9780356526713,sonia.csv,,,,unresolved,title:last contract of isako|author:lee
Sonia,Killed by a Traffic Engineer: Shattering the Delusion that Science Underlies Our Transportation System,"Marshall, Wes",9781642833300,sonia.csv,,Killed by a Traffic Engineer,/works/OL37586537W,isbn,/works/OL37586537W
Sonia,The Brothers Karamazov,"Dostoevsky, Fyodor",9780374528379,sonia.csv,,Братья Карамазовы,/works/OL10432709W,isbn,/works/OL10432709W
Sonia,Shanzhai: Deconstruction in Chinese,"Han, Byung-Chul",,sonia.csv,,,,unresolved,title:shanzhai deconstruction in chinese|author:han
Sonia,Exit Interview: The Life and Death of My Ambitious Career,"Coulter, Kristi",9780374600907,sonia.csv,,Exit Interview,/works/OL34113385W,isbn,/works/OL34113385W
Sonia,"The Veiled Throne (The Dandelion Dynasty, #3)","Liu, Ken",9781481424332,sonia.csv,,Veiled Throne,/works/OL22033770W,isbn,/works/OL22033770W
Sonia,The Redemption of Time,Baoshu,9781788542203,sonia.csv,,The Redemption of Time,/works/OL20847868W,isbn,/works/OL20847868W
Sonia,"Tinker, Tailor, Soldier, Spy (George Smiley, #5; Karla Trilogy, #1)","le Carré, John",,sonia.csv,,,,unresolved,title:tinker tailor soldier spy|author:carre
Sonia,The Hard Thing About Hard Things: Building a Business When There Are No Easy Answers―Straight Talk on the Challenges of Entrepreneurship,"Horowitz, Ben",9780062273208,sonia.csv,,The Hard Thing About Hard Things,/works/OL16818208W,isbn,/works/OL16818208W
Sonia,Algorithms to Live By: The Computer Science of Human Decisions,"Christian, Brian",9781627790369,sonia.csv,,Algorithms to Live By,/works/OL17357767W,isbn,/works/OL17357767W
Sonia,"Blood Meridian, or, the Evening Redness in the West","McCarthy, Cormac",,sonia.csv,,,,unresolved,title:blood meridian or the evening redness in the west|author:mccarthy
Sonia,"The House in the Cerulean Sea (Cerulean Chronicles, #1)","Klune, T.J.",,sonia.csv,,,,unresolved,title:house in the cerulean sea|author:klune
Sonia,Normal People,"Rooney, Sally",9781984822178,sonia.csv,,Normal People,/works/OL20150260W,isbn,/works/OL20150260W
Sonia,Hillbilly Elegy: A Memoir of a Family and Culture in Crisis,"Vance, J.D.",,sonia.csv,,,,unresolved,title:hillbilly elegy a memoir of a family and culture in crisis|author:vance
Sonia,Chaos: The Making of a New Science,"Gleick, James",,sonia.csv,,,,unresolved,title:chaos the making of a new science|author:gleick
Sonia,Operation Paperclip: The Secret Intelligence Program that Brought Nazi Scientists to America,"Jacobsen, Annie",9780316221047,sonia.csv,,Operation paperclip,/works/OL16813636W,isbn,/works/OL16813636W
Sonia,The First Cell: And the Human Costs of Pursuing Cancer to the Last,"Raza, Azra",9781541699526,sonia.csv,,The first cell,/works/OL20505859W,isbn,/works/OL20505859W
Sonia,Ways of Seeing,"Berger, John",9780140135152,sonia.csv,,Ways of Seeing,/works/OL1980231W,isbn,/works/OL1980231W
Sonia,Bury Our Bones in the Midnight Soil,"Schwab, V.E.",9781035064649,sonia.csv,,Bury Our Bones in the Midnight Soil,/works/OL42419161W,isbn,/works/OL42419161W
Sonia,Race the Sands,"Durst, Sarah Beth",9780062888617,sonia.csv,,Race the Sands,/works/OL20692433W,isbn,/works/OL20692433W
Sonia,"Furies of Calderon (Codex Alera, #1)","Butcher, Jim",9780441012688,sonia.csv,,Furies of Calderon (Codex Alera # 1),/works/OL5961774W,isbn,/works/OL5961774W
Sonia,The Fall,"Camus, Albert",9780679720225,sonia.csv,,La chute,/works/OL1230631W,isbn,/works/OL1230631W
Sonia,The Denial of Death,"Becker, Ernest",,sonia.csv,,The Denial of Death,/works/OL154572W,title_author,/works/OL154572W
Sonia,Feeling Good: The New Mood Therapy,"Burns, David D.",9780380810338,sonia.csv,,Feeling Good,/works/OL4310025W,isbn,/works/OL4310025W
Sonia,The Sleep Book: How to Sleep Well Every Night,"Meadows, Guy",9781409149118,sonia.csv,,Good Sleepers Do Nothing,/works/OL35695706W,isbn,/works/OL35695706W
Sonia,James,"Everett, Percival",9780385550369,sonia.csv,,James,/works/OL36506504W,isbn,/works/OL36506504W
Sonia,A Sorceress Comes to Call,"Kingfisher, T.",9781250244079,sonia.csv,,Sorceress Comes to Call,/works/OL37939629W,isbn,/works/OL37939629W
Sonia,The Fox Wife,"Choo, Yangsze",9781250266019,sonia.csv,,Fox Wife,/works/OL37619913W,isbn,/works/OL37619913W
Sonia,Intermezzo,"Rooney, Sally",9780374602635,sonia.csv,,Intermezzo,/works/OL37949460W,isbn,/works/OL37949460W
Sonia,All the Colors of the Dark,"Whitaker, Chris",9780593798874,sonia.csv,,All the Colors of the Dark,/works/OL37616867W,isbn,/works/OL37616867W
Sonia,At the Existentialist Café,"Bakewell, Sarah",9780701186586,sonia.csv,,At the Existentialist Café,/works/OL17323751W,isbn,/works/OL17323751W
Sonia,What I Talk About When I Talk About Running,"Murakami, Haruki",,sonia.csv,,,,unresolved,title:what i talk about when i talk about running|author:murakami
Sonia,"War and Peace, Pevear and Volokhonsky trans.","Tolstoy, Leo",,sonia.csv,,,,unresolved,title:war and peace pevear and volokhonsky trans|author:tolstoy
Sonia,Connectome: How the Brain's Wiring Makes Us Who We Are,"Seung, Sebastian",9780547508184,sonia.csv,,Connectome,/works/OL16239476W,isbn,/works/OL16239476W
Sonia,Human Acts,"Han, Kang",9781101906729,sonia.csv,,소년이 온다,/works/OL17764836W,isbn,/works/OL17764836W
Sonia,"Captive Prince (Captive Prince, #1)","Pacat, C.S.",,sonia.csv,,Captive prince #1,/works/OL17360540W,title_author,/works/OL17360540W
Sonia,Permutation City,"Egan, Greg",9780061054815,sonia.csv,,Permutation City,/works/OL115336W,isbn,/works/OL115336W
Sonia,The Great Automatic Grammatizator,"Dahl, Roald",,sonia.csv,,The Great Automatic Grammatizator,/works/OL45808W,title_author,/works/OL45808W
Sonia,The Happiness Trap: How to Stop Struggling and Start Living: A Guide to ACT,"Harris, Russ",9781590305843,sonia.csv,,The Happiness Trap,/works/OL11806632W,isbn,/works/OL11806632W
Sonia,Letting Go: The Pathway To Surrender,"Hawkins, David R.",9781933885988,sonia.csv,,Letting go,/works/OL19764617W,isbn,/works/OL19764617W
Sonia,The Realm of the Nebulae,"Hubble, Edwin Powell",9780300025002,sonia.csv,,The realm of the nebulae,/works/OL1526193W,isbn,/works/OL1526193W
Sonia,"The Theory That Would Not Die: How Bayes' Rule Cracked the Enigma Code, Hunted Down Russian Submarines, and Emerged Triumphant from Two Centuries of Controversy","McGrayne, Sharon Bertsch",9780300169690,sonia.csv,,The Theory That Would Not Die,/works/OL16059512W,isbn,/works/OL16059512W
Sonia,A Different Universe: Reinventing Physics from the Bottom Down,"Laughlin, Robert B.",9780465038282,sonia.csv,,A Different Universe,/works/OL8203382W,isbn,/works/OL8203382W
Sonia,The Anxious Generation: How the Great Rewiring of Childhood Caused an Epidemic of Mental Illness,"Haidt, Jonathan",9780593655030,sonia.csv,,The Anxious Generation,/works/OL37575384W,isbn,/works/OL37575384W
Sonia,Chip War: The Fight for the World's Most Critical Technology,"Miller, Chris",9781982172008,sonia.csv,,Chip War,/works/OL27846746W,isbn,/works/OL27846746W
Sonia,Beijing Sprawl,"Xu, Zechen",9781949641325,sonia.csv,,Beijing Sprawl,/works/OL28866430W,isbn,/works/OL28866430W
Sonia,City of Quartz: Excavating the Future in Los Angeles,"Davis, Mike",9780679738060,sonia.csv,,City of Quartz,/works/OL1801116W,isbn,/works/OL1801116W
Sonia,"Why Nations Fail: The Origins of Power, Prosperity, and Poverty","Acemoğlu, Daron",9780307719218,sonia.csv,,Why Nations Fail,/works/OL16568759W,isbn,/works/OL16568759W
Sonia,Justice: A Reader,"Sandel, Michael J.",9780195335125,sonia.csv,,Justice,/works/OL1810923W,isbn,/works/OL1810923W
Sonia,What Money Can't Buy: The Moral Limits of Markets,"Sandel, Michael J.",9780374203030,sonia.csv,,What Money Can't Buy,/works/OL16451683W,isbn,/works/OL16451683W
Sonia,Reality is Not What it Seems,"Rovelli, Carlo",9785268439021,sonia.csv,,,,unresolved,title:reality is not what it seems|author:rovelli
Sonia,The Particle at the End of the Universe: How the Hunt for the Higgs Boson Leads Us to the Edge of a New World,"Carroll, Sean",9780525953593,sonia.csv,,The Particle at the End of the Universe,/works/OL16803831W,isbn,/works/OL16803831W
Sonia,Deep Work: Rules for Focused Success in a Distracted World,"Newport, Cal",9781455586660,sonia.csv,,Deep Work,/works/OL17713267W,isbn,/works/OL17713267W
Sonia,Dune Messiah (Dune #2),"Herbert, Frank",9780593098233,sonia.csv,,Dune Messiah,/works/OL893461W,isbn,/works/OL893461W
Sonia,"Poverty, by America","Desmond, Matthew",9780593239919,sonia.csv,,"Poverty, by America",/works/OL28357053W,isbn,/works/OL28357053W
Sonia,Death,"May, Todd",9781844651641,sonia.csv,,Death,/works/OL17541445W,isbn,/works/OL17541445W
Sonia,The Design of Everyday Things,"Norman, Donald A.",9780465067107,sonia.csv,,The Psychology of Everyday Things,/works/OL1879162W,isbn,/works/OL1879162W
Sonia,The Creative Act: A Way of Being,"Rubin, Rick",9780593652886,sonia.csv,,The Creative Act,/works/OL27955361W,isbn,/works/OL27955361W
Sonia,"Reinventing the Sacred: A New View of Science, Reason, and Religion","Kauffman, Stuart A.",9780465003006,sonia.csv,,Reinventing the sacred,/works/OL3493379W,isbn,/works/OL3493379W
Sonia,Lab Girl,"Jahren, Hope",9781101874936,sonia.csv,,Lab Girl,/works/OL17630208W,isbn,/works/OL17630208W
Sonia,Heaven and Hell: A History of the Afterlife,"Ehrman, Bart D.",9781501136733,sonia.csv,,Heaven and hell,/works/OL20705835W,isbn,/works/OL20705835W
Sonia,How to Be Perfect: The Correct Answer to Every Moral Question,"Schur, Michael",9781982159313,sonia.csv,,How to Be Perfect,/works/OL25468525W,isbn,/works/OL25468525W
Sonia,Waiting for Godot,"Beckett, Samuel",,sonia.csv,,,,unresolved,title:waiting for godot|author:beckett
Sonia,Stoner,"Williams, John",9781590171998,sonia.csv,,Stoner,/works/OL3511459W,isbn,/works/OL3511459W
Sonia,The Tell-Tale Heart and Other Writings,"Poe, Edgar Allan",9780553212280,sonia.csv,,The Tell-Tale Heart,/works/OL41059W,isbn,/works/OL41059W
Sonia,Go Tell It on the Mountain,"Baldwin, James",9780141185910,sonia.csv,,Go Tell It on the Mountain,/works/OL228705W,isbn,/works/OL228705W
Sonia,White Fang,"London, Jack",,sonia.csv,,White Fang,/works/OL74504W,title_author,/works/OL74504W
Sonia,Death of a Salesman,"Miller, Arthur",9780435233075,sonia.csv,,Death of a Salesman,/works/OL66346W,isbn,/works/OL66346W
Sonia,The House of Mirth,"Wharton, Edith",9781844082933,sonia.csv,,The House of Mirth,/works/OL98587W,isbn,/works/OL98587W
Sonia,Their Eyes Were Watching God,"Hurston, Zora Neale",9780061120060,sonia.csv,,Their Eyes Were Watching God,/works/OL27778127W,isbn,/works/OL27778127W
Sonia,The Age of Innocence,"Wharton, Edith",9781593081430,sonia.csv,,The Age of Innocence,/works/OL98491W,isbn,/works/OL98491W
Sonia,"Little Women (Little Women, #1)","Alcott, Louisa May",,sonia.csv,,,,unresolved,title:little women|author:alcott
Sonia,The Scarlet Letter,"Hawthorne, Nathaniel",9780142437261,sonia.csv,,The Scarlet Letter,/works/OL455305W,isbn,/works/OL455305W
Sonia,Labyrinths: Selected Stories & Other Writings,"Borges, Jorge Luis",9780811200127,sonia.csv,,Labyrinths,/works/OL110959W,isbn,/works/OL110959W
Sonia,"The Weight of Glory, and Other Addresses","Lewis, C.S.",9780020959809,sonia.csv,,The Weight of Glory,/works/OL71133W,isbn,/works/OL71133W
Sonia,The White Album,"Didion, Joan",9780374532079,sonia.csv,,The White Album,/works/OL8262105W,isbn,/works/OL8262105W
Sonia,Essays,"Orwell, George",,sonia.csv,,,,unresolved,title:essays|author:orwell
Sonia,Bird by Bird: Some Instructions on Writing and Life,"Lamott, Anne",9780385480017,sonia.csv,,Bird by Bird,/works/OL489421W,isbn,/works/OL489421W
Sonia,No Exit,"Sartre, Jean-Paul",9780573613050,sonia.csv,,No Exit,/works/OL37478751W,isbn,/works/OL37478751W
Sonia,Killers of the Flower Moon: The Osage Murders and the Birth of the FBI,"Grann, David",9780593470831,sonia.csv,,Killers of the Flower Moon,/works/OL17778665W,isbn,/works/OL17778665W
Sonia,The Sun Also Rises,"Hemingway, Ernest",,sonia.csv,,The Sun Also Rises,/works/OL62979W,title_author,/works/OL62979W
Sonia,I Who Have Never Known Men,"Harpman, Jacqueline",9781529111798,sonia.csv,,Moi qui n'ai pas connu les hommes,/works/OL102360W,isbn,/works/OL102360W
Sonia,Kaikeyi,"Patel, Vaishnavi",9780759557338,sonia.csv,,Kaikeyi,/works/OL25922938W,isbn,/works/OL25922938W
Sonia,"The Code Breaker: Jennifer Doudna, Gene Editing, and the Future of the Human Race","Isaacson, Walter",9781982115852,sonia.csv,,The Code Breaker,/works/OL24217656W,isbn,/works/OL24217656W
Sonia,My Fight / Your Fight,"Rousey, Ronda",9781941393260,sonia.csv,,"My fight, your fight",/works/OL20002065W,isbn,/works/OL20002065W
Sonia,Putting Ourselves Back in the Equation: Why Physicists Are Studying Human Consciousness and AI to Unravel the Mysteries of the Universe,"Musser, George",9780374238766,sonia.csv,,Putting Ourselves Back in the Equation,/works/OL34097279W,isbn,/works/OL34097279W
Sonia,Play It As It Lays,"Didion, Joan",9780374529949,sonia.csv,,Play It as It Lays,/works/OL500177W,isbn,/works/OL500177W
Sonia,How to Know a Person: The Art of Seeing Others Deeply and Being Deeply Seen,"Brooks, David",9780593230084,sonia.csv,,How to Know a Person,/works/OL35724161W,isbn,/works/OL35724161W
Sonia,Being Mortal: Medicine and What Matters in the End,"Gawande, Atul",9780805095159,sonia.csv,,Being Mortal,/works/OL17079567W,isbn,/works/OL17079567W
Sonia,"The Bedlam Stacks (The Watchmaker of Filigree Street, #1.5)","Pulley, Natasha",9781620409671,sonia.csv,,The Bedlam Stacks,/works/OL19652686W,isbn,/works/OL19652686W
Sonia,"Six Scorched Roses (Crowns of Nyaxia, #1.5)","Broadbent, Carissa",,sonia.csv,,,,unresolved,title:six scorched roses|author:broadbent
Sonia,I'll Give You the Sun,"Nelson, Jandy",9780803734968,sonia.csv,,I'll Give You the Sun,/works/OL17081977W,isbn,/works/OL17081977W
Sonia,Shoe Dog: A Memoir by the Creator of Nike,"Knight, Phil",9781501135910,sonia.csv,,Shoe Dog,/works/OL17825802W,isbn,/works/OL17825802W
Sonia,Untethered Sky,"Lee, Fonda",9781250842466,sonia.csv,,Untethered Sky,/works/OL27893286W,isbn,/works/OL27893286W
Sonia,A Woman Is No Man,"Rum, Etaf",9780062699763,sonia.csv,,A Woman Is No Man,/works/OL20152974W,isbn,/works/OL20152974W
Sonia,"Legendborn (The Legendborn Cycle, #1)","Deonn, Tracy",9781534441606,sonia.csv,,Legendborn,/works/OL20991847W,isbn,/works/OL20991847W
Sonia,"Divine Rivals (Letters of Enchantment, #1)","Ross, Rebecca",9781250857439,sonia.csv,,Divine Rivals,/works/OL27893158W,isbn,/works/OL27893158W
Sonia,"The Jasmine Throne (The Burning Kingdoms, #1)","Suri, Tasha",9780356515649,sonia.csv,,The Jasmine Throne,/works/OL24151326W,isbn,/works/OL24151326W
Sonia,The Warm Hands of Ghosts,"Arden, Katherine",9780593128251,sonia.csv,,Warm Hands of Ghosts,/works/OL37581809W,isbn,/works/OL37581809W
Sonia,Our Wives Under the Sea,"Armfield, Julia",9781529017229,sonia.csv,,Our Wives Under the Sea,/works/OL25323647W,isbn,/works/OL25323647W
Sonia,The Measure,"Erlick, Nikki",9780063204201,sonia.csv,,The Measure,/works/OL25342555W,isbn,/works/OL25342555W
Sonia,Demon Copperhead,"Kingsolver, Barbara",,sonia.csv,,Demon Copperhead,/works/OL27052926W,title_author,/works/OL27052926W
Sonia,Remarkably Bright Creatures,"Van Pelt, Shelby",9780063204157,sonia.csv,,Remarkably Bright Creatures,/works/OL25382083W,isbn,/works/OL25382083W
Sonia,The Immortal King Rao,"Vara, Vauhini",9780393541755,sonia.csv,,Immortal King Rao - a Novel,/works/OL26510368W,isbn,/works/OL26510368W
Sonia,"Happy Sexy Millionaire: Unexpected Truths about Fulfillment, Love, and Success","Bartlett, Steven",9781529301496,sonia.csv,,Happy Sexy Millionaire,/works/OL21686319W,isbn,/works/OL21686319W
Sonia,Of Molecules and Men,"Crick, Francis",9781591021858,sonia.csv,,Of molecules and men,/works/OL3948844W,isbn,/works/OL3948844W
Sonia,What Mad Pursuit: A Personal View of Scientific Discovery,"Crick, Francis",9780465091386,sonia.csv,,What mad pursuit,/works/OL3948849W,isbn,/works/OL3948849W
Sonia,The Double Helix,"Watson, James D.",9780451037701,sonia.csv,,The double helix,/works/OL2125469W,isbn,/works/OL2125469W
Sonia,The Right to Sex: Feminism in the Twenty-First Century,"Srinivasan, Amia",9780374721039,sonia.csv,,The Right to Sex,/works/OL25294356W,isbn,/works/OL25294356W
Sonia,Água Viva,"Lispector, Clarice",9780811219907,sonia.csv,,Água viva,/works/OL1002156W,isbn,/works/OL1002156W
Sonia,The Love Hypothesis,"Hazelwood, Ali",9780593336823,sonia.csv,,The Love Hypothesis,/works/OL24178205W,isbn,/works/OL24178205W
Sonia,Lessons in Chemistry,"Garmus, Bonnie",,sonia.csv,,Lessons in Chemistry,/works/OL25344431W,title_author,/works/OL25344431W
Sonia,Crying in H Mart,"Zauner, Michelle",9780525657743,sonia.csv,,Crying in H Mart,/works/OL22448002W,isbn,/works/OL22448002W
Sonia,Cloud Cuckoo Land,"Doerr, Anthony",9781982168438,sonia.csv,,Cloud Cuckoo Land,/works/OL24164954W,isbn,/works/OL24164954W
Sonia,The Night Watchman,"Erdrich, Louise",9780062671202,sonia.csv,,The Night Watchman,/works/OL20649930W,isbn,/works/OL20649930W
Sonia,"Altered Carbon (Takeshi Kovacs, #1)","Morgan, Richard K.",,sonia.csv,,,,unresolved,title:altered carbon|author:morgan
Sonia,"Daughter of the Moon Goddess (The Celestial Kingdom, #1)","Tan, Sue Lynn",9780063031302,sonia.csv,,Daughter of the Moon Goddess,/works/OL25798494W,isbn,/works/OL25798494W
Sonia,Fairy Tale,"King, Stephen",9781668002179,sonia.csv,,Fairy Tale,/works/OL27589863W,isbn,/works/OL27589863W
Sonia,"Hunt the Stars (Starlight's Shadow, #1)","Mihalik, Jessie",9780063051034,sonia.csv,,Hunt the Stars,/works/OL24494308W,isbn,/works/OL24494308W
Sonia,The Posthumous Memoirs of Brás Cubas,"Assis, Machado de",9780195101706,sonia.csv,,Memórias póstumas de Brás Cubas,/works/OL1003017W,isbn,/works/OL1003017W
Sonia,The Ghost Bride,"Choo, Yangsze",9780062227324,sonia.csv,,The ghost bride,/works/OL17939692W,isbn,/works/OL17939692W
Sonia,"Kingdom of the Wicked (Kingdom of the Wicked, #1)","Maniscalco, Kerri",9780316428460,sonia.csv,,Kingdom of the Wicked,/works/OL21676651W,isbn,/works/OL21676651W
Sonia,Soulswift,"Bannen, Megan",9780062674180,sonia.csv,,Soulswift,/works/OL21903024W,isbn,/works/OL21903024W
Sonia,When Nietzsche Wept,"Yalom, Irvin D.",9780060748128,sonia.csv,,When Nietzsche Wept,/works/OL2680436W,isbn,/works/OL2680436W
Sonia,Recursion,"Crouch, Blake",9781524759780,sonia.csv,,Recursion,/works/OL20073906W,isbn,/works/OL20073906W
Sonia,A Thousand Ships,"Haynes, Natalie",9780063065390,sonia.csv,,A Thousand Ships,/works/OL20922643W,isbn,/works/OL20922643W
Sonia,"The Persian Boy (Alexander the Great, #2)","Renault, Mary",9780394751016,sonia.csv,,The Persian Boy,/works/OL3906363W,isbn,/works/OL3906363W
Sonia,Pandora's Jar: Women in the Greek Myths,"Haynes, Natalie",9780063139466,sonia.csv,,Pandora's Jar,/works/OL24326622W,isbn,/works/OL24326622W
Sonia,"All Systems Red (The Murderbot Diaries, #1)","Wells, Martha",,sonia.csv,,,,unresolved,title:all systems red|author:wells
Sonia,"The Hidden Palace (The Golem and the Jinni, #2)","Wecker, Helene",9780062468741,sonia.csv,,The Hidden Palace,/works/OL24153055W,isbn,/works/OL24153055W
Sonia,A Man Called Ove,"Backman, Fredrik",9781476738017,sonia.csv,,En man som heter Ove,/works/OL16793865W,isbn,/works/OL16793865W
Sonia,Middlesex,"Eugenides, Jeffrey",9780312422158,sonia.csv,,Middlesex,/works/OL3951520W,isbn,/works/OL3951520W
Sonia,The Forest of Enchantments,"Divakaruni, Chitra Banerjee",9789353025984,sonia.csv,,Forest of Enchantments,/works/OL21867623W,isbn,/works/OL21867623W
Sonia,"Everybody Lies: Big Data, New Data, and What the Internet Can Tell Us About Who We Really Are","Stephens-Davidowitz, Seth",9780062390851,sonia.csv,,Everybody Lies,/works/OL17713946W,isbn,/works/OL17713946W
Sonia,Weapons of Math Destruction: How Big Data Increases Inequality and Threatens Democracy,"O'Neil, Cathy",9780553418811,sonia.csv,,Weapons of Math Destruction,/works/OL17840708W,isbn,/works/OL17840708W
Sonia,"Middlegame (Alchemical Journeys, #1)","McGuire, Seanan",9781250195517,sonia.csv,,Middlegame,/works/OL21858294W,isbn,/works/OL21858294W
Sonia,The Age of Living Machines: How Biology Will Build the Next Technology Revolution,"Hockfield, Susan",9780393634747,sonia.csv,,The Age of Living Machines,/works/OL20163196W,isbn,/works/OL20163196W
Sonia,The Sound and the Fury,"Faulkner, William",,sonia.csv,,The Sound and the Fury,/works/OL82870W,title_author,/works/OL82870W
Sonia,"The Book of Lost Things (The Book of Lost Things, #1)","Connolly, John",9780743298858,sonia.csv,,The book of lost things,/works/OL1998803W,isbn,/works/OL1998803W
Sonia,The Stand,"King, Stephen",,sonia.csv,,The Stand,/works/OL81618W,title_author,/works/OL81618W
Sonia,From Bacteria to Bach and Back: The Evolution of Minds,"Dennett, Daniel C.",9780393355505,sonia.csv,,From Bacteria to Bach and Back: The Evolution of Minds,/works/OL19168939W,isbn,/works/OL19168939W
Sonia,Regenesis: How Synthetic Biology Will Reinvent Nature and Ourselves,"Church, George M.",9780465021758,sonia.csv,,Regenesis,/works/OL16681272W,isbn,/works/OL16681272W
Sonia,Stories of Your Life and Others,"Chiang, Ted",9780330426640,sonia.csv,,Stories of Your Life and Others,/works/OL6216050W,isbn,/works/OL6216050W
Sonia,The Etymologicon: A Circular Stroll through the Hidden Connections of the English Language,"Forsyth, Mark",,sonia.csv,,,,unresolved,title:etymologicon a circular stroll through the hidden connections of the english language|author:forsyth
Sonia,The Body: A Guide for Occupants,"Bryson, Bill",9780385539302,sonia.csv,,The Body,/works/OL20333471W,isbn,/works/OL20333471W
Sonia,The Ten Thousand Doors of January,"Harrow, Alix E.",9780316421997,sonia.csv,,The Ten Thousand Doors of January,/works/OL20074045W,isbn,/works/OL20074045W
Sonia,One Flew Over the Cuckoo’s Nest,"Kesey, Ken",,sonia.csv,,One Flew Over the Cuckoo's Nest,/works/OL2944469W,title_author,/works/OL2944469W
Sonia,The Guns of August,"Tuchman, Barbara W.",9780345476098,sonia.csv,,The Guns of August,/works/OL3378527W,isbn,/works/OL3378527W
Sonia,Drinking Coffee Elsewhere,"Packer, ZZ",9781573223782,sonia.csv,,Drinking Coffee Elsewhere,/works/OL5962973W,isbn,/works/OL5962973W
Sonia,The God of Small Things,"Roy, Arundhati",9780679457312,sonia.csv,,The God of Small Things,/works/OL1052133W,isbn,/works/OL1052133W
Sonia,The Rebel: An Essay on Man in Revolt,"Camus, Albert",9780679733843,sonia.csv,,L'Homme révolté,/works/OL1230600W,isbn,/works/OL1230600W
Sonia,Black Tabs,"Schwab, V.E.",,sonia.csv,,,,unresolved,title:black tabs|author:schwab
Sonia,"Thinking, Fast and Slow","Kahneman, Daniel",9780374275631,sonia.csv,,"Thinking, fast and slow",/works/OL15992072W,isbn,/works/OL15992072W
Sonia,The Selfish Gene,"Dawkins, Richard",9780199291151,sonia.csv,,The Selfish Gene,/works/OL1966488W,isbn,/works/OL1966488W
Sonia,A Clockwork Orange,"Burgess, Anthony",,sonia.csv,,A Clockwork Orange,/works/OL261794W,title_author,/works/OL261794W
Sonia,Siddhartha,"Hesse, Hermann",,sonia.csv,,Siddhartha,/works/OL872932W,title_author,/works/OL872932W
Sonia,Lincoln in the Bardo,"Saunders, George",9780812995343,sonia.csv,,Lincoln in the Bardo,/works/OL17635834W,isbn,/works/OL17635834W
Sonia,"Lonesome Dove (Lonesome Dove, #1)","McMurtry, Larry",9780671683900,sonia.csv,,Lonesome Dove,/works/OL134601W,isbn,/works/OL134601W
Sonia,The Liars' Club,"Karr, Mary",9780143035749,sonia.csv,,The Liars' Club,/works/OL2745581W,isbn,/works/OL2745581W
Sonia,Song of Solomon,"Morrison, Toni",,sonia.csv,,Song of Solomon,/works/OL50564W,title_author,/works/OL50564W
Sonia,"Enlightenment Now: The Case for Reason, Science, Humanism, and Progress","Pinker, Steven",9780525427575,sonia.csv,,Enlightenment now,/works/OL17848539W,isbn,/works/OL17848539W
Sonia,I'll Be Gone in the Dark,"McNamara, Michelle",,sonia.csv,,I'll Be Gone in the Dark,/works/OL18195597W,title_author,/works/OL18195597W
Sonia,The Tangled Tree: A Radical New History of Life,"Quammen, David",9781476776620,sonia.csv,,The tangled tree,/works/OL19749017W,isbn,/works/OL19749017W
Sonia,Station Eleven,"Mandel, Emily St. John",9780385353304,sonia.csv,,Station Eleven,/works/OL17202418W,isbn,/works/OL17202418W
Sonia,Collected Fictions,"Borges, Jorge Luis",,sonia.csv,,Collected Fictions,/works/OL444723W,title_author,/works/OL444723W
Sonia,The Book of Laughter and Forgetting,"Kundera, Milan",9780060932145,sonia.csv,,Kniha smíchu a zapomnění,/works/OL10402330W,isbn,/works/OL10402330W
Sonia,A Brief History of Time,"Hawking, Stephen W.",9780553380163,sonia.csv,,A Brief History of Time,/works/OL1892617W,isbn,/works/OL1892617W
Sonia,Small Fry: A Memoir,"Brennan-Jobs, Lisa",9780802128232,sonia.csv,,Small Fry,/works/OL18144320W,isbn,/works/OL18144320W
Sonia,The Overstory,"Powers, Richard",9780393635522,sonia.csv,,The Overstory,/works/OL19074847W,isbn,/works/OL19074847W
Sonia,The Human Condition,"Arendt, Hannah",9780226025988,sonia.csv,,The Human Condition,/works/OL10460638W,isbn,/works/OL10460638W
Sonia,The Baron in the Trees,"Calvino, Italo",,sonia.csv,,The Baron in the Trees,/works/OL29243966W,title_author,/works/OL29243966W
Sonia,If Our Bodies Could Talk: A Guide to Operating and Maintaining a Human Body,"Hamblin, James",9780385540971,sonia.csv,,If Our Bodies Could Talk,/works/OL19346436W,isbn,/works/OL19346436W
Sonia,Born a Crime: Stories from a South African Childhood,"Noah, Trevor",9780385689229,sonia.csv,,Born a Crime,/works/OL17824318W,isbn,/works/OL17824318W
Sonia,The Serengeti Rules: The Quest to Discover How Life Works and Why It Matters,"Carroll, Sean B.",9780691167428,sonia.csv,,The Serengeti rules,/works/OL20022363W,isbn,/works/OL20022363W
Sonia,"The Blade Itself (The First Law, #1)","Abercrombie, Joe",9780575079793,sonia.csv,,The Blade Itself,/works/OL8400950W,isbn,/works/OL8400950W
Sonia,The Invention of Nature: Alexander von Humboldt's New World,"Wulf, Andrea",9780385350662,sonia.csv,,The Invention of Nature,/works/OL17323380W,isbn,/works/OL17323380W
Sonia,Dreamland: The True Tale of America's Opiate Epidemic,"Quinones, Sam",9781620402504,sonia.csv,,Dreamland,/works/OL20003774W,isbn,/works/OL20003774W
Sonia,"The Long Earth (The Long Earth, #1)","Pratchett, Terry",9780062067753,sonia.csv,,The long earth,/works/OL16769202W,isbn,/works/OL16769202W
Sonia,Educated,"Westover, Tara",9780399590504,sonia.csv,,Educated,/works/OL18139176W,isbn,/works/OL18139176W
Sonia,Cat's Cradle,"Vonnegut Jr., Kurt",,sonia.csv,,Cat's Cradle,/works/OL98454W,title_author,/works/OL98454W
Sonia,The Loser,"Bernhard, Thomas",9780307773463,sonia.csv,,,,unresolved,title:loser|author:bernhard
Sonia,Blindness,"Saramago, José",,sonia.csv,,,,unresolved,title:blindness|author:saramago
Sonia,The Outsiders,"Hinton, S.E.",9780670532575,sonia.csv,,The Outsiders,/works/OL2718328W,isbn,/works/OL2718328W
Sonia,Don Quixote,"Cervantes Saavedra, Miguel de",,sonia.csv,,,,unresolved,title:don quixote|author:saavedra
Sonia,Sea Prayer,"Hosseini, Khaled",9781526602718,sonia.csv,,Sea Prayer,/works/OL19753342W,isbn,/works/OL19753342W
Sonia,The Stepford Wives,"Levin, Ira",9780062037602,sonia.csv,,The Stepford Wives,/works/OL28319W,isbn,/works/OL28319W
Sonia,The Silvered,"Huff, Tanya",9780756407438,sonia.csv,,The silvered,/works/OL19957290W,isbn,/works/OL19957290W
Sonia,And Then There Were None,"Christie, Agatha",9780312330873,sonia.csv,,And Then There Were None,/works/OL471565W,isbn,/works/OL471565W
Sonia,Homegoing,"Gyasi, Yaa",,sonia.csv,,Homegoing,/works/OL17795349W,title_author,/works/OL17795349W
Sonia,Waiting on a Bright Moon,"Yang, J.Y.",9780765398901,sonia.csv,,Waiting on a Bright Moon: A Tor.com Original,/works/OL19800226W,isbn,/works/OL19800226W
Sonia,The Prince,"Machiavelli, Niccolò",9780937832387,sonia.csv,,The Prince,/works/OL1089297W,isbn,/works/OL1089297W
Sonia,Drown,"Díaz, Junot",9781573226066,sonia.csv,,Drown,/works/OL3268320W,isbn,/works/OL3268320W
Sonia,The Bone Clocks,"Mitchell, David",9781400065677,sonia.csv,,The Bone Clocks,/works/OL17078738W,isbn,/works/OL17078738W
Sonia,"Good Omens: The Nice and Accurate Prophecies of Agnes Nutter, Witch","Pratchett, Terry",,sonia.csv,,,,unresolved,title:good omens the nice and accurate prophecies of agnes nutter witch|author:pratchett
Sonia,Tenth of December,"Saunders, George",9780812993806,sonia.csv,,Tenth of December,/works/OL16599873W,isbn,/works/OL16599873W
Sonia,The Namesake,"Lahiri, Jhumpa",9780618485222,sonia.csv,,El Buen Nombre (Lingua Franca),/works/OL2001056W,isbn,/works/OL2001056W
Sonia,Frankenstein,"Shelley, Mary",9780143131847,sonia.csv,,"Mary Shelley's Frankenstein; or, the Modern Prometheus (1818 text)",/works/OL25595002W,isbn,/works/OL25595002W
Sonia,Night,"Wiesel, Elie",9780374500016,sonia.csv,,La Nuit,/works/OL14856842W,isbn,/works/OL14856842W
Sonia,Pale Fire,"Nabokov, Vladimir",,sonia.csv,,Pale Fire,/works/OL627081W,title_author,/works/OL627081W
Sonia,The Left Hand of Darkness,"Le Guin, Ursula K.",,sonia.csv,,The Left Hand of Darkness,/works/OL59800W,title_author,/works/OL59800W
Sonia,The Raven and the Reindeer,"Kingfisher, T.",,sonia.csv,,,,unresolved,title:raven and the reindeer|author:kingfisher
Sonia,Catch-22,"Heller, Joseph",9780684833392,sonia.csv,,Catch-22,/works/OL276798W,isbn,/works/OL276798W
Sonia,Mudbound,"Jordan, Hillary",9781565125698,sonia.csv,,Mudbound,/works/OL9848102W,isbn,/works/OL9848102W
Sonia,The Amazing Adventures of Kavalier & Clay,"Chabon, Michael",9780312282998,sonia.csv,,The Amazing Adventures of Kavalier & Clay,/works/OL119436W,isbn,/works/OL119436W
Sonia,The House of the Spirits,"Allende, Isabel",9780553383805,sonia.csv,,La casa de los espíritus,/works/OL1905255W,isbn,/works/OL1905255W
Sonia,Notes from Underground,"Dostoevsky, Fyodor",9780679734529,sonia.csv,,Записки изъ подполья,/works/OL21025633W,isbn,/works/OL21025633W
Sonia,Jubilee,"Walker, Margaret",9780544812192,sonia.csv,,Jubilee,/works/OL1182539W,isbn,/works/OL1182539W
Sonia,The Ocean at the End of the Lane,"Gaiman, Neil",,sonia.csv,,The Ocean at the End of the Lane,/works/OL16804661W,title_author,/works/OL16804661W
Sonia,The Poisonwood Bible,"Kingsolver, Barbara",9780060786502,sonia.csv,,The Poisonwood Bible,/works/OL1846845W,isbn,/works/OL1846845W
Sonia,"The Traitor Baru Cormorant (The Masquerade, #1)","Dickinson, Seth",9780765380722,sonia.csv,,The Traitor Baru Cormorant (Baru Cormorant #1),/works/OL17877492W,isbn,/works/OL17877492W
Sonia,Pastel Orphans,"Liviero, Gemma",9781477880142,sonia.csv,,,,unresolved,title:pastel orphans|author:liviero
Sonia,"The Curse of Chalion (World of the Five Gods, #1)","Bujold, Lois McMaster",9780007133611,sonia.csv,,The Curse of Chalion,/works/OL56910W,isbn,/works/OL56910W
Sonia,Anthem,"Rand, Ayn",9780452281257,sonia.csv,,Anthem,/works/OL731737W,isbn,/works/OL731737W
Sonia,Trail of Broken Wings,"Badani, Sejal",9781477872079,sonia.csv,,,,unresolved,title:trail of broken wings|author:badani
Sonia,Slaughterhouse-Five,"Vonnegut Jr., Kurt",,sonia.csv,,Slaughterhouse-Five,/works/OL98459W,title_author,/works/OL98459W
Sonia,The Thorn Birds,"McCullough, Colleen",,sonia.csv,,The Thorn Birds,/works/OL1882556W,title_author,/works/OL1882556W
Sonia,"All the Birds, Singing","Wyld, Evie",9780307907769,sonia.csv,,"All the birds, singing",/works/OL19975877W,isbn,/works/OL19975877W
Sonia,"Sand (The Sand Chronicles, #1)","Howey, Hugh",9780099595151,sonia.csv,,Sand,/works/OL19979112W,isbn,/works/OL19979112W
Sonia,"The Game of Kings (The Lymond Chronicles, #1)","Dunnett, Dorothy",9780679777434,sonia.csv,,The Game of Kings,/works/OL568652W,isbn,/works/OL568652W
Sonia,"Black: The Birth of Evil (The Circle, #1)","Dekker, Ted",9781595540218,sonia.csv,,Black,/works/OL5705728W,isbn,/works/OL5705728W
Sonia,The Beautiful and Damned,"Fitzgerald, F. Scott",9780743451505,sonia.csv,,The Beautiful and Damned,/works/OL468362W,isbn,/works/OL468362W
Sonia,The Recognitions,"Gaddis, William",9780140187083,sonia.csv,,The Recognitions,/works/OL3412512W,isbn,/works/OL3412512W
Sonia,Infinite Jest,"Wallace, David Foster",,sonia.csv,,Infinite Jest,/works/OL2943602W,title_author,/works/OL2943602W
Sonia,"The Blue Sword (Damar, #1)","McKinley, Robin",9780441068807,sonia.csv,,The Blue Sword,/works/OL109416W,isbn,/works/OL109416W
Sonia,Cloud Atlas,"Mitchell, David",9780375507250,sonia.csv,,Cloud Atlas,/works/OL482454W,isbn,/works/OL482454W
Sonia,The Secret History,"Tartt, Donna",9781400031702,sonia.csv,,The Secret History,/works/OL4321141W,isbn,/works/OL4321141W
Sonia,American Elsewhere,"Bennett, Robert Jackson",9780316200202,sonia.csv,,American elsewhere,/works/OL16618461W,isbn,/works/OL16618461W
Sonia,The Radium Girls: The Dark Story of America’s Shining Women,"Moore, Kate",9781492649359,sonia.csv,,The radium girls,/works/OL19663676W,isbn,/works/OL19663676W
Sonia,Little Fires Everywhere,"Ng, Celeste",9780735224292,sonia.csv,,Little Fires Everywhere,/works/OL17821431W,isbn,/works/OL17821431W
Sonia,"Beartown (Beartown, #1)","Backman, Fredrik",9781501160769,sonia.csv,,Beartown,/works/OL20654696W,isbn,/works/OL20654696W
Sonia,Release,"Ness, Patrick",9781406377279,sonia.csv,,"Release [Paperback] [Jan 01, 2006] hans ulrich obrist; liam gillick; ari marcopoulos; ugo rondinone; richard prince; monica bonvicini; fabrice stroun; william kentridge; pierre huyghe and jim shaw",/works/OL24315297W,isbn,/works/OL24315297W
Sonia,"Sleeping Giants (Themis Files, #1)","Neuvel, Sylvain",9781101886694,sonia.csv,,Sleeping Giants,/works/OL19347030W,isbn,/works/OL19347030W
Sonia,Born with Teeth,"Mulgrew, Kate",9780316334310,sonia.csv,,Born with teeth,/works/OL19997005W,isbn,/works/OL19997005W
Sonia,Dark Matter,"Crouch, Blake",9781101904220,sonia.csv,,Dark Matter,/works/OL17358795W,isbn,/works/OL17358795W
Sonia,The Count of Monte Cristo,"Dumas, Alexandre",9780140449266,sonia.csv,,"Le Comte de Monte-Cristo, II",/works/OL36287W,isbn,/works/OL43161739W
Sonia,"Dune (Dune, #1)","Herbert, Frank",9780340839935,sonia.csv,,Dune,/works/OL893414W,isbn,/works/OL893414W
Sonia,"The Pillars of the Earth (Kingsbridge, #1)","Follett, Ken",9780451222138,sonia.csv,,The Pillars of the Earth,/works/OL1914022W,isbn,/works/OL1914022W
Sonia,"Sing, Unburied, Sing","Ward, Jesmyn",,sonia.csv,,"Sing, Unburied, Sing",/works/OL17826879W,title_author,/works/OL17826879W
Sonia,"Dragonflight (Dragonriders of Pern, #1)","McCaffrey, Anne",9780345484260,sonia.csv,,Dragonflight,/works/OL73387W,isbn,/works/OL73387W
Sonia,"Malice (The Faithful and the Fallen, #1)","Gwynne, John",9780230758452,sonia.csv,,Malice,/works/OL19347291W,isbn,/works/OL19347291W
Sonia,Life on the Edge: The Coming of Age of Quantum Biology,"McFadden, Johnjoe",9780307986818,sonia.csv,,Life on the edge,/works/OL19665622W,isbn,/works/OL19665622W
Sonia,Salt: A World History,"Kurlansky, Mark",9780142001615,sonia.csv,,Salt,/works/OL16026786W,isbn,/works/OL16026786W
Sonia,The Leopard,"Tomasi di Lampedusa, Giuseppe",9780679731214,sonia.csv,,Il Gattopardo,/works/OL2386305W,isbn,/works/OL2386305W
Sonia,Snow Country,"Kawabata, Yasunari",9780679761044,sonia.csv,,雪国,/works/OL2045111W,isbn,/works/OL2045111W
Sonia,The Plague,"Camus, Albert",,sonia.csv,,,,unresolved,title:plague|author:camus
Sonia,Dracula,"Stoker, Bram",9780141325668,sonia.csv,,Dracula,/works/OL85892W,isbn,/works/OL85892W
Sonia,"The Gunslinger (The Dark Tower, #1)","King, Stephen",,sonia.csv,,,,unresolved,title:gunslinger|author:king
Sonia,Anna Karenina,"Tolstoy, Leo",9780345803924,sonia.csv,,Anna Karenina,/works/OL17519279W,isbn,/works/OL17519279W
Sonia,Of Mice and Men,"Steinbeck, John",9780142000670,sonia.csv,,Of Mice and Men,/works/OL23204W,isbn,/works/OL23204W
Sonia,"First Shift: Legacy (Shift, #1)","Howey, Hugh",,sonia.csv,,,,unresolved,title:first shift legacy|author:howey
Sonia,"Life After Life (Todd Family, #1)","Atkinson, Kate",9780316176484,sonia.csv,,Life After Life,/works/OL16810448W,isbn,/works/OL16810448W
Sonia,The Nightingale,"Hannah, Kristin",9780312577223,sonia.csv,,The Nightingale,/works/OL17116910W,isbn,/works/OL17116910W
Sonia,Salt to the Sea,"Sepetys, Ruta",,sonia.csv,,Salt to the Sea,/works/OL24864153W,title_author,/works/OL24864153W
Sonia,Ghosts,"Telgemeier, Raina",9780545540612,sonia.csv,,Ghosts,/works/OL17603398W,isbn,/works/OL17603398W
Sonia,Shrill: Notes from a Loud Woman,"West, Lindy",9780316348409,sonia.csv,,Shrill,/works/OL20028150W,isbn,/works/OL20028150W
Sonia,The Glass Castle,"Walls, Jeannette",9780743247542,sonia.csv,,The Glass Castle,/works/OL46760W,isbn,/works/OL46760W
Sonia,The Dreamer,"Ryan, Pam Muñoz",9780439269704,sonia.csv,,The Dreamer,/works/OL15408610W,isbn,/works/OL15408610W
Sonia,The Bookseller of Kabul,"Seierstad, Åsne",9780316159418,sonia.csv,,Bokhandleren i Kabul,/works/OL6020605W,isbn,/works/OL6020605W
Sonia,"Haroun and the Sea of Stories (Khalifa Brothers, #1)","Rushdie, Salman",9780670886586,sonia.csv,,Haroun and the Sea of Stories,/works/OL457172W,isbn,/works/OL457172W
Sonia,All Quiet on the Western Front,"Remarque, Erich Maria",9780449213940,sonia.csv,,Im Westen nichts Neues,/works/OL1209288W,isbn,/works/OL1209288W
Sonia,The Sound of Waves,"Mishima, Yukio",,sonia.csv,,,,unresolved,title:sound of waves|author:mishima
Sonia,The Boys in the Boat: Nine Americans and Their Epic Quest for Gold at the 1936 Berlin Olympics,"Brown, Daniel James",9780670025817,sonia.csv,,The Boys in the Boat,/works/OL17038299W,isbn,/works/OL17038299W
Sonia,"The Architect of Song (Haunted Hearts Legacy, #1)","Howard, A.G.",,sonia.csv,,,,unresolved,title:architect of song|author:howard
Sonia,"The Color Purple (The Color Purple, #1)","Walker, Alice",,sonia.csv,,,,same_title_as_catalog_match,/works/OL273644W
Sonia,Inferno,Dante Alighieri,9780812970067,sonia.csv,,Inferno,/works/OL93227W,isbn,/works/OL93227W
Sonia,The Grapes of Wrath,"Steinbeck, John",9780670016907,sonia.csv,,The Grapes of Wrath,/works/OL23205W,isbn,/works/OL23205W
Sonia,Les Misérables,"Hugo, Victor",9780451525260,sonia.csv,,Les Misérables,/works/OL1063588W,isbn,/works/OL1063588W
Sonia,I Am Malala: The Story of the Girl Who Stood Up for Education and Was Shot by the Taliban,"Yousafzai, Malala",9780316322409,sonia.csv,,I am Malala,/works/OL19669045W,isbn,/works/OL19669045W
Sonia,"Absalom, Absalom",Faulkner,,sonia.csv,Additional title from original handwritten list; alternative choices; count at most one for this person,"Absalom, Absalom!",/works/OL82928W,title_author,/works/OL82928W
Sonia,Dubliners,Joyce,,sonia.csv,Additional title from original handwritten list,Dubliners,/works/OL86320W,title_author,/works/OL86320W
Sonia,On the Road,Kerouac,,sonia.csv,Additional title from original handwritten list; alternative choices; count at most one for this person,On The Road,/works/OL65906W,title_author,/works/OL65906W
Sonia,Dharma Bums,Kerouac,,sonia.csv,Additional title from original handwritten list; alternative choices; count at most one for this person,The Dharma Bums,/works/OL65897W,title_author,/works/OL65897W
Sonia,To the Lighthouse,Woolf,,sonia.csv,Additional title from original handwritten list,To the Lighthouse,/works/OL39396W,title_author,/works/OL39396W
Sonia,Lord of the Flies,Golding,,sonia.csv,Additional title from original handwritten list,Lord of the Flies,/works/OL455327W,title_author,/works/OL455327W
Sonia,Kim,Kipling,,sonia.csv,Additional title from original handwritten list,Kim,/works/OL19908W,title_author,/works/OL19908W
Sonia,Lolita,Nabokov,,sonia.csv,Additional title from original handwritten list; alternative choices; count at most one for this person,Lolita,/works/OL627084W,title_author,/works/OL627084W
