person,title,author,isbn13,source,note
Anon 1,Things My Son Needs to Know About the World,Fredrik Backman,,anon-1.csv,
Anon 1,Anna Karenina,Lev Tolstoy,,anon-1.csv,
Anon 1,My Uncle Oswald,Roald Dahl,,anon-1.csv,
Anon 1,Odyssey,,,anon-1.csv,
Anon 6,Death With Interruptions,José Saramago,,anon-6.csv,
Anon 6,Blood Meridian,Cormac McCarthy,,anon-6.csv,
Becky,Cloud Cuckoo Land,"Doerr, Anthony",9781982168438,becky.csv,
Becky,Station Eleven,"Mandel, Emily St. John",9780385353304,becky.csv,
Becky,"The Talented Mr. Ripley (Ripley, #1)","Highsmith, Patricia",,becky.csv,
Becky,The Geomagician (The Geomagician Duology #1),"Mandula, Jennifer",9780593983300,becky.csv,
Becky,And Then There Were None,"Christie, Agatha",9780312330873,becky.csv,
Becky,"Red Rising (Red Rising Saga, #1)","Brown, Pierce",,becky.csv,
Becky,Flowers for Algernon,"Keyes, Daniel",9780156030083,becky.csv,
Becky,Piranesi,"Clarke, Susanna",,becky.csv,
Becky,"The Wee Free Men (Discworld, #30; Tiffany Aching, #1)","Pratchett, Terry",9780060012380,becky.csv,
Becky,Diaspora,"Egan, Greg",9783453161818,becky.csv,
Becky,The Other Bennet Sister,"Hadlow, Janice",9781250129413,becky.csv,
Becky,No Longer Human,"Dazai, Osamu",,becky.csv,
Becky,"The Thursday Murder Club (Thursday Murder Club, #1)","Osman, Richard",,becky.csv,
Becky,"The Unselected Journals of Emma M. Lion, Vol. 1 (The Unselected Journals of Emma M. Lion #1)","Brower, Beth",9780998063614,becky.csv,
Becky,The City & the City,"Miéville, China",9780345497512,becky.csv,
Becky,"The Wager: A Tale of Shipwreck, Mutiny and Murder","Grann, David",9780385534260,becky.csv,
Becky,Everything Is Tuberculosis: The History and Persistence of Our Deadliest Infection,"Green, John",9780525556572,becky.csv,
Becky,The Book of Lost Hours,"Gelfuso, Hayley",9781668076347,becky.csv,
Becky,I'm Glad My Mom Died,"McCurdy, Jennette",9781982185824,becky.csv,
Becky,The Sirens of Titan,"Vonnegut Jr., Kurt",,becky.csv,
Becky,Solito,"Zamora, Javier",9780593498064,becky.csv,
Becky,The Sixth Extinction: An Unnatural History,"Kolbert, Elizabeth",9780805092998,becky.csv,
Becky,"Do Androids Dream of Electric Sheep? 1 (Do Androids Dream of Electric Sheep?, #1)","Dick, Philip K.",9781608865000,becky.csv,
Becky,The Wisdom of Crowds,"Surowiecki, James",9780385721707,becky.csv,
Becky,Ultra-Processed People: The Science Behind Food That Isn't Food,"Tulleken, Chris van",9781324036722,becky.csv,
Becky,"Annihilation (Southern Reach, #1)","VanderMeer, Jeff",9780374104092,becky.csv,
Becky,Why We Sleep: Unlocking the Power of Sleep and Dreams,"Walker, Matthew",,becky.csv,
Becky,White Noise,"DeLillo, Don",9780143129554,becky.csv,
Becky,The Kite Runner,"Hosseini, Khaled",,becky.csv,
Becky,When Breath Becomes Air,"Kalanithi, Paul",9780812988413,becky.csv,
Becky,Rejection,"Tulathimutte, Tony",9780063337879,becky.csv,
Becky,Culpability,"Holsinger, Bruce",9781954118966,becky.csv,
Becky,Haben: The Deafblind Woman Who Conquered Harvard Law,"Girma, Haben",9781478992813,becky.csv,
Becky,Slaughterhouse-Five,"Vonnegut Jr., Kurt",,becky.csv,
Becky,The God of the Woods,"Moore, Liz",,becky.csv,
Becky,Never Let Me Go,"Ishiguro, Kazuo",9781400078776,becky.csv,
Becky,The Remains of the Day,"Ishiguro, Kazuo",,becky.csv,
Becky,Malibu Rising,"Reid, Taylor Jenkins",9781524798659,becky.csv,
Becky,The Museum of Ordinary People,"Gayle, Mike",9781538740842,becky.csv,
Becky,Typewriter Beach,"Clayton, Meg Waite",9780063422148,becky.csv,
Becky,Sisters in Science,"Campbell, Olivia",9780778333388,becky.csv,
Becky,The Giver of Stars,"Moyes, Jojo",9780399562488,becky.csv,
Becky,The Story of the Trapp Family Singers: The Classic Memoir of a Musical Family,"Trapp, Maria Augusta von",9780060005771,becky.csv,
Becky,L'Événement,"Ernaux, Annie",9787780023146,becky.csv,
Becky,Outlive: The Science & Art of Longevity,"Attia, Peter",9780593236598,becky.csv,
Damla,All About Love: New Visions,"hooks, bell",9780688168445,damla.csv,
Damla,I'm Glad My Mom Died,"McCurdy, Jennette",9781982185824,damla.csv,
Damla,The Dispossessed: An Ambiguous Utopia,"Le Guin, Ursula K.",,damla.csv,
Damla,The Strange Case of Dr. Jekyll and Mr. Hyde and Other Tales of Terror,"Stevenson, Robert Louis",9780141439730,damla.csv,
Damla,I've Been Walking,"Sternburg, Janet",9783954763849,damla.csv,
Damla,Hold Still: A Memoir with Photographs,"Mann, Sally",9780316247764,damla.csv,
Damla,I Give My Eyes...,"Peterson, Brian H.",9780999037515,damla.csv,
Damla,Interaction of Color,"Albers, Josef",9780300115956,damla.csv,
Damla,History of Beauty,"Eco, Umberto",9780847826469,damla.csv,
Damla,Camera Lucida: Reflections on Photography,"Barthes, Roland",9780374521349,damla.csv,
Damla,The Art of Scientific Storytelling: Transform Your Research Manuscript using a Step-by-Step Formula,"Luna, Rafael E.",9780615821993,damla.csv,
Damla,"Houston, We Have a Narrative: Why Science Needs Story","Olson, Randy",9780226270708,damla.csv,
Damla,"If I Understood You, Would I Have This Look on My Face?: My Adventures in the Art and Science of Relating and Communicating","Alda, Alan",9780812989168,damla.csv,
Damla,The God of the Woods,"Moore, Liz",,damla.csv,
Damla,"We Solve Murders (We Solve Murders, #1)","Osman, Richard",,damla.csv,
Damla,Against Interpretation and Other Essays,"Sontag, Susan",9780312280864,damla.csv,
Damla,Regarding the Pain of Others,"Sontag, Susan",9780141012377,damla.csv,
Damla,"Mickey7 (Mickey7, #1)","Ashton, Edward",9781250275035,damla.csv,
Damla,Jane Eyre,"Brontë, Charlotte",9780142437209,damla.csv,
Damla,The Wedding People,"Espach, Alison",,damla.csv,
Damla,"A Discovery of Witches (All Souls, #1)","Harkness, Deborah",9780670022410,damla.csv,
Damla,Erotic Stories for Punjabi Widows,"Jaswal, Balli Kaur",9780062645128,damla.csv,
Damla,1984,"Orwell, George",9780452284234,damla.csv,
Damla,"Ready Player One (Ready Player One, #1)","Cline, Ernest",9780307887436,damla.csv,
Damla,The Martian,"Weir, Andy",9780804139021,damla.csv,
Damla,Demon Copperhead,"Kingsolver, Barbara",,damla.csv,
Damla,"Power, Sex, Suicide: Mitochondria and the Meaning of Life","Lane, Nick",9780199205646,damla.csv,
Damla,"The Vital Question: Energy, Evolution, and the Origins of Complex Life","Lane, Nick",9780393352979,damla.csv,
Damla,Life Ascending: The Ten Great Inventions of Evolution,"Lane, Nick",9780393065961,damla.csv,
Damla,Eugene Onegin,"Pushkin, Alexander",,damla.csv,
Damla,Never Let Me Go,"Ishiguro, Kazuo",9781400078776,damla.csv,
Damla,The Iron Man,"Hughes, Ted",9780571226122,damla.csv,
Damla,The Road,"McCarthy, Cormac",9780307265432,damla.csv,
Damla,"The Black Dahlia (L.A. Quartet, #1)","Ellroy, James",9780446698870,damla.csv,
Damla,On the Road,"Kerouac, Jack",9780140042597,damla.csv,
Damla,Big Sur,"Kerouac, Jack",9780140168129,damla.csv,
Damla,Wild at Heart,"Gifford, Barry",9780802134530,damla.csv,
Damla,Her Yerden Çok Uzakta,"Le Guin, Ursula K.",,damla.csv,
Damla,Giovanni’s Room,"Baldwin, James",,damla.csv,
Damla,Pavil'in Sureti,"Perrodeau, Jérémy",9786259940434,damla.csv,
Damla,From Ritual to Theatre: The Human Seriousness of Play,"Turner, Victor",9780933826175,damla.csv,
Damla,The Left Hand of Darkness,"Le Guin, Ursula K.",,damla.csv,
Damla,The Uncanny,"Freud, Sigmund",9780142437476,damla.csv,
Damla,Probability Theory: The Logic of Science,"Jaynes, E.T.",9780521592710,damla.csv,
Damla,Rape: The Price of Coercive Sexuality,"Clark, Lorenne",9780889610323,damla.csv,
Damla,The Extended Phenotype: The Long Reach of the Gene,"Dawkins, Richard",9780192880512,damla.csv,
Damla,The Selfish Gene,"Dawkins, Richard",9780199291151,damla.csv,
Damla,The Republic,Plato,9780140449143,damla.csv,
Damla,We Should All Be Feminists,"Adichie, Chimamanda Ngozi",,damla.csv,
Damla,A Room of One’s Own,"Woolf, Virginia",,damla.csv,
Damla,"Freedom is a Constant Struggle: Ferguson, Palestine and the Foundations of a Movement","Davis, Angela Y.",9781608465644,damla.csv,
Damla,"Women, Race & Class","Davis, Angela Y.",9780394713519,damla.csv,
Damla,Communists in Closets: Queering the History 1930s–1990s,"Aptheker, Bettina",9781000650686,damla.csv,
Damla,"Intimate Politics: How I Grew Up Red, Fought for Free Speech, and Became a Feminist Rebel","Aptheker, Bettina",9781580051606,damla.csv,
Damla,Vagina: A New Biography,"Wolf, Naomi",9780061989162,damla.csv,
Damla,The Beauty Myth: How Images of Beauty Are Used Against Women,"Wolf, Naomi",9780060512187,damla.csv,
Damla,Lojman,"Ojen, Ebru",,damla.csv,
Damla,Movements of Thought in the Nineteenth Century,"Mead, George Herbert",9780226536385,damla.csv,
Damla,Invisible Man,"Ellison, Ralph",,damla.csv,
Damla,Öncesizliğin ve Sonrasızlığın Işığında An Resimleri: Felsefi Minyatürler,"Simmel, Georg",,damla.csv,
Damla,Felsefe Sahnesi. Seçme Yazılar 5,"Foucault, Michel",9789755395272,damla.csv,
Damla,Modern Kültürde Çatışma,"Simmel, Georg",9789750501920,damla.csv,
Damla,Sıradan Zaferler (Le combat ordinaire #1-4),"Larcenet, Manu",9786059670241,damla.csv,
Damla,Art and Society,"Read, Herbert",9780805230086,damla.csv,
Damla,Bu Ülke,"Meriç, Cemil",9789754702811,damla.csv,
Damla,The Complete Poems 1927-1979,"Bishop, Elizabeth",9780374518172,damla.csv,
Damla,Yaşamın Ucuna Yolculuk,"Özlü, Tezer",9789753631549,damla.csv,
Damla,Arcana: Musicians on Music,"Zorn, John",9781887123273,damla.csv,
Damla,The jazz book,"Berendt, Joachim-Ernst",9780586082607,damla.csv,
Damla,Guermantes Tarafı,"Proust, Marcel",,damla.csv,
Damla,Siddhartha,"Hesse, Hermann",,damla.csv,
Damla,Küçük Ağa,"Buğra, Tarık",9789750501982,damla.csv,
Damla,Küçük Şeyler,"Sezai, Samipaşazade",,damla.csv,
Damla,Sergüzeşt,"Sezai, Samipaşazade",9789753381918,damla.csv,
Damla,Çalıkuşu,"Güntekin, Reşat Nuri",9789751000125,damla.csv,
Damla,Yaprak Dökümü,"Güntekin, Reşat Nuri",9789751001351,damla.csv,
Damla,Gurbet Hikâyeleri / Yeraltında Dünya Var,"Karay, Refik Halid",,damla.csv,
Damla,Memleket Hikâyeleri,"Karay, Refik Halid",9789751029393,damla.csv,
Damla,Şıpsevdi,"Gürpınar, Hüseyin Rahmi",,damla.csv,
Damla,Gulyabani,"Gürpınar, Hüseyin Rahmi",9786053754572,damla.csv,
Damla,Yılanların Öcü,"Baykurt, Fakir",9789750403958,damla.csv,
Damla,Ben Sana Mecburum,"İlhan, Attilâ",9789754943184,damla.csv,
Damla,Mor,"Aral, İnci",9789753314121,damla.csv,
Damla,Şarkını Söylediğin Zaman,"Aral, İnci",9789944756716,damla.csv,
Damla,İsyan Günlerinde Aşk,"Altan, Ahmet",9789750700903,damla.csv,
Damla,Handan,"Adıvar, Halide Edib",9789750723537,damla.csv,
Damla,Vurun Kahpeye,"Adıvar, Halide Edib",9789750721670,damla.csv,
Damla,Ateşten Gömlek,"Adıvar, Halide Edib",9789750723322,damla.csv,
Damla,Ölmeye Yatmak,"Ağaoğlu, Adalet",9789754588620,damla.csv,
Damla,Fikrimin İnce Gülü,"Ağaoğlu, Adalet",9789754588651,damla.csv,
Damla,Murtaza,"Kemal, Orhan",9789752893795,damla.csv,
Damla,The Japanese Art of War: Understanding the Culture of Strategy,"Cleary, Thomas",9781590302453,damla.csv,
Damla,"Zeliş (Tütün Zamanı, #1)","Cumalı, Necati",9789757720614,damla.csv,
Damla,Art And Revolution,"Wagner, Richard",9781419107702,damla.csv,
Damla,Tannhauser: A Dramatic Poem (1906),"Wagner, Richard",9780548843277,damla.csv,
Damla,The Art-Work of the Future and Other Works,"Wagner, Richard",9780803297524,damla.csv,
Damla,Richard Wagner Bayreuth'da,"Nietzsche, Friedrich",9789754684346,damla.csv,
Damla,Tembellik Hakkı,"Lafargue, Paul",9786053140603,damla.csv,
Damla,Kamusal İnsanın Çöküşü,"Sennett, Richard",,damla.csv,
Damla,Sanatta Ruhsallık Üzerine,"Kandinsky, Wassily",,damla.csv,
Damla,The Art of Noise,"Russolo, Luigi",,damla.csv,
Damla,Hikâyeler,"Tanpınar, Ahmet Hamdi",9789759952389,damla.csv,
Damla,Theory of the Avant-Garde,"Bürger, Peter",9780816610686,damla.csv,
Damla,Beat Kuşağı Antolojisi,"Erdoğan, Şenol",9789755705170,damla.csv,
Damla,Üstü Kalsın,"Süreya, Cemal",9789750814440,damla.csv,
Damla,Üvercinka,"Süreya, Cemal",,damla.csv,
Damla,Mahur Beste,"Tanpınar, Ahmet Hamdi",9789759955755,damla.csv,
Damla,Beş Şehir,"Tanpınar, Ahmet Hamdi",9789759952440,damla.csv,
Damla,Göl İnsanları,"Tahir, Kemal",9789752733039,damla.csv,
Damla,Kurt Kanunu,"Tahir, Kemal",9786053759799,damla.csv,
Damla,Bütün Öyküleri,"Atılgan, Yusuf",9789753637909,damla.csv,
Damla,Canistan,"Atılgan, Yusuf",9789753639317,damla.csv,
Damla,Lüzumsuz Adam,"Abasıyanık, Sait Faik",9789750805127,damla.csv,
Damla,Çile,"Kısakürek, Necip Fazıl",9789758180127,damla.csv,
Damla,Alemdağ'da Var Bir Yılan,"Abasıyanık, Sait Faik",9789750805042,damla.csv,
Damla,Puslu Kıtalar Atlası,"Anar, İhsan Oktay",9789754704723,damla.csv,
Damla,Huzur,"Tanpınar, Ahmet Hamdi",9789759952471,damla.csv,
Damla,Gülün Adı,"Eco, Umberto",,damla.csv,
Damla,The Time Regulation Institute,"Tanpınar, Ahmet Hamdi",9781892381033,damla.csv,
Damla,Modernleşen Türkiye'nin Tarihi,"Zürcher, Erik-Jan",9789750525360,damla.csv,
Damla,"Yaşanmayan Zaman (Özgürlüğün Yolları, # 2)","Sartre, Jean-Paul",9789755106977,damla.csv,
Damla,100 Selected Poems,"Cummings, E.E.",9780802130723,damla.csv,
Damla,Autobiography of Red: A Novel in Verse,"Carson, Anne",9780375701290,damla.csv,
Damla,Les Diaboliques,"Barbey d'Aurevilly, Jules",9782253036548,damla.csv,
Damla,Film Form: Essays In Film Theory,"Eisenstein, Sergei",9780156309202,damla.csv,
Damla,The Myth of the Framework: In Defence of Science and Rationality,"Popper, Karl",9780415135559,damla.csv,
Damla,Posta Kutusundaki Mızıka,"Ural, A. Ali",9799756841357,damla.csv,
Damla,"Cahiers du Cinéma, the 1950s: Neo-Realism, Hollywood, New Wave","Hillier, Jim",9780674090613,damla.csv,
Damla,Genesis of a Music,"Partch, Harry",9780306801068,damla.csv,
Damla,Narziss ve Goldmund,"Hesse, Hermann",9789750803482,damla.csv,
Damla,Semaver,"Abasıyanık, Sait Faik",9789750805103,damla.csv,
Damla,Being and Time,"Heidegger, Martin",9780060638504,damla.csv,
Damla,The Colossus and Other Poems,"Plath, Sylvia",9780375704468,damla.csv,
Damla,Metamorphoses,Ovid,9780140447897,damla.csv,
Damla,The Complete Poems of Emily Dickinson,"Dickinson, Emily",,damla.csv,
Damla,The Odyssey,Homer,9780143039952,damla.csv,
Damla,La Vie de Marianne,"Marivaux, Pierre de",9782070402212,damla.csv,
Damla,Pantagruel,"Rabelais, François",9782070363872,damla.csv,
Damla,Aphrodite: Moeurs antiques,"Louÿs, Pierre",9782070385324,damla.csv,
Damla,Dialogues Concerning Natural Religion,"Hume, David",9780872204027,damla.csv,
Damla,Movements in Art since 1945: Issues and Concepts,"Lucie-Smith, Edward",9780500202821,damla.csv,
Damla,Principles of Human Knowledge / Three Dialogues Between Hylas and Philonous,"Berkeley, George",9780140432930,damla.csv,
Damla,"Y: The Last Man, Vol. 1: Unmanned","Vaughan, Brian K.",9781563899805,damla.csv,
Damla,Tol,"Uyurkulak, Murat",9789753423724,damla.csv,
Damla,"Collected Poems, 1909-1962","Eliot, T.S.",9780151189786,damla.csv,
Damla,Gidiyorum Bu: Reloaded,"Ünlü, Ah Muhsin",9789755702513,damla.csv,
Damla,Envy,"Olesha, Yury",9781590170861,damla.csv,
Damla,The Village of Stepanchikovo,"Dostoevsky, Fyodor",9780140446586,damla.csv,
Damla,Noise/Music: A History,"Hegarty, Paul",9780826417275,damla.csv,
Damla,Forever Flowing,"Grossman, Vasily",9780810115033,damla.csv,
Damla,Experimental Music: Cage and Beyond,"Nyman, Michael",9780521653831,damla.csv,
Damla,Poetics of Music in the Form of Six Lessons,"Stravinsky, Igor",9780674678569,damla.csv,
Damla,Improvisation: Its Nature And Practice In Music,"Bailey, Derek",9780306805288,damla.csv,
Damla,Introduction To Poetics (Volume 1) (Volume 1) (Theory and History of Literature),"Todorov, Tzvetan",9780816610112,damla.csv,
Damla,Style and Idea: Selected Writings of Arnold Schoenberg,"Schoenberg, Arnold",9780520052949,damla.csv,
Damla,Give My Regards to Eighth Street: Collected Writings,"Feldman, Morton",9781878972316,damla.csv,
Damla,Felâtun Bey ve Râkım Efendi,"Efendi, Ahmed Midhat",9789756446065,damla.csv,
Damla,Sinekli Bakkal,"Adıvar, Halide Edib",9789750721663,damla.csv,
Damla,"The Companions of Jehu (Sainte-Hermine, #2)","Dumas, Alexandre",,damla.csv,
Damla,Circe and the Cyclops,Homer,9780141398617,damla.csv,
Damla,La Maison du Chat-qui-Pelote,"Balzac, Honoré de",9782253146223,damla.csv,
Damla,Manfred,"Byron, Lord",9781103516810,damla.csv,
Damla,The Power of Art,"Schama, Simon",9780061176104,damla.csv,
Damla,"Women, Art, and Society","Chadwick, Whitney",9780500203934,damla.csv,
Damla,Painting and Experience in Fifteenth-Century Italy: A Primer in the Social History of Pictorial Style,"Baxandall, Michael",9780192821447,damla.csv,
Damla,The Story of Modern Art,"Lynton, Norbert",9780714824222,damla.csv,
Damla,A World History of Art,"Honour, Hugh",9781856694513,damla.csv,
Damla,Two Treatises of Government and A Letter Concerning Toleration,"Locke, John",9780300100181,damla.csv,
Damla,Gorgias,Plato,9780140449044,damla.csv,
Damla,The Essays: A Selection,"Montaigne, Michel de",9780140446029,damla.csv,
Damla,The New Atlantis,"Bacon, Francis",9781406504149,damla.csv,
Damla,Of Man,"Hobbes, Thomas",9780141023908,damla.csv,
Damla,An Outline of Philosophy,"Russell, Bertrand",9780415141178,damla.csv,
Damla,"Life, Sex and Ideas: The Good Life Without God","Grayling, A.C.",9780195177558,damla.csv,
Damla,Nausea,"Sartre, Jean-Paul",9780811201889,damla.csv,
Damla,Discourse on the Origin of Inequality,"Rousseau, Jean-Jacques",9780486434148,damla.csv,
Damla,Prometheus Unbound,"Shelley, Percy Bysshe",9781419143236,damla.csv,
Damla,The Spirit of the Laws,Montesquieu,9780521369749,damla.csv,
Damla,Hyperion oder Der Eremit in Griechenland,"Hölderlin, Friedrich",9783938484197,damla.csv,
Damla,The Present Age,"Kierkegaard, Søren",9780061300943,damla.csv,
Damla,Blake,"Ackroyd, Peter",9780345376114,damla.csv,
Damla,"Oedipus Rex (The Theban Plays, #1)",Sophocles,9781580495936,damla.csv,
Damla,Salomé,"Wilde, Oscar",9780486421278,damla.csv,
Damla,The Raven and Other Poems,"Poe, Edgar Allan",9780439224062,damla.csv,
Damla,George Herbert: The Complete English Poems,"Herbert, George",9780140424553,damla.csv,
Damla,7 Greeks,"Davenport, Guy",9780811212885,damla.csv,
Damla,The Selected Poetry,"Jeffers, Robinson",9780804741088,damla.csv,
Damla,Fearful Symmetry: A Study of William Blake,"Frye, Northrop",9780802089830,damla.csv,
Damla,Köpeğiyle Dolaşan Kadın: Otuz Yedi Seçme Öykü,"Chekhov, Anton",9789754588767,damla.csv,
Damla,Gog,"Papini, Giovanni",9789754581522,damla.csv,
Damla,Cehenneme Övgü: Gündelik Hayatta Totalitarizm,"Vassaf, Gündüz",9789754707069,damla.csv,
Damla,Aylaklığa Övgü,"Russell, Bertrand",9789754061994,damla.csv,
Damla,Haksız Yönetime Karşı & Tembellik Hakkı,"Thoreau, Henry David",,damla.csv,
Damla,"The Professor and the Madman: A Tale of Murder, Insanity and the Making of the Oxford English Dictionary","Winchester, Simon",9780060839789,damla.csv,
Damla,E.E. Cummings: Complete Poems 1904-1962,"Cummings, E.E.",9780871401526,damla.csv,
Damla,Contes du jour et de la nuit,"Maupassant, Guy de",9782070375585,damla.csv,
Damla,A Concise History of Modern Painting,"Read, Herbert",9780500201411,damla.csv,
Damla,Experience and Education,"Dewey, John",9780684838281,damla.csv,
Damla,Destruction d'un cœur,"Zweig, Stefan",9782253095255,damla.csv,
Damla,The Effects of Noise on Man,"Kryter, Karl D.",9780124274600,damla.csv,
Damla,L'homme-Dieu ou le sens de la vie,"Ferry, Luc",9782253142614,damla.csv,
Damla,What Is the Good Life?,"Ferry, Luc",9780226244532,damla.csv,
Damla,Why We Are Not Nietzscheans,"Ferry, Luc",9780226244815,damla.csv,
Damla,Heidegger and Modernity,"Ferry, Luc",9780226244624,damla.csv,
Damla,Prolegomena to Any Future Metaphysics,"Kant, Immanuel",9780872205932,damla.csv,
Damla,Anna Karenina,"Tolstoy, Leo",9780345803924,damla.csv,
Damla,The Grapes of Wrath,"Steinbeck, John",,damla.csv,
Damla,Fahrenheit 451,"Bradbury, Ray",9780007491568,damla.csv,
Damla,To Kill a Mockingbird,"Lee, Harper",9780060935467,damla.csv,
Ellen,The Incandescent,"Tesh, Emily",9781250835017,ellen.csv,
Ellen,Rebecca,"du Maurier, Daphne",9780316323703,ellen.csv,
Ellen,"My Lady Jane (The Lady Janies, #1)","Hand, Cynthia",9780062391797,ellen.csv,
Ellen,The Haunting of Hill House,"Jackson, Shirley",9780143039983,ellen.csv,
Ellen,Old School,"Wolff, Tobias",,ellen.csv,
Ellen,Mother Mary Comes to Me,"Roy, Arundhati",9781668094716,ellen.csv,
Ellen,The Things We Never Say,"Strout, Elizabeth",9798217154746,ellen.csv,
Ellen,"An Alchemy of Masques and Mirrors (The Risen Kingdoms, #1)","Craddock, Curtis",9780765389596,ellen.csv,
Ellen,The Unicorn Hunters,"Arden, Katherine",9780593128282,ellen.csv,
Ellen,The River Has Roots,"El-Mohtar, Amal",9781250341082,ellen.csv,
Ellen,"Sorcery and Small Magics (The Wildersongs Trilogy, #1)","Doocy, Maiga",9780356523996,ellen.csv,
Ellen,"Strange Familiars (Seamere College, #1)","Chow, Keshe",9780593956489,ellen.csv,
Ellen,Fruit Fly,"Silver, Josh",9798892426374,ellen.csv,
Ellen,Sula,"Morrison, Toni",9780452283862,ellen.csv,
Ellen,Giovanni’s Room,"Baldwin, James",,ellen.csv,
Ellen,The Bluest Eye,"Morrison, Toni",,ellen.csv,
Ellen,The Covenant of Water,"Verghese, Abraham",9780802162175,ellen.csv,
Ellen,The Portrait of Dorian Gray,"Wilde, Oscar",9785992503692,ellen.csv,
Ellen,The Geomagician (The Geomagician Duology #1),"Mandula, Jennifer",9780593983300,ellen.csv,
Ellen,Lost Lambs,"Cash, Madeline",9780374619237,ellen.csv,
Ellen,"The Game of Kings (The Lymond Chronicles, #1)","Dunnett, Dorothy",9780679777434,ellen.csv,
Ellen,"The Unnamed (The Book of Names Duology, #1)","Masood, M.S.",9798993535906,ellen.csv,
Ellen,"The Phoenix King (The Ravence Trilogy, #1)","Verma, Aparna",9780316522779,ellen.csv,
Ellen,The Forest Bleeds,"Kitch, Rachel",9781454963622,ellen.csv,
Ellen,Butter,"Yuzuki, Asako",9780063236400,ellen.csv,
Ellen,"The Honjin Murders (Detective Kosuke Kindaichi, #1)","Yokomizo, Seishi",9781782275008,ellen.csv,
Ellen,"Lightlark (Lightlark, #1)","Aster, Alex",,ellen.csv,
Ellen,"The Gilded Wolves (The Gilded Wolves, #1)","Chokshi, Roshani",9781250144546,ellen.csv,
Ellen,"Graceling (Graceling Realm, #1)","Cashore, Kristin",9780152063962,ellen.csv,
Ellen,An Enchantment of Ravens,"Rogerson, Margaret",9781481497589,ellen.csv,
Ellen,"Sorcery of Thorns (Sorcery of Thorns, #1)","Rogerson, Margaret",9781481497619,ellen.csv,
Ellen,Midnight Blood,Ella d'Avoine,9781739567408,ellen.csv,
Ellen,"Who Hears the Waters’ Call (Zeal of the North, #1)","Germain, Sophia St.",9789199004006,ellen.csv,
Ellen,"Magic Bites (Kate Daniels, #1)","Andrews, Ilona",,ellen.csv,
Ellen,"Spellbreaker (Spellbreaker Duology, #1)","Holmberg, Charlie N.",9781542020107,ellen.csv,
Ellen,"How Rare Is Aurelia Evangeline (The Rarities Series, #1)","Bebb, Elise",9781067651909,ellen.csv,
Ellen,We Have Always Lived in the Castle,"Jackson, Shirley",9780143039976,ellen.csv,
Ellen,"The Jasad Heir (The Scorched Throne, #1)","Hashem, Sara",9780316477864,ellen.csv,
Ellen,Grimm Curiosities,"Fisher, Sharon Lynn",9781662515705,ellen.csv,
Ellen,Tea & Alchemy,"Fisher, Sharon Lynn",9781662528682,ellen.csv,
Ellen,"The Color of Magic (Discworld, #1; Rincewind, #1)","Pratchett, Terry",9780060855925,ellen.csv,
Ellen,"A Forbidden Alchemy (The Artisan Trilogy, #1)","McEwan, Stacey",9781668076187,ellen.csv,
Ellen,"The Irresistible Urge to Fall For Your Enemy (Dearly Beloathed, #1)","Knightley, Brigitte",9780356524733,ellen.csv,
Ellen,Flowers for Algernon,"Keyes, Daniel",9780156030083,ellen.csv,
Ellen,Little Fires Everywhere,"Ng, Celeste",9780735224292,ellen.csv,
Ellen,The Executioner's Song,"Mailer, Norman",9780375700811,ellen.csv,
Ellen,The Heart Is a Lonely Hunter,"McCullers, Carson",9780618084746,ellen.csv,
Ellen,Jane Eyre,"Brontë, Charlotte",9780142437209,ellen.csv,
Ellen,The Princess Bride,"Goldman, William",9780345418265,ellen.csv,
Ellen,Bluebeard,"Vonnegut Jr., Kurt",9780385333511,ellen.csv,
Ellen,Sense and Sensibility,"Austen, Jane",9780141439662,ellen.csv,
Ellen,The Swan's Daughter,"Chokshi, Roshani",9781250873101,ellen.csv,
Ellen,"The Lotus Palace (The Pingkang Li Mysteries, #1)","Lin, Jeannie",9780373777730,ellen.csv,
Ellen,"Tempest (The Lyrian Sea, #1)","Aveyard, Victoria",9780063451391,ellen.csv,
Ellen,Fishbone Cinderella,"Lim, Elizabeth",9798217092987,ellen.csv,
Ellen,"The Children of Gods and Fighting Men (Gael Song, #1)","Lawless, Shauna",,ellen.csv,
Ellen,Notes on an Execution,"Kukafka, Danya",9780063052734,ellen.csv,
Ellen,Cruel Beauty,"Hodge, Rosamund",9780062224736,ellen.csv,
Ellen,"Reign & Ruin (Mages of the Wheel, #1)","Evans, J.D.",9781951607012,ellen.csv,
Ellen,"Wolf by Wolf (Wolf by Wolf, #1)","Graudin, Ryan",9780316405126,ellen.csv,
Ellen,"Blood for Blood (Ziba MacKenzie, #1)","Selman, Victoria",9781503960060,ellen.csv,
Ellen,"Howl's Moving Castle (Howl's Moving Castle, #1)","Jones, Diana Wynne",9780064410342,ellen.csv,
Ellen,"On Wings of Blood (Bloodwing Academy, #1)","Boleyn, Briar",,ellen.csv,
Ellen,"Dragon Prince (Dragon Prince, #1)","Rawn, Melanie",9780756403010,ellen.csv,
Ellen,The Summer War,"Novik, Naomi",9780593984703,ellen.csv,
Ellen,"Because I Killed Him (The Nine Gentlemen, #1)","Birde, Edith",9798993467900,ellen.csv,
Ellen,"Empire of the Vampire (Empire of the Vampire, #1)","Kristoff, Jay",9781250245281,ellen.csv,
Ellen,"Lightguard (Daughter of Sun Duology, #1)","Turner, Hayley",,ellen.csv,
Ellen,Of Blood and Aether (Harbingers #1),"Hawthorne, Harper",,ellen.csv,
Ellen,"Illuminae (The Illuminae Files, #1)","Kaufman, Amie",9780553499117,ellen.csv,
Ellen,"This Kingdom Will Not Kill Me (Maggie the Undying, #1)","Andrews, Ilona",9781250377265,ellen.csv,
Ellen,"The Knight and the Moth (The Stonewater Kingdom, #1)","Gillig, Rachel",9780356522968,ellen.csv,
Ellen,Behooved,"Stevenson, M.",9781250375087,ellen.csv,
Ellen,"The Girl Who Circumnavigated Fairyland in a Ship of Her Own Making (Fairyland, #1)","Valente, Catherynne M.",9780312649616,ellen.csv,
Ellen,Lud-in-the-Mist,"Mirrlees, Hope",9781593600419,ellen.csv,
Ellen,The Forgotten Beasts of Eld,"McKillip, Patricia A.",9780152055363,ellen.csv,
Ellen,"The Devil in the Marshalsea (Thomas Hawkins, #1)","Hodgson, Antonia",9781444775433,ellen.csv,
Ellen,"The Fox in Winter (Eternal Path Trilogy, #2)","Hodgson, Antonia",,ellen.csv,
Ellen,"Hyperion (Hyperion Cantos, #1)","Simmons, Dan",9780553283686,ellen.csv,
Ellen,The People in the Trees,"Yanagihara, Hanya",9780385536776,ellen.csv,
Ellen,"Between (The Chronicles of Between, #1)","Starling, L. L.",9781733244831,ellen.csv,
Ellen,"Long Live Evil (Time of Iron, #1)","Brennan, Sarah Rees",9780316568715,ellen.csv,
Ellen,"The Ornithologist's Field Guide to Love (Love's Academic, #1)","Holton, India",,ellen.csv,
Ellen,"Storm Glass (Glass, #1)","Snyder, Maria V.",9780778325642,ellen.csv,
Ellen,"These Immortal Truths (Peaches & Honey, #1)","Raeta, Rachelle",9798985554731,ellen.csv,
Ellen,"A Desolate Spring (The Isle of Aestus, #1)","Greveson, C.E.J.",,ellen.csv,
Ellen,"Alanna: The First Adventure (Song of the Lioness, #1)","Pierce, Tamora",9780689878558,ellen.csv,
Ellen,The Crown of Oaths and Curses (The Mortal Fates #1),"Bree, J.",,ellen.csv,
Ellen,"Part of Your World (Part of Your World, #1)","Jimenez, Abby",9781538704370,ellen.csv,
Ellen,"Act Your Age, Eve Brown (The Brown Sisters, #3)","Hibbert, Talia",9780062941282,ellen.csv,
Ellen,Seven Days in June,"Williams, Tia",,ellen.csv,
Ellen,"Half a Soul (Regency Faerie Tales, #1)","Atwater, Olivia",9780316462808,ellen.csv,
Ellen,"Raybearer (Raybearer, #1)","Ifueko, Jordan",9781419739828,ellen.csv,
Ellen,"Legendborn (The Legendborn Cycle, #1)","Deonn, Tracy",9781534441606,ellen.csv,
Ellen,The Hating Game,"Thorne, Sally",,ellen.csv,
Ellen,The Secret Lives of Church Ladies,"Philyaw, Deesha",9781949199734,ellen.csv,
Ellen,Uprooted,"Novik, Naomi",9780804179034,ellen.csv,
Ellen,Misery's Wife,"Tierney, Joan",9781250421791,ellen.csv,
Ellen,"A Potion, a Powder, a Little Bit of Magic: Or, Like Lightning in an Umbrella Storm","Stead, Philip C.",9780823458097,ellen.csv,
Ellen,Nell O'Dell Hates Quests (The Golden Crossroads #1),"Martin, Emily B.",9781536243314,ellen.csv,
Ellen,The Unmagical Life of Briar Jones,"Croucher, Lex",9780063460218,ellen.csv,
Ellen,Great Big Beautiful Life,"Henry, Emily",,ellen.csv,
Ellen,"The Book of Fallen Leaves (The Autumn Empire, #1)","Tamaki, A. S.",9780316588089,ellen.csv,
Ellen,"Magician (The Riftwar Saga, #1-2)","Feist, Raymond E.",9780586217832,ellen.csv,
Ellen,"A Spindle Splintered (Fractured Fables, #1)","Harrow, Alix E.",9781250765352,ellen.csv,
Ellen,Princess Floralinda and the Forty-Flight Tower,"Muir, Tamsyn",9781596069923,ellen.csv,
Ellen,Thornhedge,"Kingfisher, T.",9781250244093,ellen.csv,
Ellen,Half His Age,"McCurdy, Jennette",9780593723739,ellen.csv,
Ellen,The Age of Innocence,"Wharton, Edith",9781593081430,ellen.csv,
Ellen,Half Broke Horses,"Walls, Jeannette",9781416586289,ellen.csv,
Ellen,The Emperor of Gladness,"Vuong, Ocean",9780593831878,ellen.csv,
Ellen,Broken Country,"Hall, Clare Leslie",9781668078181,ellen.csv,
Ellen,Theo of Golden,"Levi, Allen",9781668236512,ellen.csv,
Ellen,Confessions of a Mask,"Mishima, Yukio",9780720610314,ellen.csv,
Ellen,The Temple of the Golden Pavilion,"Mishima, Yukio",9780679433156,ellen.csv,
Ellen,Live a Little,"Jacobson, Howard",9781984824219,ellen.csv,
Ellen,The Years of Rice and Salt,"Robinson, Kim Stanley",9780553580075,ellen.csv,
Ellen,Wild Reverence,"Ross, Rebecca",9781250373359,ellen.csv,
Ellen,The Society of Unknowable Objects,"Brown, Gareth",9780063324039,ellen.csv,
Ellen,The Everlasting,"Harrow, Alix E.",9781250799104,ellen.csv,
Ellen,Water Moon,"Sotto Yambao, Samantha",9780593724996,ellen.csv,
Ellen,"The Devils (The Devils, #1)","Abercrombie, Joe",9781250880055,ellen.csv,
Ellen,"Alchemy of Secrets (Alchemy of Secrets, #1)","Garber, Stephanie",9781250789150,ellen.csv,
Ellen,What We Can Know,"McEwan, Ian",9780593804728,ellen.csv,
Ellen,The Names,"Knapp, Florence",9780593833902,ellen.csv,
Ellen,Wild Dark Shore,"McConaghy, Charlotte",,ellen.csv,
Ellen,My Friends,"Backman, Fredrik",9781982112820,ellen.csv,
Ellen,Strange Beasts of China,Yan Ge,9781612199092,ellen.csv,
Ellen,"A Wraith Beneath the Tides (Beyond the Tides, #1)","Jae, Emilia",,ellen.csv,
Ellen,"The Waking Fire (The Draconis Memoria, #1)","Ryan, Anthony",9780356506395,ellen.csv,
Ellen,"Ascendant (Songs of Chaos, #1)","Miller, Michael R",9781068756382,ellen.csv,
Ellen,"Daughter of No Worlds (The War of Lost Hearts, #1)","Broadbent, Carissa",,ellen.csv,
Ellen,"A Touch of Gold and Madness (Celestials of Arcadia, #1)","DeVore, K.L.",9798223058991,ellen.csv,
Ellen,"The Inadequate Heir (The Bridge Kingdom, #3)","Jensen, Danielle L.",9780593975244,ellen.csv,
Ellen,Lady Tan's Circle of Women,"See, Lisa",9781982117085,ellen.csv,
Ellen,The Lost,"Durst, Sarah Beth",,ellen.csv,
Ellen,"The Gunslinger (The Dark Tower, #1)","King, Stephen",,ellen.csv,
Ellen,"Gardens of the Moon (Malazan Book of the Fallen, #1)","Erikson, Steven",9780765348784,ellen.csv,
Ellen,"Magician: Apprentice (The Riftwar Saga, #1)","Feist, Raymond E.",9780553564945,ellen.csv,
Ellen,"The Blade Itself (The First Law, #1)","Abercrombie, Joe",9780575079793,ellen.csv,
Ellen,"Jade City (The Green Bone Saga, #1)","Lee, Fonda",9780316440882,ellen.csv,
Ellen,"The Dragonbone Chair (Memory, Sorrow, and Thorn, #1)","Williams, Tad",9780756402693,ellen.csv,
Ellen,The Nightingale,"Hannah, Kristin",9780312577223,ellen.csv,
Ellen,The President Is Missing,"Clinton, Bill",,ellen.csv,
Ellen,The Master and Margarita (Wordsworth Classics) of Mikhail Bulgakov on 15 February 2011,"Barder, Gemma",,ellen.csv,
Ellen,All I Want for Christmas is a Faerie Assassin?!,"Macfarlane, H.L.",,ellen.csv,
Ellen,The Boy from the Sea,"Macfarlane, H.L.",9781914210105,ellen.csv,
Ellen,Prince of Foxes (Bright Spear Trilogy #1),"Macfarlane, H.L.",,ellen.csv,
Ellen,"The Grace of Kings (The Dandelion Dynasty, #1)","Liu, Ken",9781481424271,ellen.csv,
Ellen,Queer Little Nightmares,"Ly, David",9781551529011,ellen.csv,
Ellen,"The Ashes & the Star-Cursed King (Crowns of Nyaxia, #2)","Broadbent, Carissa",,ellen.csv,
Ellen,"When Among Crows (Curse Bearer, #1)","Roth, Veronica",9781250855480,ellen.csv,
Ellen,"The Thursday Murder Club (Thursday Murder Club, #1)","Osman, Richard",,ellen.csv,
Ellen,Middlemarch,"Eliot, George",9780451529176,ellen.csv,
Ellen,Boy Parts,"Clark, Eliza",9781910312643,ellen.csv,
Ellen,A Month in the Country,"Carr, J.L.",9780940322479,ellen.csv,
Ellen,"Immortal Dark (Immortal Dark Trilogy, #1)","Girma, Tigest",,ellen.csv,
Ellen,Foster,"Keegan, Claire",9780571255658,ellen.csv,
Ellen,"The Raven Boys (The Raven Cycle, #1)","Stiefvater, Maggie",9780545424929,ellen.csv,
Ellen,"The Blighted Stars (The Devoured Worlds, #1)","O'Keefe, Megan E.",9780316290791,ellen.csv,
Ellen,"All Systems Red (The Murderbot Diaries, #1)","Wells, Martha",,ellen.csv,
Ellen,The Library at Mount Char,"Hawkins, Scott",9780553418620,ellen.csv,
Ellen,"A Master of Djinn (Dead Djinn Universe, #1)","Clark, P. Djèlí",9781250267672,ellen.csv,
Ellen,This Is How You Lose the Time War,"El-Mohtar, Amal",,ellen.csv,
Ellen,"Swordheart (Swordheart, #1)","Kingfisher, T.",9781250400222,ellen.csv,
Ellen,"City of Gods and Monsters (House of Devils, #1)","Edwards, Kayla",9781777880736,ellen.csv,
Ellen,"Shield of Sparrows (Shield of Sparrows, #1)","Perry, Devney",9781649378514,ellen.csv,
Ellen,"House of Blight (The Threadmender Chronicles, #1)","Martineau, Maxym",9780063391192,ellen.csv,
Ellen,"The Bone Season (The Bone Season, #1)","Shannon, Samantha",9781639734184,ellen.csv,
Ellen,"The Ever King (The Ever Seas, #1)","Andrews, L.J.",,ellen.csv,
Ellen,"A Feather So Black (Fair Folk, #1)","Selene, Lyra",9780316564960,ellen.csv,
Ellen,"In the Veins of the Drowning (The Siren Mage, #1)","Cassidy, Kalie",9780316587600,ellen.csv,
Ellen,In Beds of Flowers (The Canviant Trilogy #1),"Layne, Jess",,ellen.csv,
Ellen,Of Flame and Fury,"Bridge, Mikayla",9780374393427,ellen.csv,
Ellen,"A Tribute of Fire (The Eye of the Goddess, #1)","Wilson, Sariah",9781662525131,ellen.csv,
Ellen,"Of Blood and Fire (The Bound and the Broken, #1)","Cahill, Ryan",,ellen.csv,
Ellen,"The Shadow of the Gods (The Bloodsworn Saga, #1)","Gwynne, John",9780356514185,ellen.csv,
Ellen,House of Frank,"Synclaire, Kay",9781959411666,ellen.csv,
Ellen,"Ship of Magic (Liveship Traders, #1)","Hobb, Robin",9780006498858,ellen.csv,
Ellen,"A Winter's Promise (The Mirror Visitor, #1)","Dabos, Christelle",9781787701427,ellen.csv,
Ellen,"Silvercloak (The Silvercloak Saga, #1)","Steven, L.K.",9780593973998,ellen.csv,
Ellen,"Arcana Academy (Arcana Academy, #1)","Kova, Elise",9780593726341,ellen.csv,
Ellen,"When the Moon Hatched (Moonfall, #1)","Parker, Sarah A.",,ellen.csv,
Ellen,"Little Thieves (Little Thieves, #1)","Owen, Margaret",9781250191908,ellen.csv,
Ellen,"One Dark Window (The Shepherd King, #1)","Gillig, Rachel",9780316312486,ellen.csv,
Ellen,"The Prison Healer (The Prison Healer, #1)","Noni, Lynette",9780358434559,ellen.csv,
Ellen,"Once Upon a Broken Heart (Once Upon a Broken Heart, #1)","Garber, Stephanie",9781250268396,ellen.csv,
Ellen,"Empire of Silence (The Sun Eater, #1)","Ruocchio, Christopher",9780756413026,ellen.csv,
Ellen,"Wizard's First Rule (Sword of Truth, #1)","Goodkind, Terry",9780765346520,ellen.csv,
Ellen,"The Magnus Archives: Season 1 (Magnus Archives, #1)","Sims, Jonathan",,ellen.csv,
Ellen,"The Thief (The Queen's Thief, #1)","Turner, Megan Whalen",9780060824976,ellen.csv,
Ellen,The Great Alone,"Hannah, Kristin",,ellen.csv,
Ellen,The Wind-Up Bird Chronicle,"Murakami, Haruki",9780965341981,ellen.csv,
Ellen,Tortilla Flat,"Steinbeck, John",9780582461505,ellen.csv,
Ellen,Blindness,"Saramago, José",,ellen.csv,
Ellen,"Hollow Kingdom (Hollow Kingdom, #1)","Buxton, Kira Jane",9781538745823,ellen.csv,
Ellen,Yellowface,"Kuang, R.F.",,ellen.csv,
Ellen,Alias Grace,"Atwood, Margaret",9780385475716,ellen.csv,
Ellen,"Braiding Sweetgrass: Indigenous Wisdom, Scientific Knowledge, and the Teachings of Plants","Kimmerer, Robin Wall",9781571313355,ellen.csv,
Ellen,The Metamorphosis,"Kafka, Franz",9780553213690,ellen.csv,
Ellen,Ella Minnow Pea: A Novel in Letters,"Dunn, Mark",9780385722438,ellen.csv,
Ellen,"Why Fish Don’t Exist: A Story of Loss, Love, and the Hidden Order of Life","Miller, Lulu",,ellen.csv,
Ellen,The Unmaking of June Farrow,"Young, Adrienne",9780593598696,ellen.csv,
Ellen,The Berlin Letters,"Reay, Katherine",9781400243068,ellen.csv,
Ellen,A Town Like Alice,"Shute, Nevil",9781842323007,ellen.csv,
Ellen,"The Enchanted Greenhouse (Spellshop, #2)","Durst, Sarah Beth",9781250333988,ellen.csv,
Ellen,"Annihilation (Southern Reach, #1)","VanderMeer, Jeff",9780374104092,ellen.csv,
Ellen,"Sabriel (Abhorsen, #1)","Nix, Garth",9780064471831,ellen.csv,
Ellen,Pachinko,"Lee, Min Jin",,ellen.csv,
Ellen,There Are Rivers in the Sky,"Shafak, Elif",9780593801710,ellen.csv,
Ellen,"The Will of the Many (Hierarchy, #1)","Islington, James",9781982141196,ellen.csv,
Ellen,Demon Copperhead,"Kingsolver, Barbara",,ellen.csv,
Ellen,Cloud Cuckoo Land,"Doerr, Anthony",9781982168438,ellen.csv,
Ellen,The Butcher of the Forest,"Mohamed, Premee",9781250881786,ellen.csv,
Ellen,"A Caribbean Heiress in Paris (Las Leonas, #1)","Herrera, Adriana",,ellen.csv,
Ellen,"The Fifth Season (The Broken Earth, #1)","Jemisin, N.K.",,ellen.csv,
Ellen,The Spear Cuts Through Water,"Jimenez, Simon",9780593156599,ellen.csv,
Ellen,Tender Is the Flesh,"Bazterrica, Agustina",,ellen.csv,
Ellen,"Shōgun (Asian Saga, #1)","Clavell, James",9781982603847,ellen.csv,
Ellen,The Lost City of Z: A Tale of Deadly Obsession in the Amazon,"Grann, David",9780385513531,ellen.csv,
Ellen,"Lonesome Dove (Lonesome Dove, #1)","McMurtry, Larry",9780671683900,ellen.csv,
Ellen,"Accomplice to the Villain (Assistant to the Villain, #3)","Maehrer, Hannah Nicole",9781529917772,ellen.csv,
Ellen,And They Were Roommates,"Powars, Page",9781250347657,ellen.csv,
Ellen,"Alecto the Ninth (The Locked Tomb, #4)","Muir, Tamsyn",,ellen.csv,
Ellen,The Secret Romantic’s Book of Magic,"O'Regan, Marie",,ellen.csv,
Ellen,The Warm Hands of Ghosts,"Arden, Katherine",9780593128251,ellen.csv,
Ellen,"Pawn of Prophecy (The Belgariad, #1)","Eddings, David",9780345468642,ellen.csv,
Ellen,Mexican Gothic,"Moreno-Garcia, Silvia",9780525620808,ellen.csv,
Ellen,"A Darker Shade of Magic (Shades of Magic, #1)","Schwab, V.E.",9780765376459,ellen.csv,
Ellen,"The Subtle Knife (His Dark Materials, #2)","Pullman, Philip",,ellen.csv,
Ellen,"Through the Ever Night (Under the Never Sky, #2)","Rossi, Veronica",9780062072061,ellen.csv,
Ellen,The Girl Who Fell Beneath the Sea,"Oh, Axie",9781250780867,ellen.csv,
Ellen,"The Floating World (The Floating World, #1)","Oh, Axie",9781250853080,ellen.csv,
Ellen,"Fable (The World of the Narrows, #1)","Young, Adrienne",,ellen.csv,
Ellen,The Glass Castle,"Walls, Jeannette",9780743247542,ellen.csv,
Ellen,A Gentleman in Moscow,"Towles, Amor",,ellen.csv,
Ellen,11/22/63,"King, Stephen",9781451627282,ellen.csv,
Ellen,Blood Over Bright Haven,"Wang, M.L.",9780593873359,ellen.csv,
Ellen,"His Majesty's Dragon (Temeraire, #1)","Novik, Naomi",9780345481283,ellen.csv,
Ellen,"Paladin's Grace (The Saint of Steel, #1)","Kingfisher, T.",,ellen.csv,
Ellen,You're Not Listening: What You're Missing and Why It Matters,"Murphy, Kate",9781250297198,ellen.csv,
Ellen,"An Ember in the Ashes (An Ember in the Ashes, #1)","Tahir, Sabaa",9781595148049,ellen.csv,
Ellen,I Who Have Never Known Men,"Harpman, Jacqueline",9781945492600,ellen.csv,
Ellen,Gallant,"Schwab, V.E.",9780062835772,ellen.csv,
Ellen,IQ84,"Murakami, Haruki",,ellen.csv,
Ellen,"The Shadow of the Wind (The Cemetery of Forgotten Books, #1)","Ruiz Zafón, Carlos",,ellen.csv,
Ellen,The Ministry of Time,"Bradley, Kaliane",9781668045145,ellen.csv,
Ellen,The Honey Witch,"Shields, Sydney J.",9780316568869,ellen.csv,
Ellen,The Wedding People,"Espach, Alison",,ellen.csv,
Ellen,"The Silverblood Promise (The Last Legacy, #1)","Logan, James",9781250345806,ellen.csv,
Ellen,", said the shotgun to the head.","Williams, Saul",9780743470797,ellen.csv,
Ellen,Stoner,"Williams, John",9781590171998,ellen.csv,
Ellen,Shark Heart,"Habeck, Emily",9781668006498,ellen.csv,
Ellen,The Starless Sea,"Morgenstern, Erin",9780385541213,ellen.csv,
Ellen,The Once and Future Witches,"Harrow, Alix E.",9780316422048,ellen.csv,
Ellen,"The Three-Body Problem (Remembrance of Earth’s Past, #1)","Liu, Cixin",,ellen.csv,
Ellen,"Assassin's Apprentice (Farseer Trilogy, #1)","Hobb, Robin",9780553573398,ellen.csv,
Ellen,"Onyx Storm (The Empyrean, #3)","Yarros, Rebecca",9781649374189,ellen.csv,
Ellen,Funny Story,"Henry, Emily",,ellen.csv,
Ellen,The God of the Woods,"Moore, Liz",,ellen.csv,
Ellen,Crying in H Mart,"Zauner, Michelle",9780525657743,ellen.csv,
Ellen,I'm Glad My Mom Died,"McCurdy, Jennette",,ellen.csv,
Ellen,"Divine Rivals (Letters of Enchantment, #1)","Ross, Rebecca",9781250857439,ellen.csv,
Ellen,"Love, Theoretically","Hazelwood, Ali",9781408725795,ellen.csv,
Ellen,"Icebreaker (UCMH, #1)","Grace, Hannah",,ellen.csv,
Ellen,"Ninth House (Ninth House Trilogy, #1)","Bardugo, Leigh",9781250313072,ellen.csv,
Ellen,"The Poppy War (The Poppy War, #1)","Kuang, R.F.",9780062662590,ellen.csv,
Ellen,The Song of Achilles,"Miller, Madeline",,ellen.csv,
Ellen,The Invisible Life of Addie LaRue,"Schwab, V.E.",9780765387561,ellen.csv,
Ellen,"The Midnight Library (The Midnight World, #1)","Haig, Matt",9780525559474,ellen.csv,
Ellen,"The Book of Azrael (Gods & Monsters, #1)","Nicole, Amber V.",,ellen.csv,
Ellen,Never Let Me Go,"Ishiguro, Kazuo",9781400078776,ellen.csv,
Ellen,The Dead Romantics,"Poston, Ashley",,ellen.csv,
Ellen,The Seven Year Slip,"Poston, Ashley",,ellen.csv,
Ellen,A Sorceress Comes to Call,"Kingfisher, T.",9781250244079,ellen.csv,
Ellen,The Phoenix Keeper,"MacLean, S.A.",9780316573092,ellen.csv,
Ellen,Summer in the City,"Aster, Alex",9780063411661,ellen.csv,
Ellen,"Rebel Witch (The Crimson Moth, #2)","Ciccarelli, Kristen",,ellen.csv,
Ellen,If I Dig You,"Wilkens, Colby",9781250292933,ellen.csv,
Ellen,The Particular Sadness of Lemon Cake,"Bender, Aimee",9780385501125,ellen.csv,
Ellen,Witch of Wild Things (Wild Magic #1),"Gilliland, Raquel Vasquez",9780593548578,ellen.csv,
Ellen,The Stationmaster's Cottage,"Clark, Phillipa Nefri",9780648865261,ellen.csv,
Ellen,"Gotham Academy, Volume 1: Welcome to Gotham Academy","Cloonan, Becky",9781401254728,ellen.csv,
Ellen,"Blood of Hercules (Villains of Lore, #1)","Mas, Jasmine",9798990413733,ellen.csv,
Ellen,"A Wizard of Earthsea (The Earthsea Cycle, #1)","Le Guin, Ursula K.",,ellen.csv,
Ellen,"Somewhere Beyond the Sea (Cerulean Chronicles, #2)","Klune, T.J.",9781250881205,ellen.csv,
Ellen,"Firefight (The Reckoners, #2)","Sanderson, Brandon",9780385743587,ellen.csv,
Ellen,"Mitosis (The Reckoners, #1.5)","Sanderson, Brandon",9780449818435,ellen.csv,
Ellen,"The Well of Ascension (Mistborn, #2)","Sanderson, Brandon",9780765316882,ellen.csv,
Ellen,"Fathomfolk (Drowned World, #1)","Chan, Eliza",9780316564922,ellen.csv,
Ellen,"Origin (Robert Langdon, #5)","Brown, Dan",,ellen.csv,
Ellen,"Inferno (Robert Langdon, #4)","Brown, Dan",9780385537858,ellen.csv,
Ellen,"The Lost Symbol (Robert Langdon, #3)","Brown, Dan",9780385504225,ellen.csv,
Ellen,"The Tainted Cup (Ana and Din Mysteries, #1)","Bennett, Robert Jackson",9781984820709,ellen.csv,
Ellen,"Ordinary Monsters (The Talents Trilogy, #1)","Miro, J.M.",9781250833662,ellen.csv,
Ellen,Thistlefoot,"Nethercott, GennaRose",9780593468838,ellen.csv,
Ellen,The Book of Doors,"Brown, Gareth",9780063323988,ellen.csv,
Ellen,"Keeper of Enchanted Rooms (Whimbrel House, #1)","Holmberg, Charlie N.",9781662500336,ellen.csv,
Ellen,When Women Were Dragons,"Barnhill, Kelly",9780385548229,ellen.csv,
Ellen,The Book Eaters,"Dean, Sunyi",9781250810182,ellen.csv,
Ellen,Stone Blind,"Haynes, Natalie",9780063258396,ellen.csv,
Ellen,The Cartographers,"Shepherd, Peng",9780062910691,ellen.csv,
Ellen,"The Adventures of Amina al-Sirafi (Amina al-Sirafi, #1)","Chakraborty, S.A.",,ellen.csv,
Ellen,"A River Enchanted (Elements of Cadence, #1)","Ross, Rebecca",9780063055988,ellen.csv,
Ellen,Nettle & Bone,"Kingfisher, T.",9781250244048,ellen.csv,
Ellen,Starling House,"Harrow, Alix E.",9781250799050,ellen.csv,
Ellen,"She Who Became the Sun (The Radiant Emperor, #1)","Parker-Chan, Shelley",9781250621801,ellen.csv,
Ellen,"Hell Bent (Ninth House Trilogy, #2)","Bardugo, Leigh",9781250313102,ellen.csv,
Ellen,"Legends & Lattes (Legends & Lattes, #1)","Baldree, Travis",,ellen.csv,
Ellen,Fairy Tale,"King, Stephen",9781668002179,ellen.csv,
Ellen,"Daughter of the Moon Goddess (The Celestial Kingdom, #1)","Tan, Sue Lynn",9780063031302,ellen.csv,
Ellen,Under the Whispering Door,"Klune, T.J.",9781250217349,ellen.csv,
Ellen,Babel,"Kuang, R.F.",9780063021426,ellen.csv,
Ellen,Nation,"Pratchett, Terry",9780385613705,ellen.csv,
Ellen,"Small Gods (Discworld, #13)","Pratchett, Terry",9780552152976,ellen.csv,
Ellen,"Into Oblivion (Young Inspector Erlendur, #3)","Indriðason, Arnaldur",9781250077349,ellen.csv,
Ellen,"A Botanist's Guide to Parties and Poisons (Saffron Everleigh Mystery, #1)","Khavari, Kate",9781639100071,ellen.csv,
Ellen,The Ladies of Grace Adieu and Other Stories,"Clarke, Susanna",9781596912519,ellen.csv,
Ellen,When the Sky Fell on Splendor,"Henry, Emily",,ellen.csv,
Ellen,A Million Junes,"Henry, Emily",9780448493961,ellen.csv,
Ellen,The Rose Code,"Quinn, Kate",9780062943477,ellen.csv,
Ellen,The Fellowship of Puzzlemakers,"Burr, Samuel",9780593470091,ellen.csv,
Ellen,"Powerless (The Powerless Trilogy, #1)","Roberts, Lauren",,ellen.csv,
Ellen,"Darkfever (Fever, #1)","Moning, Karen Marie",9780385339155,ellen.csv,
Ellen,"Neverwhere (London Below, #1)","Gaiman, Neil",9780060557812,ellen.csv,
Ellen,Lost Boy: The True Story of Captain Hook,"Henry, Christina",9780399584022,ellen.csv,
Ellen,Wonderland: An Anthology,"O'Regan, Marie",9781789091496,ellen.csv,
Ellen,"Shadow of Night (All Souls, #2)","Harkness, Deborah",9780670023486,ellen.csv,
Ellen,"The Atlas Paradox (The Atlas, #2)","Blake, Olivie",9781250855121,ellen.csv,
Ellen,"Sword Catcher (The Chronicles of Castellane, #1)","Clare, Cassandra",9780525619994,ellen.csv,
Ellen,The Last List of Mabel Beaumont (Mabel Beaumont #1),"Pearson, Laura",9781785136054,ellen.csv,
Ellen,Weyward,"Hart, Emilia",9781250280800,ellen.csv,
Ellen,The Ocean at the End of the Lane,"Gaiman, Neil",9780062255662,ellen.csv,
Ellen,"The Business of Death (Death Works Trilogy, #3)","Jamieson, Trent",9780733633652,ellen.csv,
Ellen,Managing Death (Death Works Trilogy #2),"Jamieson, Trent",9780316077989,ellen.csv,
Ellen,Once Upon a Tome: The Misadventures of a Rare Bookseller,"Darkshire, Oliver",9781324092070,ellen.csv,
Ellen,"The Tropic of Serpents (The Memoirs of Lady Trent, #2)","Brennan, Marie",9780765331977,ellen.csv,
Ellen,"A Witch's Guide to Fake Dating a Demon (Glimmer Falls, #1)","Hawley, Sarah",9780593547922,ellen.csv,
Ellen,The Wishing Game,"Shaffer, Meg",9780593598832,ellen.csv,
Ellen,The Very Secret Society of Irregular Witches,"Mandanna, Sangu",9780593439357,ellen.csv,
Ellen,"The League of Gentlewomen Witches (Dangerous Damsels, #2)","Holton, India",9780593200186,ellen.csv,
Ellen,"The Wisteria Society of Lady Scoundrels (Dangerous Damsels, #1)","Holton, India",9780593200162,ellen.csv,
Ellen,The Library at Mt Char,Scott Hawkins,,ellen.csv,Additional title from original handwritten list
Jieyu,The Motion of the Body Through Space,"Shriver, Lionel",9780062328250,jieyu.csv,
Jieyu,The Descent of Man,"Perry, Grayson",9780241236277,jieyu.csv,
Jieyu,Status Anxiety,"de Botton, Alain",9780375725357,jieyu.csv,
Jieyu,Unshrinking: How to Face Fatphobia,"Manne, Kate",9780593593844,jieyu.csv,
Jieyu,East of Eden,"Steinbeck, John",9780142000656,jieyu.csv,
Jieyu,Burn Down Master's House,"Cane, Clay",9781496759146,jieyu.csv,
Jieyu,Giovanni’s Room,"Baldwin, James",9780345806567,jieyu.csv,
Jieyu,The Custom of the Country,"Wharton, Edith",9780684825885,jieyu.csv,
Jieyu,Glorious Exploits,"Lennon, Ferdia",9781250893697,jieyu.csv,
Jieyu,"The Wide Wide Sea: Imperial Ambition, First Contact and the Fateful Final Voyage of Captain James Cook","Sides, Hampton",9780385544764,jieyu.csv,
Jieyu,Wild Dark Shore,"McConaghy, Charlotte",9781250828019,jieyu.csv,
Jieyu,Slaughterhouse-Five,"Vonnegut Jr., Kurt",,jieyu.csv,
Jieyu,The Gales of November: The Untold Story of the Edmund Fitzgerald,"Bacon, John U.",9781324094654,jieyu.csv,
Jieyu,The Radium Girls: The Dark Story of America’s Shining Women,"Moore, Kate",9781492649359,jieyu.csv,
Jieyu,Family of Spies,"Kuehn, Christine",9781250344465,jieyu.csv,
Jieyu,Killers of the Flower Moon: The Osage Murders and the Birth of the FBI,"Grann, David",9780385534246,jieyu.csv,
Jieyu,Say Nothing: A True Story of Murder and Memory in Northern Ireland,"Keefe, Patrick Radden",9780385521314,jieyu.csv,
Jieyu,"The Wager: A Tale of Shipwreck, Mutiny and Murder","Grann, David",9780385534260,jieyu.csv,
Jieyu,"The Psychology of Money: Timeless Lessons on Wealth, Greed, and Happiness","Housel, Morgan",,jieyu.csv,
Jieyu,The Song of Achilles,"Miller, Madeline",,jieyu.csv,
Jieyu,"American Struggle: Democracy, Dissent, and the Pursuit of a More Perfect Union: An Anthology","Meacham, Jon",9780593597552,jieyu.csv,
Jieyu,99 Ways to Die: And How to Avoid Them,"Alker, Ashely",9781250359643,jieyu.csv,
Jieyu,"End of Days: Ruby Ridge, the Apocalypse, and the Unmaking of America","Jennings, Chris",9780316381949,jieyu.csv,
Jieyu,Make Believe,"Barnett, Mac",9780316607803,jieyu.csv,
Jieyu,The Land and Its People,"Sedaris, David",9780316264839,jieyu.csv,
Jieyu,London Falling: A Mysterious Death in a Gilded City and a Family's Search for Truth,"Keefe, Patrick Radden",9780385548533,jieyu.csv,
Jieyu,The In-Between: Unforgettable Encounters During Life's Final Moments,"Vlahos, Hadley",9780593499931,jieyu.csv,
Jieyu,The New Jim Crow: Mass Incarceration in the Age of Colorblindness,"Alexander, Michelle",,jieyu.csv,
Jieyu,Empire of Pain: The Secret History of the Sackler Dynasty,"Keefe, Patrick Radden",9780385545686,jieyu.csv,
Jieyu,The Fire Next Time,"Baldwin, James",9780679744726,jieyu.csv,
Jieyu,A Little Life,"Yanagihara, Hanya",9780385539258,jieyu.csv,
Jieyu,The Girl with Seven Names: A North Korean Defector's Story,"Lee, Hyeonseo",9780007554836,jieyu.csv,
Jieyu,The Nightingale,"Hannah, Kristin",9780312577223,jieyu.csv,
Jieyu,Under the Trestle: The 1980 Disappearance of Gina Renee Hall & Virginia’s First “No Body” Murder Trial.,"Jr., Ron Peterson",9781532063503,jieyu.csv,
Jieyu,Verity,"Hoover, Colleen",,jieyu.csv,
Jieyu,I Am Pilgrim,"Hayes, Terry",9781439177723,jieyu.csv,
Jieyu,The Shadow of the Sun,"Kapuściński, Ryszard",9780679779070,jieyu.csv,
Jieyu,"King of Kings: The Iranian Revolution—A Story of Hubris, Delusion and Catastrophic Miscalculation","Anderson, Scott",9780385548076,jieyu.csv,
Jieyu,"Realm of Ice and Sky: Triumph, Tragedy, and History's Greatest Arctic Rescue","Levy, Buddy",9781250289186,jieyu.csv,
Jieyu,The Zorg: A Tale of Greed and Murder That Inspired the Abolition of Slavery,"Kara, Siddharth",9781250348227,jieyu.csv,
Jieyu,Lorne: The Man Who Invented Saturday Night Live,"Morrison, Susan",9780812988871,jieyu.csv,
Jieyu,We the People: A History of the U.S. Constitution,"Lepore, Jill",9781631496080,jieyu.csv,
Jieyu,A Flower Traveled in My Blood,"Gilliland, Haley Cohen",9781668017142,jieyu.csv,
Jieyu,1929: Inside the Greatest Crash in Wall Street History--and How It Shattered a Nation,"Sorkin, Andrew Ross",9780593296967,jieyu.csv,
Jieyu,Original Sins: The (Mis)education of Black and Native Children and the Construction of American Racism,"Ewing, Eve L.",9780593243701,jieyu.csv,
Jieyu,The JFK Conspiracy: The Secret Plot to Kill Kennedy―and Why it Failed,"Meltzer, Brad",9781250790576,jieyu.csv,
Jieyu,Mark Twain,"Chernow, Ron",9780525561729,jieyu.csv,
Jieyu,Baldwin: A Love Story,"Boggs, Nicholas",9780374178710,jieyu.csv,
Jieyu,Jane Austen's Bookshelf,"Romney, Rebecca",9781982190248,jieyu.csv,
Jieyu,The 5 Types of Wealth: A Transformative Guide to Design Your Dream Life,"Bloom, Sahil",9780593723180,jieyu.csv,
Jieyu,The Fort Bragg Cartel: Drug Trafficking and Murder in the Special Forces,"Harp, Seth",9780593655085,jieyu.csv,
Jieyu,Are You Mad at Me?,"Josephson, Meg",9781668082461,jieyu.csv,
Jieyu,Replaceable You: Adventures in Human Anatomy,"Roach, Mary",9781324050629,jieyu.csv,
Jieyu,Black in Blues: How a Color Tells the Story of My People,"Perry, Imani",9780062977397,jieyu.csv,
Jieyu,Enshittification: Why Everything Suddenly Got Worse and What to Do About It,"Doctorow, Cory",9780374619329,jieyu.csv,
Jieyu,No More Tears: The Dark Secrets of Johnson & Johnson,"Harris, Gardiner",9780593229866,jieyu.csv,
Jieyu,"The Idaho Four: An American Tragedy (James Patterson True Crime, #3)","Patterson, James",9780316572859,jieyu.csv,
Jieyu,The New Age of Sexism: How AI and Emerging Technologies Are Reinventing Misogyny,"Bates, Laura",9781464234361,jieyu.csv,
Jieyu,Everything Is Tuberculosis: The History and Persistence of Our Deadliest Infection,"Green, John",9780525556572,jieyu.csv,
Jieyu,Raising Hare: A Memoir,"Dalton, Chloe",9780593701843,jieyu.csv,
Jieyu,My Next Breath,"Renner, Jeremy",9781250383532,jieyu.csv,
Jieyu,Nobody's Girl: A Memoir of Surviving Abuse and Fighting for Justice,"Giuffre, Virginia Roberts",9780593493120,jieyu.csv,
Jieyu,Finding My Way: A Memoir,"Yousafzai, Malala",9781668054277,jieyu.csv,
Jieyu,The House of My Mother: A Daughter's Quest for Freedom,"Franke, Shari",9781668065396,jieyu.csv,
Jieyu,The Secret Book Society,"Martin, Madeline",9781335016287,jieyu.csv,
Jieyu,Broken Country,"Hall, Clare Leslie",9781668078181,jieyu.csv,
Jieyu,The First Witch of Boston,"Catalano, Andrea",9781662525995,jieyu.csv,
Jieyu,The Book Club for Troublesome Women,"Bostwick, Marie",9781400344741,jieyu.csv,
Jieyu,Atmosphere,"Reid, Taylor Jenkins",,jieyu.csv,
Jieyu,Essentialism: The Disciplined Pursuit of Less,"McKeown, Greg",9780804137393,jieyu.csv,
Jieyu,"Work, Consumerism and the New Poor","Bauman, Zygmunt",9780335215980,jieyu.csv,
Jieyu,我的前半生,"Yi, Pu",,jieyu.csv,
Jieyu,Famesick,"Dunham, Lena",9781460713051,jieyu.csv,
Jieyu,Shrill: Notes from a Loud Woman,"West, Lindy",9780316348409,jieyu.csv,
Jieyu,Brain on Fire: My Month of Madness,"Cahalan, Susannah",9781451621396,jieyu.csv,
Jieyu,107 Days,"Harris, Kamala",9781668211656,jieyu.csv,
Jieyu,A Man Called Ove,"Backman, Fredrik",9781476738017,jieyu.csv,
Jieyu,The Correspondent,"Evans, Virginia",9780593798430,jieyu.csv,
Jieyu,My Friends,"Backman, Fredrik",9781982112820,jieyu.csv,
Jieyu,Behind You Is the Sea,"Darraj, Susan Muaddi",9780063324237,jieyu.csv,
Jieyu,Good People,"Sabit, Patmeena",9780593801062,jieyu.csv,
Jieyu,These Impossible Things,"El-Wardany, Salma",9781538709306,jieyu.csv,
Jieyu,House of Splinters,"Purcell, Laura",9781526627230,jieyu.csv,
Jieyu,Cleo Dang Would Rather Be Dead,"Nguyen, Mai",9781668080863,jieyu.csv,
Jieyu,Wild: From Lost to Found on the Pacific Crest Trail,"Strayed, Cheryl",9780307592736,jieyu.csv,
Jieyu,We Don't Talk About Carol,"Berry, Kristen L.",9780593974438,jieyu.csv,
Jieyu,The Road to Tender Hearts,"Hartnett, Annie",9780593873441,jieyu.csv,
Jieyu,Spinning Silver,"Novik, Naomi",,jieyu.csv,
Jieyu,The Terror,"Simmons, Dan",9780316017442,jieyu.csv,
Jieyu,Strangers: A Memoir of Marriage,"Burden, Belle",9780593733318,jieyu.csv,
Jieyu,The Wind Knows My Name,"Allende, Isabel",9780593598108,jieyu.csv,
Jieyu,John of John,"Stuart, Douglas",9780802167194,jieyu.csv,
Jieyu,When the Forest Breathes: Renewal and Resilience in the Natural World,"Simard, Suzanne",9780593318683,jieyu.csv,
Jieyu,North Woods,"Mason, Daniel",,jieyu.csv,
Jieyu,The God of the Woods,"Moore, Liz",,jieyu.csv,
Jieyu,"Dungeon Crawler Carl (Dungeon Crawler Carl, #1)","Dinniman, Matt",9780593820247,jieyu.csv,
Jieyu,The Book of Doors,"Brown, Gareth",9780063323995,jieyu.csv,
Jieyu,Dinner for Vampires: Life on a Cult TV Show,"Lenz, Bethany Joy",9781668067307,jieyu.csv,
Jieyu,The Everlasting,"Harrow, Alix E.",9781250799104,jieyu.csv,
Jieyu,A Woman Among Wolves: My Journey Through Forty Years of Wolf Recovery,"Boyd, Diane K",9781778401138,jieyu.csv,
Jieyu,The Master and His Emissary: The Divided Brain and the Making of the Western World,"McGilchrist, Iain",9780300148787,jieyu.csv,
Jieyu,Blindness,"Saramago, José",,jieyu.csv,
Jieyu,The Denial of Death,"Becker, Ernest",,jieyu.csv,
Jieyu,The Gate of Heavenly Peace: The Chinese and Their Revolution,"Spence, Jonathan D.",9780140062793,jieyu.csv,
Jieyu,Kindred,"Butler, Octavia E.",9780807083697,jieyu.csv,
Jieyu,"Parable of the Sower (Earthseed, #1)","Butler, Octavia E.",9780446675505,jieyu.csv,
Jieyu,Eleanor Oliphant Is Completely Fine,"Honeyman, Gail",9780008172145,jieyu.csv,
Jieyu,Wild Swans: Three Daughters of China,"Chang, Jung",,jieyu.csv,
Jieyu,Como agua para chocolate,"Esquivel, Laura",9780385721233,jieyu.csv,
Jieyu,The Books of Jacob,"Tokarczuk, Olga",,jieyu.csv,
Jieyu,The End of Love: A Sociology of Negative Relations,"Illouz, Eva",9780190914639,jieyu.csv,
Jieyu,Mad Honey,"Picoult, Jodi",9781984818386,jieyu.csv,
Jieyu,Wesley the Owl: The Remarkable Love Story of an Owl and His Girl,"O'Brien, Stacey",9781416551737,jieyu.csv,
Jieyu,I Who Have Never Known Men,"Harpman, Jacqueline",9781945492600,jieyu.csv,
Jieyu,Feynman's Rainbow: A Search for Beauty in Physics and in Life,"Mlodinow, Leonard",9780446692519,jieyu.csv,
Jieyu,Shattered Assumptions,"Janoff-Bulman, Ronnie",9780743236256,jieyu.csv,
Jieyu,Social Justice Fallacies,"Sowell, Thomas",9781541603929,jieyu.csv,
Jieyu,Mind Children: The Future of Robot and Human Intelligence,"Moravec, Hans",9780674576186,jieyu.csv,
Jieyu,How Life Works: A User’s Guide to the New Biology,"Ball, Philip",9780226826684,jieyu.csv,
Jieyu,Limitarianism: The Case Against Extreme Wealth,"Robeyns, Ingrid",9780241578193,jieyu.csv,
Jieyu,In Search of Lost Time,"Proust, Marcel",9780812969641,jieyu.csv,
Jieyu,The Bookshop: A History of the American Bookstore,"Friss, Evan",9780593299920,jieyu.csv,
Jieyu,The Wives: A Memoir,"Gorrindo, Simone",9781982178499,jieyu.csv,
Jieyu,Knife: Meditations After an Attempted Murder,"Rushdie, Salman",9780593730249,jieyu.csv,
Jieyu,From Here to the Great Unknown,"Presley, Lisa Marie",9780593733875,jieyu.csv,
Jieyu,The Third Gilmore Girl: A Memoir,"Bishop, Kelly",9781668023778,jieyu.csv,
Jieyu,Supercommunicators: How to Unlock the Secret Language of Connection,"Duhigg, Charles",9780593243916,jieyu.csv,
Jieyu,Feel-Good Productivity: How to Do More of What Matters to You,"Abdaal, Ali",9781250865038,jieyu.csv,
Jieyu,Framed: Astonishing True Stories of Wrongful Convictions,"Grisham, John",9780385550444,jieyu.csv,
Jieyu,Rat City: Overcrowding and Urban Derangement in the Rodent Universes of John B. Calhoun,"Adams, Jon",9781685890995,jieyu.csv,
Jieyu,"One Step Sideways, Three Steps Forward: One Woman’s Path to Becoming a Biologist","Grant, B. Rosemary",9780691260594,jieyu.csv,
Jieyu,Outlive: The Science & Art of Longevity,"Attia, Peter",9780593236598,jieyu.csv,
Jieyu,What an Owl Knows: The New Science of the World's Most Enigmatic Birds,"Ackerman, Jennifer",9780593298886,jieyu.csv,
Jieyu,Otherlands: A Journey Through Earth's Extinct Worlds,"Halliday, Thomas",9780593132883,jieyu.csv,
Jieyu,Meditations for Mortals: Four Weeks to Embrace Your Limitations and Make Time for What Counts,"Burkeman, Oliver",9780374611996,jieyu.csv,
Jieyu,The Tipping Point: How Little Things Can Make a Big Difference,"Gladwell, Malcolm",,jieyu.csv,
Jieyu,I'm Sorry for My Loss: An Urgent Examination of Reproductive Care in America,"Long, Rebecca Little and Collee",9781728292755,jieyu.csv,
Jieyu,Nexus: A Brief History of Information Networks from the Stone Age to AI,"Harari, Yuval Noah",9780593734223,jieyu.csv,
Jieyu,Alias Grace,"Atwood, Margaret",9780385475716,jieyu.csv,
Jieyu,Lying on the Couch,"Yalom, Irvin D.",9780060928513,jieyu.csv,
Jieyu,Personal History: A Memoir,"Graham, Katharine",9780375701047,jieyu.csv,
Jieyu,The 4-Hour Workweek,"Ferriss, Timothy",9780307353139,jieyu.csv,
Jieyu,"Motherhood on Ice: The Mating Gap and Why Women Freeze Their Eggs (Anthropologies of American Medicine: Culture, Power, and Practice, 10)","Inhorn, Marcia C",9781479813049,jieyu.csv,
Jieyu,"Mortal Secrets: Freud, Vienna, and the Discovery of the Modern Mind","Tallis, Frank",9781250288967,jieyu.csv,
Jieyu,Owls of the Eastern Ice: A Quest to Find and Save the World's Largest Owl,"Slaght, Jonathan C.",9780374228484,jieyu.csv,
Jieyu,The Gone Room: A Memoir,"Owen, Eleanor",,jieyu.csv,
Jieyu,Breaking Through: My Life in Science,"Karikó, Katalin",9780593443163,jieyu.csv,
Jieyu,Exercised: Why Something We Never Evolved to Do Is Healthy and Rewarding,"Lieberman, Daniel E.",9781524746988,jieyu.csv,
Jieyu,Neurosis and Human Growth: The Struggle Towards Self-Realization,"Horney, Karen",9780393307757,jieyu.csv,
Jieyu,The Six: The Untold Story of America's First Women Astronauts,"Grush, Loren",9781982172800,jieyu.csv,
Jieyu,"Curtain (Hercule Poirot, #44)","Christie, Agatha",9780425173749,jieyu.csv,
Jieyu,Lessons in Chemistry,"Garmus, Bonnie",,jieyu.csv,
Jieyu,The Omnivore's Dilemma: A Natural History of Four Meals,"Pollan, Michael",9781594200823,jieyu.csv,
Jieyu,The Living Mountain,"Shepherd, Nan",,jieyu.csv,
Jieyu,Animal Liberation,"Singer, Peter",9780060011574,jieyu.csv,
Jieyu,In Control: Dangerous Relationships and How They End in Murder,"Monckton-Smith, Jane",9781526613202,jieyu.csv,
Jieyu,No Visible Bruises: What We Don’t Know About Domestic Violence Can Kill Us,"Snyder, Rachel Louise",,jieyu.csv,
Jieyu,The Heart Is a Lonely Hunter,"McCullers, Carson",9780618084746,jieyu.csv,
Jieyu,The Complete Stories,"O'Connor, Flannery",,jieyu.csv,
Jieyu,"The Exceptions: Nancy Hopkins, MIT, and the Fight for Women in Science","Zernike, Kate",9781982131838,jieyu.csv,
Jieyu,"Sensitive: The Hidden Power of the Highly Sensitive Person in a Loud, Fast, Too-Much World","Granneman, Jenn",9780593235010,jieyu.csv,
Jieyu,In Search of Memory: The Emergence of a New Science of Mind,"Kandel, Eric R.",,jieyu.csv,
Jieyu,How to Keep House While Drowning,"Davis, K.C.",9781668002858,jieyu.csv,
Jieyu,Consciousness and the Social Brain,"Graziano, Michael S.A.",9780199928644,jieyu.csv,
Jieyu,Small World: An Academic Romance,"Lodge, David",9780140072655,jieyu.csv,
Jieyu,Quiet: The Power of Introverts in a World That Can't Stop Talking,"Cain, Susan",9780307352149,jieyu.csv,
Jieyu,A Woman Is No Man,"Rum, Etaf",9780062699763,jieyu.csv,
Jieyu,’Salem’s Lot,"King, Stephen",9780450031069,jieyu.csv,
Jieyu,"Things We Never Got Over (Knockemout, #1)","Score, Lucy",9781945631849,jieyu.csv,
Jieyu,Babel,"Kuang, R.F.",9780063021426,jieyu.csv,
Jieyu,Bullshit Jobs: A Theory,"Graeber, David",9781501143311,jieyu.csv,
Jieyu,"The Color Purple (The Color Purple, #1)","Walker, Alice",,jieyu.csv,
Jieyu,"Deadhouse Gates (Malazan Book of the Fallen, #2)","Erikson, Steven",9780765310026,jieyu.csv,
Jieyu,Carrie Soto Is Back,"Reid, Taylor Jenkins",9780593158685,jieyu.csv,
Jieyu,Remarkably Bright Creatures,"Van Pelt, Shelby",9780063204157,jieyu.csv,
Jieyu,"The Chosen: The Hidden History of Admission and Exclusion at Harvard, Yale, and Princeton – A Landmark History of Elite College Merit and American Opportunity","Karabel, Jerome",9780618773558,jieyu.csv,
Jieyu,Into Thin Air: A Personal Account of the Mt. Everest Disaster,"Krakauer, Jon",,jieyu.csv,
Jieyu,Nine Stories,"Salinger, J.D.",9780316767729,jieyu.csv,
Jieyu,The Left Hand of Darkness,"Le Guin, Ursula K.",,jieyu.csv,
Jieyu,To the Lighthouse,"Woolf, Virginia",,jieyu.csv,
Jieyu,Chronicle of a Death Foretold,"García Márquez, Gabriel",9781400034710,jieyu.csv,
Jieyu,Steppenwolf,"Hesse, Hermann",9780140282580,jieyu.csv,
Jieyu,On Earth We're Briefly Gorgeous,"Vuong, Ocean",9780525562023,jieyu.csv,
Jieyu,The Remains of the Day,"Ishiguro, Kazuo",,jieyu.csv,
Jieyu,Madame Bovary,"Flaubert, Gustave",9780192840394,jieyu.csv,
Jieyu,Cat’s Cradle,"Vonnegut Jr., Kurt",,jieyu.csv,
Jieyu,Circe,"Miller, Madeline",9780316556347,jieyu.csv,
Jieyu,Modernity and the Holocaust,"Bauman, Zygmunt",9780801487194,jieyu.csv,
Jieyu,"The Letters, 1830-1880","Brookner, Anita",9780330488471,jieyu.csv,
Jieyu,Catch-22,"Heller, Joseph",9780684833392,jieyu.csv,
Jieyu,The Chinese in America: A Narrative History,"Chang, Iris",9780142004173,jieyu.csv,
Jieyu,Long Way Down,"Reynolds, Jason",9781481438254,jieyu.csv,
Jieyu,Anti-Intellectualism in American Life,"Hofstadter, Richard",9780394703176,jieyu.csv,
Jieyu,Brideshead Revisited,"Waugh, Evelyn",9780316926348,jieyu.csv,
Jieyu,The Conquest of Happiness,"Russell, Bertrand",9780415378475,jieyu.csv,
Jieyu,Lessons in Stoicism: What Ancient Philosophers Teach Us About How to Live,"Sellars, John",9780241382776,jieyu.csv,
Jieyu,The Outsiders,"Hinton, S.E.",9780670532575,jieyu.csv,
Jieyu,Women At Point Zero,"El Saadawi, Nawal",,jieyu.csv,
Jieyu,The How of Happiness: A Scientific Approach to Getting the Life You Want,"Lyubomirsky, Sonja",9781594201486,jieyu.csv,
Jieyu,"Gödel, Escher, Bach: An Eternal Golden Braid","Hofstadter, Douglas R.",9780465026562,jieyu.csv,
Jieyu,All About Love: New Visions,"hooks, bell",9780688168445,jieyu.csv,
Jieyu,A Crack in Creation: Gene Editing and the Unthinkable Power to Control Evolution,"Doudna, Jennifer A.",9780544716940,jieyu.csv,
Jieyu,Four Thousand Weeks: Time Management for Mortals,"Burkeman, Oliver",9780374159122,jieyu.csv,
Jieyu,Human Acts,"Han, Kang",9781101906729,jieyu.csv,
Jieyu,The Language Game: How Improvisation Created Language and Changed the World,"Christiansen, Morten H.",9781541674981,jieyu.csv,
Jieyu,Notes on Grief,"Adichie, Chimamanda Ngozi",9780593320808,jieyu.csv,
Jieyu,Rhythms of the Brain,"Buzsáki, György",9780195301069,jieyu.csv,
Jieyu,The Secret Perfume of Birds: Uncovering the Science of Avian Scent,"Whittaker, Danielle J.",9781421443485,jieyu.csv,
Jieyu,The Number Sense: How the Mind Creates Mathematics,"Dehaene, Stanislas",9780195132403,jieyu.csv,
Jieyu,Metaphors We Live By,"Lakoff, George",9780226468013,jieyu.csv,
Jieyu,Journey of the Mind: How Thinking Emerged from Chaos,"Ogas, Ogi",9781324006589,jieyu.csv,
Jieyu,Heartbreak: A Personal and Scientific Journey,"Williams, Florence",9781324003489,jieyu.csv,
Jieyu,Beloved,"Morrison, Toni",,jieyu.csv,
Jieyu,The Noonday Demon: An Atlas of Depression,"Solomon, Andrew",9780684854670,jieyu.csv,
Jieyu,The Road,"McCarthy, Cormac",9780307265432,jieyu.csv,
Jieyu,Cloud Cuckoo Land,"Doerr, Anthony",9781982168438,jieyu.csv,
Jieyu,The Origins of Totalitarianism,"Arendt, Hannah",,jieyu.csv,
Jieyu,2666,"Bolaño, Roberto",9788433968678,jieyu.csv,
Jieyu,The Book of Hope: A Survival Guide for Trying Times,"Goodall, Jane",9781250784094,jieyu.csv,
Jieyu,The Anthropocene Reviewed: Essays on a Human-Centered Planet,"Green, John",9780525555216,jieyu.csv,
Jieyu,The Gifts of Imperfection,"Brown, Brené",9781592858491,jieyu.csv,
Jieyu,Severance,"Ma, Ling",9780374261597,jieyu.csv,
Jieyu,The Inner Game of Tennis: The Classic Guide to the Mental Side of Peak Performance,"Gallwey, W. Timothy",9780679778318,jieyu.csv,
Jieyu,The Narrow Road to the Deep North,"Flanagan, Richard",,jieyu.csv,
Jieyu,The Republic,Plato,9780140449143,jieyu.csv,
Jieyu,An Enquiry Concerning Human Understanding,"Hume, David",9781420926996,jieyu.csv,
Jieyu,Pachinko,"Lee, Min Jin",,jieyu.csv,
Jieyu,Before I Go to Sleep,"Watson, S.J.",9780062060556,jieyu.csv,
Jieyu,Primeval and Other Times,"Tokarczuk, Olga",9788086264356,jieyu.csv,
Jieyu,"Women, Fire, and Dangerous Things: What Categories Reveal About the Mind","Lakoff, George",9780226468044,jieyu.csv,
Jieyu,The Sense of Style: The Thinking Person's Guide to Writing in the 21st Century,"Pinker, Steven",9780670025855,jieyu.csv,
Jieyu,The Sleeping Beauties: And Other Stories of Mystery Illness,"O'Sullivan, Suzanne",9781524748371,jieyu.csv,
Jieyu,Projections: A Story of Human Emotions,"Deisseroth, Karl",9781984853691,jieyu.csv,
Jieyu,Consciousness: Confessions of a Romantic Reductionist,"Koch, Christof",9780262017497,jieyu.csv,
Jieyu,The Feeling of Life Itself: Why Consciousness Is Widespread but Can't Be Computed,"Koch, Christof",9780262042819,jieyu.csv,
Jieyu,When Nietzsche Wept,"Yalom, Irvin D.",9780060748128,jieyu.csv,
Jieyu,Biological Exuberance: Animal Homosexuality and Natural Diversity,"Bagemihl, Bruce",9781861971821,jieyu.csv,
Jieyu,William James: In the Maelstrom of American Modernism,"Richardson Jr., Robert D.",9780618433254,jieyu.csv,
Jieyu,"Time, Love, Memory: A Great Biologist and His Quest for the Origins of Behavior","Weiner, Jonathan",9780679763901,jieyu.csv,
Jieyu,Spilled Milk: Based on a True Story,"Randis, K.L.",,jieyu.csv,
Jieyu,My Remarkable Journey,"Johnson, Katherine G.",9780063090675,jieyu.csv,
Jieyu,Under a White Sky: The Nature of the Future,"Kolbert, Elizabeth",9780593136270,jieyu.csv,
Jieyu,Mission Economy: A Moonshot Guide to Changing Capitalism,"Mazzucato, Mariana",9780241435311,jieyu.csv,
Jieyu,The Gulag Archipelago 1918–1956,"Solzhenitsyn, Aleksandr",9780060007768,jieyu.csv,
Jieyu,The Will to Power,"Nietzsche, Friedrich",9780394704371,jieyu.csv,
Jieyu,The Interpretation of Dreams,"Freud, Sigmund",9781566195768,jieyu.csv,
Jieyu,Panzram: A Journal of Murder,"Gaddis, Thomas E.",9781878923141,jieyu.csv,
Jieyu,How Confidence Works: The new science of self-belief,"Robertson, Ian H.",9781787633728,jieyu.csv,
Jieyu,The Painful Truth: The New Science of Why We Hurt and How We can Heal,"Lyman, Monty",9781787630543,jieyu.csv,
Jieyu,"Never Eat Alone: And Other Secrets to Success, One Relationship at a Time","Ferrazzi, Keith",9780385512053,jieyu.csv,
Jieyu,The Hidden Spring: A Journey to the Source of Consciousness,"Solms, Mark",9780393542011,jieyu.csv,
Jieyu,Beyond Words: What Animals Think and Feel,"Safina, Carl",9780805098884,jieyu.csv,
Jieyu,On Aggression,"Lorenz, Konrad",9780156687416,jieyu.csv,
Jieyu,Transcendent Kingdom,"Gyasi, Yaa",,jieyu.csv,
Jieyu,How to Argue With a Racist: What Our Genes Do (and Don't) Say About Human Difference,"Rutherford, Adam",9781615196715,jieyu.csv,
Jieyu,Caste: The Origins of Our Discontents,"Wilkerson, Isabel",9780593230251,jieyu.csv,
Jieyu,A Promised Land,"Obama, Barack",9781524763169,jieyu.csv,
Jieyu,Hood Feminism: Notes from the Women That a Movement Forgot,"Kendall, Mikki",9780525560548,jieyu.csv,
Jieyu,"Stamped: Racism, Antiracism, and You","Reynolds, Jason",9780316453691,jieyu.csv,
Jieyu,The War on Normal People: The Truth About America's Disappearing Jobs and Why Universal Basic Income Is Our Future,"Yang, Andrew",9780316414241,jieyu.csv,
Jieyu,Tractatus Logico-Philosophicus,"Wittgenstein, Ludwig",9780415254083,jieyu.csv,
Jieyu,Stamped from the Beginning: The Definitive History of Racist Ideas in America,"Kendi, Ibram X.",9781568584638,jieyu.csv,
Jieyu,Meditations,Marcus Aurelius,9780140449334,jieyu.csv,
Jieyu,Why Are All The Black Kids Sitting Together in the Cafeteria?,"Tatum, Beverly Daniel",9780465083619,jieyu.csv,
Jieyu,"The Da Vinci Code (Robert Langdon, #2)","Brown, Dan",,jieyu.csv,
Jieyu,The Book Thief,"Zusak, Markus",,jieyu.csv,
Jieyu,The Idea of the Brain: The Past and Future of Neuroscience,"Cobb, Matthew",9781541646858,jieyu.csv,
Jieyu,Over the Top: A Raw Journey to Self-Love,"Van Ness, Jonathan",9780062906373,jieyu.csv,
Jieyu,Stay Sexy & Don't Get Murdered: The Definitive How-To Guide,"Kilgariff, Karen",9781250178954,jieyu.csv,
Jieyu,A Tale of Two Cities,"Dickens, Charles",9780141439600,jieyu.csv,
Jieyu,Wuthering Heights,"Brontë, Emily",,jieyu.csv,
Jieyu,"Tuesdays with Morrie: An Old Man, a Young Man, and Life's Greatest Lesson","Albom, Mitch",,jieyu.csv,
Jieyu,Sapiens: A Brief History of Humankind,"Harari, Yuval Noah",,jieyu.csv,
Jieyu,The Emperor of All Maladies: A Biography of Cancer,"Mukherjee, Siddhartha",,jieyu.csv,
Jieyu,A Good Scent from a Strange Mountain,"Butler, Robert Olen",9780802137982,jieyu.csv,
Jieyu,Middlesex,"Eugenides, Jeffrey",9780312422158,jieyu.csv,
Jieyu,The Last Lecture,"Pausch, Randy",,jieyu.csv,
Jieyu,The Stranger,"Camus, Albert",,jieyu.csv,
Jieyu,Fahrenheit 451,"Bradbury, Ray",,jieyu.csv,
Jieyu,The Idiot,"Dostoevsky, Fyodor",9780679642428,jieyu.csv,
Jieyu,Life is Elsewhere,"Kundera, Milan",9780060997021,jieyu.csv,
Jieyu,Immortality,"Kundera, Milan",9780571144563,jieyu.csv,
Jieyu,Your Money or Your Life,"Domínguez, Joe",9780140286786,jieyu.csv,
Jieyu,The Total Money Makeover: A Proven Plan for Financial Fitness,"Ramsey, Dave",9780785289081,jieyu.csv,
Jieyu,Get a Financial Life: Personal Finance in Your Twenties and Thirties,"Kobliner, Beth",9781476782386,jieyu.csv,
Jieyu,Do Androids Dream of Electric Sheep?,"Dick, Philip K.",,jieyu.csv,
Jieyu,"The Foundation Trilogy (Foundation, #1-3)","Asimov, Isaac",9780380508563,jieyu.csv,
Jieyu,"Dune (Dune, #1)","Herbert, Frank",9780340839935,jieyu.csv,
Jieyu,Lab Girl,"Jahren, Hope",9781101874936,jieyu.csv,
Jieyu,The Five: The Untold Lives of the Women Killed by Jack the Ripper,"Rubenhold, Hallie",,jieyu.csv,
Jieyu,Les Misérables,"Hugo, Victor",9780451525260,jieyu.csv,
Jieyu,Good Reasons for Bad Feelings: Insights from the Frontier of Evolutionary Psychiatry,"Nesse, Randolph M.",9781101985663,jieyu.csv,
Jieyu,The Lady Tasting Tea: How Statistics Revolutionized Science in the Twentieth Century,"Salsburg, David",9780805071344,jieyu.csv,
Jieyu,Memoirs of a Geisha,"Golden, Arthur",9781400096893,jieyu.csv,
Jieyu,The Glass Castle,"Walls, Jeannette",9780743247542,jieyu.csv,
Jieyu,The Myth of Sisyphus,"Camus, Albert",,jieyu.csv,
Jieyu,"Unlikely Partners: Chinese Reformers, Western Economists, and the Making of Global China","Gewirtz, Julian",9780674973466,jieyu.csv,
Jieyu,Undoing the Demos: Neoliberalism’s Stealth Revolution (Near Futures #4),"Brown, Wendy",9781935408536,jieyu.csv,
Jieyu,I'll Be Gone in the Dark,"McNamara, Michelle",,jieyu.csv,
Jieyu,All the Light We Cannot See,"Doerr, Anthony",9781476746586,jieyu.csv,
Jieyu,Bridge to Terabithia,"Paterson, Katherine",9780439366779,jieyu.csv,
Jieyu,On Becoming a Person: A Therapist's View of Psychotherapy,"Rogers, Carl R.",9780395755310,jieyu.csv,
Jieyu,The Bell Jar,"Plath, Sylvia",,jieyu.csv,
Jieyu,A Beautiful Mind,"Nasar, Sylvia",9780571212927,jieyu.csv,
Konnor,1984,"Orwell, George",,konnor.csv,
Konnor,"Alice's Adventures in Wonderland (Alice's Adventures in Wonderland, #1)","Carroll, Lewis",,konnor.csv,
Konnor,The Selfish Gene,"Dawkins, Richard",9780199291151,konnor.csv,
Konnor,"Thinking, Fast and Slow","Kahneman, Daniel",9780374275631,konnor.csv,
Konnor,There There,"Orange, Tommy",,konnor.csv,
Konnor,Caste: The Origins of Our Discontents,"Wilkerson, Isabel",9780593230251,konnor.csv,
Konnor,The Outsiders,"Hinton, S.E.",9780670532575,konnor.csv,
Konnor,The Sun Also Rises,"Hemingway, Ernest",,konnor.csv,
Konnor,A Farewell to Arms,"Hemingway, Ernest",9780099910107,konnor.csv,
Konnor,The Portrait of Dorian Gray,"Wilde, Oscar",9785992503692,konnor.csv,
Konnor,A Tale of Two Cities,"Dickens, Charles",9780141439600,konnor.csv,
Konnor,Why We're Polarized,"Klein, Ezra",9781476700328,konnor.csv,
Konnor,A People’s History of the United States: 1492 - Present,"Zinn, Howard",9780060838652,konnor.csv,
Konnor,Permission to Feel: The Power of Emotional Intelligence to Achieve Well-Being and Success,"Brackett, Marc",9781250212849,konnor.csv,
Konnor,The Republic,Plato,9780140449143,konnor.csv,
Konnor,How Not to Be Wrong: The Power of Mathematical Thinking,"Ellenberg, Jordan",9781594205224,konnor.csv,
Konnor,Do Androids Dream of Electric Sheep?,"Dick, Philip K.",,konnor.csv,
Konnor,A Random Walk Down Wall Street: The Time-Tested Strategy for Successful Investing,"Malkiel, Burton G.",9781324002185,konnor.csv,
Konnor,"Power, Sex, Suicide: Mitochondria and the Meaning of Life","Lane, Nick",9780199205646,konnor.csv,
Konnor,The Doors of Perception,"Huxley, Aldous",,konnor.csv,
Konnor,The Intelligent Investor,"Graham, Benjamin",9780060555665,konnor.csv,
Konnor,Renegades: Born in the USA,"Obama, Barack",9780593236314,konnor.csv,
Konnor,How to Be an Antiracist,"Kendi, Ibram X.",9780525509288,konnor.csv,
Konnor,The Emperor of All Maladies: A Biography of Cancer,"Mukherjee, Siddhartha",,konnor.csv,
Konnor,On Tyranny: Twenty Lessons from the Twentieth Century,"Snyder, Timothy",9780804190114,konnor.csv,
Konnor,The Art of Racing in the Rain,"Stein, Garth",9781554681723,konnor.csv,
Konnor,"Red Rising (Red Rising Saga, #1)","Brown, Pierce",,konnor.csv,
Konnor,The Elementary Particles,"Houellebecq, Michel",9780375727016,konnor.csv,
Konnor,Journey to the End of the Night,"Céline, Louis-Ferdinand",9780811216548,konnor.csv,
Konnor,"When the Tempest Gathers: From Mogadishu to the Fight Against ISIS, a Marine Special Operations Commander at War","Milburn, Andrew",9781526750556,konnor.csv,
Konnor,"Tuesdays with Morrie: An Old Man, a Young Man, and Life's Greatest Lesson","Albom, Mitch",,konnor.csv,
Konnor,The Accidental Superpower: The Next Generation of American Preeminence and the Coming Global Disorder,"Zeihan, Peter",9781455583669,konnor.csv,
Konnor,Cat’s Cradle,"Vonnegut Jr., Kurt",,konnor.csv,
Konnor,The Inconvenient Indian: A Curious Account of Native People in North America,"King, Thomas",9780385674058,konnor.csv,
Konnor,"General Theory of Employment, Interest, and Money","Keynes, John Maynard",9781573921398,konnor.csv,
Konnor,"The Exceptions: Nancy Hopkins, MIT, and the Fight for Women in Science","Zernike, Kate",9781982131838,konnor.csv,
Konnor,A Man Called Ove,"Backman, Fredrik",9781476738017,konnor.csv,
Konnor,In Defense of Food: An Eater's Manifesto,"Pollan, Michael",9781594201455,konnor.csv,
Konnor,Lifespan: Why We Age―and Why We Don't Have To,"Sinclair, David",9781501191978,konnor.csv,
Konnor,The Bright Hour: A Memoir of Living and Dying,"Riggs, Nina",9781501169359,konnor.csv,
Konnor,The Poisonwood Bible,"Kingsolver, Barbara",9780060786502,konnor.csv,
Konnor,Into the Wild,"Krakauer, Jon",9780385486804,konnor.csv,
Konnor,The Covenant of Water,"Verghese, Abraham",9780802162175,konnor.csv,
Konnor,Cutting for Stone,"Verghese, Abraham",9780375414497,konnor.csv,
Konnor,Why I Am Not a Christian and Other Essays on Religion and Related Subjects,"Russell, Bertrand",9780671203238,konnor.csv,
Konnor,All I Really Need to Know I Learned in Kindergarten,"Fulghum, Robert",9780345466396,konnor.csv,
Konnor,Great Circle,"Shipstead, Maggie",,konnor.csv,
Konnor,Never Cry Wolf: The Amazing True Story of Life Among Arctic Wolves,"Mowat, Farley",9780316881791,konnor.csv,
Konnor,Long Way Round: Chasing Shadows Across the World,"McGregor, Ewan",9780743499330,konnor.csv,
Konnor,Love in the Time of Cholera,"García Márquez, Gabriel",9781400034680,konnor.csv,
Konnor,The Serengeti Rules: The Quest to Discover How Life Works and Why It Matters,"Carroll, Sean B.",9780691167428,konnor.csv,
Konnor,The Triumph of Injustice: How the Rich Dodge Taxes and How to Make Them Pay,"Saez, Emmanuel",9781324002727,konnor.csv,
Konnor,"The Art of Focus: Find Meaning, Reinvent Yourself and Create Your Ideal Future","Koe, Dan",,konnor.csv,
Konnor,The Color Purple,"Walker, Alice",9780143135692,konnor.csv,
Konnor,"I Know Why the Caged Bird Sings (Maya Angelou's Autobiography, #1)","Angelou, Maya",9780553279375,konnor.csv,
Konnor,The Princess Bride,"Goldman, William",9780345418265,konnor.csv,
Konnor,Atlas Shrugged,"Rand, Ayn",9780452011878,konnor.csv,
Konnor,"Walden or, Life in the Woods","Thoreau, Henry David",,konnor.csv,
Konnor,Don Quixote,"Cervantes Saavedra, Miguel de",,konnor.csv,
Konnor,Invisible Man,"Ellison, Ralph",,konnor.csv,
Konnor,A Passage to India,"Forster, E.M.",9780141441160,konnor.csv,
Konnor,The Grapes of Wrath,"Steinbeck, John",9780670016907,konnor.csv,
Konnor,The Art of War,Sun Tzu,,konnor.csv,
Konnor,A Little Life,"Yanagihara, Hanya",9780385539258,konnor.csv,
Konnor,"Entangled Life: How Fungi Make Our Worlds, Change Our Minds & Shape Our Futures","Sheldrake, Merlin",9780525510314,konnor.csv,
Konnor,When You're Food: Raw: A Fighter’s View of Predatory Aggression: The Forever Autumn Press Edition,"Lafond, James",9781530215836,konnor.csv,
Konnor,Get Out the Vote!: How to Increase Voter Turnout,"Green, Donald P.",9780815732693,konnor.csv,
Konnor,"Troubled: A Memoir of Foster Care, Family, and Social Class","Henderson, Rob",9781982168551,konnor.csv,
Konnor,Understanding Power: The Indispensable Chomsky,"Chomsky, Noam",9781565847033,konnor.csv,
Konnor,On Palestine,"Chomsky, Noam",9781608464708,konnor.csv,
Konnor,Requiem for the American Dream: The 10 Principles of Concentration of Wealth & Power,"Chomsky, Noam",,konnor.csv,
Konnor,Civil Disobedience and Other Essays,"Thoreau, Henry David",9781420925227,konnor.csv,
Konnor,The Trinity of Fundamentals,"Rafeedie, Wisam",9798988260219,konnor.csv,
Konnor,The Righteous Mind: Why Good People Are Divided by Politics and Religion,"Haidt, Jonathan",,konnor.csv,
Konnor,The Prophet,"Gibran, Kahlil",9780001000391,konnor.csv,
Konnor,Dracula,"Stoker, Bram",9780393970128,konnor.csv,
Konnor,The Iliad / The Odyssey,Homer,9780147712554,konnor.csv,
Konnor,A Christmas Carol,"Dickens, Charles",9781561797462,konnor.csv,
Konnor,Treasure Island,"Stevenson, Robert Louis",9780753453803,konnor.csv,
Konnor,The Adventures of Tom Sawyer,"Twain, Mark",9780143039563,konnor.csv,
Konnor,Wuthering Heights,"Brontë, Emily",,konnor.csv,
Konnor,Great Expectations,"Dickens, Charles",9780192833594,konnor.csv,
Konnor,Robinson Crusoe,"Defoe, Daniel",,konnor.csv,
Konnor,Oliver Twist,"Dickens, Charles",,konnor.csv,
Konnor,David Copperfield,"Dickens, Charles",,konnor.csv,
Konnor,War and Peace,"Tolstoy, Leo",9780192833983,konnor.csv,
Konnor,Heart of Darkness,"Conrad, Joseph",9781892295491,konnor.csv,
Konnor,The Call of the Wild,"London, Jack",,konnor.csv,
Konnor,Uncle Tom’s Cabin,"Stowe, Harriet Beecher",,konnor.csv,
Konnor,The Divine Comedy: Inferno - Purgatorio - Paradiso,Dante Alighieri,9780679433132,konnor.csv,
Konnor,The Epic of Gilgamesh,Unknown,9780141026282,konnor.csv,
Konnor,Mrs. Dalloway,"Woolf, Virginia",9780151009985,konnor.csv,
Konnor,Aesop’s Fables,Aesop,9780192840509,konnor.csv,
Konnor,Twelve Years a Slave,"Northup, Solomon",9780989794800,konnor.csv,
Konnor,Narrative of the Life of Frederick Douglass,"Douglass, Frederick",9781580495769,konnor.csv,
Konnor,The Complete Sherlock Holmes,"Doyle, Arthur Conan",,konnor.csv,
Konnor,Common Sense,"Paine, Thomas",9780143036258,konnor.csv,
Konnor,Meditations,Marcus Aurelius,9780140449334,konnor.csv,
Konnor,The Diary of a Young Girl,"Frank, Anne",,konnor.csv,
Konnor,The Federalist Papers,"Hamilton, Alexander",9781542099424,konnor.csv,
Konnor,My First Summer in the Sierra,"Muir, John",9780486437354,konnor.csv,
Konnor,The Yosemite,"Muir, John",9781426421457,konnor.csv,
Konnor,The Wild Muir: Twenty-Two of John Muir's Greatest Adventures,"Muir, John",9780939666751,konnor.csv,
Konnor,Wilderness Essays,"Muir, John",9781423607120,konnor.csv,
Konnor,The Jungle,"Sinclair, Upton",9781884365300,konnor.csv,
Konnor,The Ins-N-Outs of In-N-Out Burger: The Inside Story of California's First Drive-Through and How it Became a Beloved Cultural Icon,"Snyder, Lynsi",9781400242993,konnor.csv,
Konnor,Making Votes Count: Strategic Coordination in the World's Electoral Systems (Political Economy of Institutions and Decisions) (Political Economy of Institutions and Decisions) (Volume 0),"Cox, Gary W.",9780521585279,konnor.csv,
Konnor,Foe,"Reid, Iain",9781501127427,konnor.csv,
Konnor,If We Burn: The Mass Protest Decade and the Missing Revolution,"Bevins, Vincent",9781541788978,konnor.csv,
Konnor,Think Again: The Power of Knowing What You Don't Know,"Grant, Adam M.",9781984878106,konnor.csv,
Konnor,Eichmann in Jerusalem: A Report on the Banality of Evil,"Arendt, Hannah",,konnor.csv,
Konnor,And Then There Were None,"Christie, Agatha",9780312330873,konnor.csv,
Konnor,"The Mirror Crack'd From Side to Side (Miss Marple, #8)","Christie, Agatha",9780007120987,konnor.csv,
Konnor,The God of the Woods,"Moore, Liz",,konnor.csv,
Konnor,Hello Beautiful,"Napolitano, Ann",,konnor.csv,
Konnor,Evicted: Poverty and Profit in the American City,"Desmond, Matthew",9780553447439,konnor.csv,
Konnor,"Poverty, by America","Desmond, Matthew",9780593239919,konnor.csv,
Konnor,"Why Fish Don’t Exist: A Story of Loss, Love, and the Hidden Order of Life","Miller, Lulu",,konnor.csv,
Konnor,Blindness,"Saramago, José",,konnor.csv,
Konnor,A Thousand Splendid Suns,"Hosseini, Khaled",9781594489501,konnor.csv,
Konnor,The Checklist Manifesto: How to Get Things Right,"Gawande, Atul",9780805091748,konnor.csv,
Konnor,Our Town,"Wilder, Thornton",9780060512637,konnor.csv,
Konnor,The Banshees of Inisherin,"McDonagh, Martin",9780571381708,konnor.csv,
Konnor,Good Energy: The Surprising Connection Between Metabolism and Limitless Health,"Means, Casey",9780593712641,konnor.csv,
Konnor,Bastard Out of Carolina,"Allison, Dorothy",9780452287051,konnor.csv,
Konnor,The Amazing Adventures of Kavalier & Clay,"Chabon, Michael",9780312282998,konnor.csv,
Konnor,Vineland,"Pynchon, Thomas",9783499136283,konnor.csv,
Konnor,The Idea Factory: Bell Labs and the Great Age of American Innovation,"Gertner, Jon",9781594203282,konnor.csv,
Konnor,Science: The Endless Frontier,"Bush, Vannevar",9781597400268,konnor.csv,
Konnor,"How Big Things Get Done: The Surprising Factors That Determine the Fate of Every Project, from Home Renovations to Space Exploration and Everything In Between","Flyvbjerg, Bent",9780593239513,konnor.csv,
Konnor,Recoding America: Why Government Is Failing in the Digital Age and How We Can Do Better,"Pahlka, Jennifer",9781250266774,konnor.csv,
Konnor,Dog Days,"Labarge, Emily",9798893380477,konnor.csv,
Konnor,I Who Have Never Known Men,"Harpman, Jacqueline",9781945492600,konnor.csv,
Konnor,Last Rites,"Osbourne, Ozzy",9781538775417,konnor.csv,
Konnor,Stoner,"Williams, John",9781590171998,konnor.csv,
Konnor,Regime Change: Inside the Imperial Presidency of Donald Trump,"Haberman, Maggie",9781668067246,konnor.csv,
Konnor,Manufacturing Consent: The Political Economy of the Mass Media,"Herman, Edward S.",9780375714498,konnor.csv,
Konnor,The Communist Manifesto,"Marx, Karl",9780140447576,konnor.csv,
Konnor,Atomic Habits: An Easy & Proven Way to Build Good Habits & Break Bad Ones,"Clear, James",,konnor.csv,
Konnor,A World Appears: A Journey into Consciousness,"Pollan, Michael",9781984881991,konnor.csv,
Konnor,"The Infinity Machine: Demis Hassabis, DeepMind, and the Quest for Superintelligence","Mallaby, Sebastian",9780593831847,konnor.csv,
Konnor,Impro: Improvisation and the Theatre,"Johnstone, Keith",9780878301171,konnor.csv,
Konnor,The Idiot,"Batuman, Elif",9781594205613,konnor.csv,
Konnor,Bliss Montage,"Ma, Ling",9780374293512,konnor.csv,
Konnor,Severance,"Ma, Ling",9780374261597,konnor.csv,
Konnor,"Say It Well: Find Your Voice, Speak Your Mind, Inspire Any Audience","Szuplat, Terry",9780063337718,konnor.csv,
Konnor,The Snowball: Warren Buffett and the Business of Life,"Schroeder, Alice",9780553805093,konnor.csv,
Konnor,"The Daily Stoic: 366 Meditations on Wisdom, Perseverance, and the Art of Living","Holiday, Ryan",,konnor.csv,
Konnor,This Is Your Mind on Plants,"Pollan, Michael",9780593296905,konnor.csv,
Konnor,Breakfast of Champions,"Vonnegut Jr., Kurt",9780385334204,konnor.csv,
Konnor,The Sirens of Titan,"Vonnegut Jr., Kurt",,konnor.csv,
Konnor,Galápagos,"Vonnegut Jr., Kurt",9780385333870,konnor.csv,
Konnor,Of Mice and Men,"Steinbeck, John",9780142000670,konnor.csv,
Konnor,The Pearl,"Steinbeck, John",9780142000694,konnor.csv,
Konnor,"Cannery Row (Cannery Row, #1)","Steinbeck, John",9780142000687,konnor.csv,
Konnor,Travels with Charley: In Search of America,"Steinbeck, John",9780142000700,konnor.csv,
Konnor,Tortilla Flat,"Steinbeck, John",9780582461505,konnor.csv,
Konnor,The Red Pony,"Steinbeck, John",9780141962825,konnor.csv,
Konnor,The Sun Does Shine: How I Found Life and Freedom on Death Row,"Hinton, Anthony Ray",9781250124715,konnor.csv,
Konnor,Wild: From Lost to Found on the Pacific Crest Trail,"Strayed, Cheryl",9780307592736,konnor.csv,
Meryl,The Inner Game of Tennis: The Classic Guide to the Mental Side of Peak Performance,"Gallwey, W. Timothy",9780679778318,meryl.csv,
Meryl,ADHD 2.0: New Science and Essential Strategies for Thriving with Distraction—From Childhood Through Adulthood,"Hallowell, Edward M.",9780399178733,meryl.csv,
Meryl,Near to the Wild Heart,"Lispector, Clarice",9780811211406,meryl.csv,
Meryl,Água Viva,"Lispector, Clarice",9780811219907,meryl.csv,
Meryl,Probability Theory: The Logic of Science,"Jaynes, E.T.",9780521592710,meryl.csv,
Meryl,The Goldfinch,"Tartt, Donna",9780316055437,meryl.csv,
Meryl,"Poverty, by America","Desmond, Matthew",9780593239919,meryl.csv,
Meryl,The Past Is Red,"Valente, Catherynne M.",9781250301130,meryl.csv,
Meryl,This Side of Paradise,"Fitzgerald, F. Scott",9780684843780,meryl.csv,
Meryl,Things in Nature Merely Grow,"Li, Yiyun",9780374617318,meryl.csv,
Meryl,Infinite Jest,"Wallace, David Foster",,meryl.csv,
Meryl,Another Country,"Baldwin, James",9780141186375,meryl.csv,
Meryl,Never Let Me Go,"Ishiguro, Kazuo",9781400078776,meryl.csv,
Meryl,The Bell Jar,"Plath, Sylvia",9780060837020,meryl.csv,
Meryl,Anna Karenina,"Tolstoy, Leo",9780345803924,meryl.csv,
Meryl,The Memory Police,"Ogawa, Yōko",9781101870600,meryl.csv,
Meryl,"Dune (Dune, #1)","Herbert, Frank",9780593099322,meryl.csv,
Meryl,Rocannon’s World,"Le Guin, Ursula K.",9780441732968,meryl.csv,
Meryl,Sea of Tranquility,"Mandel, Emily St. John",9780593321447,meryl.csv,
Meryl,"The Three-Body Problem (Remembrance of Earth’s Past, #1)","Liu, Cixin",,meryl.csv,
Meryl,"Foundation (Foundation, #1)","Asimov, Isaac",9780553803716,meryl.csv,
Meryl,The Selfish Gene,"Dawkins, Richard",9780199291151,meryl.csv,
Meryl,Crime and Punishment,"Dostoevsky, Fyodor",,meryl.csv,
Meryl,Existentialism is a Humanism,"Sartre, Jean-Paul",9780300115468,meryl.csv,
Meryl,Beyond Good and Evil,"Nietzsche, Friedrich",9780140449235,meryl.csv,
Meryl,Meditations,Marcus Aurelius,9780140449334,meryl.csv,
Meryl,On Earth We're Briefly Gorgeous,"Vuong, Ocean",9780525562023,meryl.csv,
Meryl,Between the World and Me,"Coates, Ta-Nehisi",,meryl.csv,
Meryl,"Guns, Germs, and Steel: The Fates of Human Societies","Diamond, Jared",9780739467350,meryl.csv,
Meryl,約束のネバーランド 1 [Yakusoku no Neverland 1],"Shirai, Kaiu",9784088808727,meryl.csv,
Meryl,Yellowface,"Kuang, R.F.",,meryl.csv,
Meryl,"The Fellowship of the Ring (The Lord of the Rings, #1)","Tolkien, J.R.R.",,meryl.csv,
Meryl,Pride and Prejudice,"Austen, Jane",,meryl.csv,
Meryl,The Age of Innocence,"Wharton, Edith",9781593081430,meryl.csv,
Meryl,Flowers for Algernon,"Keyes, Daniel",9780156030083,meryl.csv,
Meryl,War and Peace,"Tolstoy, Leo",9780192833983,meryl.csv,
Meryl,The Grapes of Wrath,"Steinbeck, John",9780670016907,meryl.csv,
Meryl,The Stranger,"Camus, Albert",,meryl.csv,
Meryl,Les Misérables,"Hugo, Victor",9780451525260,meryl.csv,
Meryl,The Metamorphosis,"Kafka, Franz",9780553213690,meryl.csv,
Meryl,Great Expectations,"Dickens, Charles",9780192833594,meryl.csv,
Meryl,Brave New World,"Huxley, Aldous",9780060929879,meryl.csv,
Meryl,A Tale of Two Cities,"Dickens, Charles",9780141439600,meryl.csv,
Meryl,The Catcher in the Rye,"Salinger, J.D.",9780316769174,meryl.csv,
Meryl,The Picture of Dorian Gray,"Wilde, Oscar",9780141439570,meryl.csv,
Meryl,1984,"Orwell, George",9780452284234,meryl.csv,
Meryl,The Outsiders,"Hinton, S.E.",9780142407332,meryl.csv,
Meryl,If Beale Street could talk,james baldwin,,meryl.csv,Additional title from original handwritten list
Serena,Intermezzo,Sally Rooney,,serena.csv,
Serena,Colorless Tsukuru Tazaki and His Years of Pilgrimage,Haruki Murakami,,serena.csv,
Serena,The Briefcase,Hiromi Kawakami,,serena.csv,
Serena,Strangers,Taichi Yamada,,serena.csv,
Serena,The Sailor Who Fell from Grace with the Sea,Yukio Mishima,,serena.csv,
Serena,The Story of a Body,Daniel Pennac,,serena.csv,
Serena,Ties (Lacci),Domenico Starnone,,serena.csv,
Serena,Near to the Wild Heart,Clarice Lispector,,serena.csv,
Serena,Paradise Rot,Jenny Hval,,serena.csv,
Serena,Babel: Or the Necessity of Violence,R. F. Kuang,,serena.csv,
Serena,Dreams of Trespass: Tales of a Harem Girlhood,Fatema Mernissi,,serena.csv,
Serena,To Live,Yu Hua,,serena.csv,
Serena,The Year of the Death of Ricardo Reis,José Saramago,,serena.csv,
Serena,"Tomorrow, and Tomorrow, and Tomorrow",Gabrielle Zevin,,serena.csv,
Serena,Tuesdays with Morrie,Mitch Albom,,serena.csv,
Serena,Tattoo,Earl Thompson,,serena.csv,
Serena,Come Closer,Sara Gran,,serena.csv,
Serena,Tender Is the Flesh,Agustina Bazterrica,,serena.csv,
Serena,The Trial,Franz Kafka,,serena.csv,
Serena,The Lottery,Shirley Jackson,,serena.csv,
Serena,Hard-Boiled Wonderland and the End of the World,Haruki Murakami,,serena.csv,
Serena,The Lime Works,Thomas Bernhard,,serena.csv,
Serena,The Eye,Vladimir Nabokov,,serena.csv,
Serena,Disturbance,Thomas Bernhard,,serena.csv,
Serena,Steps,Jerzy Kosiński,,serena.csv,
Serena,Naked Lunch,William S. Burroughs,,serena.csv,
Serena,Hunger,Choi Jin-young,,serena.csv,
Serena,My Year of Rest and Relaxation,Ottessa Moshfegh,,serena.csv,
Serena,House of Leaves,Mark Z. Danielewski,,serena.csv,
Serena,Someday This Pain Will Be Useful to You,Peter Cameron,,serena.csv,
Serena,The Transitions,Pajtim Statovci,,serena.csv,
Serena,God or Space?,Walter Mehrer,,serena.csv,
Serena,Stoner,John Edward Williams,,serena.csv,
Serena,If Cats Disappeared from the World,Genki Kawakami,,serena.csv,
Serena,Why Fish Don't Exist,Lulu Miller,,serena.csv,
Serena,Baumgartner,Paul Auster,,serena.csv,
Serena,Cleopatra and Frankenstein,Coco Mellors,,serena.csv,
Serena,Assembly,Natasha Brown,,serena.csv,
Serena,Women Who Run with the Wolves,Clarissa Pinkola Estés,,serena.csv,
Serena,Everything I Know About Love,Dolly Alderton,,serena.csv,
Serena,Notes on Heartbreak,Annie Lord,,serena.csv,
Serena,Alison,Lizzy Stewart,,serena.csv,
Serena,A Room of One's Own,Virginia Woolf,,serena.csv,
Serena,The Idiot,Elif Batuman,,serena.csv,
Serena,A Little Life,Hanya Yanagihara,,serena.csv,
Serena,Never Let Me Go,Kazuo Ishiguro,,serena.csv,
Serena,Heaven,Mieko Kawakami,,serena.csv,
Serena,Giovanni's Room,James Baldwin,,serena.csv,
Serena,Blue Sisters,Coco Mellors,,serena.csv,
Serena,Rebecca,Daphne du Maurier,,serena.csv,
Serena,The Castle of Otranto,Horace Walpole,,serena.csv,
Serena,The Monk,Matthew Lewis,,serena.csv,
Serena,Interview with the Vampire,Anne Rice,,serena.csv,
Serena,The Fall of the House of Usher,Edgar Allan Poe,,serena.csv,
Serena,The Mysteries of Udolpho,Ann Radcliffe,,serena.csv,
Serena,Sharp Objects,Gillian Flynn,,serena.csv,
Serena,The Count of Monte Cristo,Alexandre Dumas,,serena.csv,
Serena,Anna Karenina,Leo Tolstoy,,serena.csv,
Serena,The Phantom of the Opera,Gaston Leroux,,serena.csv,
Serena,The Plague,Albert Camus,,serena.csv,
Serena,The Black Tulip,Alexandre Dumas,,serena.csv,
Serena,The Setting Sun,Osamu Dazai,,serena.csv,
Serena,Solaris,Stanisław Lem,,serena.csv,
Serena,Suite Française,Irène Némirovsky,,serena.csv,
Serena,The Kreutzer Sonata,Leo Tolstoy,,serena.csv,
Serena,First Love,Ivan Turgenev,,serena.csv,
Serena,The Scarlet Letter,Nathaniel Hawthorne,,serena.csv,
Serena,East of Eden,John Steinbeck,,serena.csv,
Serena,History (La storia),Elsa Morante,,serena.csv,
Serena,The Beautiful Summer (Una bella estate),Cesare Pavese,,serena.csv,
Serena,The Child of Pleasure (Il Piacere),Gabriele D'Annunzio,,serena.csv,
Serena,Zeno's Conscience (La coscienza di Zeno),Italo Svevo,,serena.csv,
Sonia,A Scanner Darkly,"Dick, Philip K.",9780575076815,sonia.csv,
Sonia,Waiting,"Jin, Ha",9780375706417,sonia.csv,
Sonia,"Dungeon Crawler Carl (Dungeon Crawler Carl, #1)","Dinniman, Matt",9780593820247,sonia.csv,
Sonia,"Blueprint for Revolution: How to Use Rice Pudding, Lego Men, and Other Nonviolent Techniques to Galvanize Communities, Overthrow Dictators, or Simply Change the World","Popovic, Srdja",9780812995305,sonia.csv,
Sonia,American Hagwon,"Lee, Min Jin",9781538752036,sonia.csv,
Sonia,House of Leaves,"Danielewski, Mark Z.",,sonia.csv,
Sonia,Kitten,"Yu, Stacey",9798217155064,sonia.csv,
Sonia,Abundance,"Klein, Ezra",9781668023488,sonia.csv,
Sonia,Inseparable,"Beauvoir, Simone de",9780063075047,sonia.csv,
Sonia,"River East, River West","Rey Lescure, Aube",9780063257856,sonia.csv,
Sonia,"Modern Love: True Stories of Love, Loss, and Redemption","Jones, Daniel",9780593137048,sonia.csv,
Sonia,There Is No Antimemetics Division,qntm,,sonia.csv,
Sonia,Everything Is Tuberculosis: The History and Persistence of Our Deadliest Infection,"Green, John",9780525556572,sonia.csv,
Sonia,The Hunchback of Notre-Dame,"Hugo, Victor",9780451527882,sonia.csv,
Sonia,Around the World in Eighty Days,"Verne, Jules",9780140449068,sonia.csv,
Sonia,Death with Interruptions,"Saramago, José",9780151012749,sonia.csv,
Sonia,I Am a Strange Loop,"Hofstadter, Douglas R.",9780465030781,sonia.csv,
Sonia,"The Fox in Winter (Eternal Path Trilogy, #2)","Hodgson, Antonia",,sonia.csv,
Sonia,"The Lion & the Deathless Dark (Crowns of Nyaxia, #5)","Broadbent, Carissa",,sonia.csv,
Sonia,The Unicorn Hunters,"Arden, Katherine",9780593128282,sonia.csv,
Sonia,The Last Contract of Isako,"Lee, Fonda",9780356526713,sonia.csv,
Sonia,Killed by a Traffic Engineer: Shattering the Delusion that Science Underlies Our Transportation System,"Marshall, Wes",9781642833300,sonia.csv,
Sonia,The Brothers Karamazov,"Dostoevsky, Fyodor",9780374528379,sonia.csv,
Sonia,Shanzhai: Deconstruction in Chinese,"Han, Byung-Chul",,sonia.csv,
Sonia,Exit Interview: The Life and Death of My Ambitious Career,"Coulter, Kristi",9780374600907,sonia.csv,
Sonia,"The Veiled Throne (The Dandelion Dynasty, #3)","Liu, Ken",9781481424332,sonia.csv,
Sonia,The Redemption of Time,Baoshu,9781788542203,sonia.csv,
Sonia,"Tinker, Tailor, Soldier, Spy (George Smiley, #5; Karla Trilogy, #1)","le Carré, John",,sonia.csv,
Sonia,The Hard Thing About Hard Things: Building a Business When There Are No Easy Answers―Straight Talk on the Challenges of Entrepreneurship,"Horowitz, Ben",9780062273208,sonia.csv,
Sonia,Algorithms to Live By: The Computer Science of Human Decisions,"Christian, Brian",9781627790369,sonia.csv,
Sonia,"Blood Meridian, or, the Evening Redness in the West","McCarthy, Cormac",,sonia.csv,
Sonia,"The House in the Cerulean Sea (Cerulean Chronicles, #1)","Klune, T.J.",,sonia.csv,
Sonia,Normal People,"Rooney, Sally",9781984822178,sonia.csv,
Sonia,Hillbilly Elegy: A Memoir of a Family and Culture in Crisis,"Vance, J.D.",,sonia.csv,
Sonia,Chaos: The Making of a New Science,"Gleick, James",,sonia.csv,
Sonia,Operation Paperclip: The Secret Intelligence Program that Brought Nazi Scientists to America,"Jacobsen, Annie",9780316221047,sonia.csv,
Sonia,The First Cell: And the Human Costs of Pursuing Cancer to the Last,"Raza, Azra",9781541699526,sonia.csv,
Sonia,Ways of Seeing,"Berger, John",9780140135152,sonia.csv,
Sonia,Bury Our Bones in the Midnight Soil,"Schwab, V.E.",9781035064649,sonia.csv,
Sonia,Race the Sands,"Durst, Sarah Beth",9780062888617,sonia.csv,
Sonia,"Furies of Calderon (Codex Alera, #1)","Butcher, Jim",9780441012688,sonia.csv,
Sonia,The Fall,"Camus, Albert",9780679720225,sonia.csv,
Sonia,The Denial of Death,"Becker, Ernest",,sonia.csv,
Sonia,Feeling Good: The New Mood Therapy,"Burns, David D.",9780380810338,sonia.csv,
Sonia,The Sleep Book: How to Sleep Well Every Night,"Meadows, Guy",9781409149118,sonia.csv,
Sonia,James,"Everett, Percival",9780385550369,sonia.csv,
Sonia,A Sorceress Comes to Call,"Kingfisher, T.",9781250244079,sonia.csv,
Sonia,The Fox Wife,"Choo, Yangsze",9781250266019,sonia.csv,
Sonia,Intermezzo,"Rooney, Sally",9780374602635,sonia.csv,
Sonia,All the Colors of the Dark,"Whitaker, Chris",9780593798874,sonia.csv,
Sonia,At the Existentialist Café,"Bakewell, Sarah",9780701186586,sonia.csv,
Sonia,What I Talk About When I Talk About Running,"Murakami, Haruki",,sonia.csv,
Sonia,"War and Peace, Pevear and Volokhonsky trans.","Tolstoy, Leo",,sonia.csv,
Sonia,Connectome: How the Brain's Wiring Makes Us Who We Are,"Seung, Sebastian",9780547508184,sonia.csv,
Sonia,Human Acts,"Han, Kang",9781101906729,sonia.csv,
Sonia,"Captive Prince (Captive Prince, #1)","Pacat, C.S.",,sonia.csv,
Sonia,Permutation City,"Egan, Greg",9780061054815,sonia.csv,
Sonia,The Great Automatic Grammatizator,"Dahl, Roald",,sonia.csv,
Sonia,The Happiness Trap: How to Stop Struggling and Start Living: A Guide to ACT,"Harris, Russ",9781590305843,sonia.csv,
Sonia,Letting Go: The Pathway To Surrender,"Hawkins, David R.",9781933885988,sonia.csv,
Sonia,The Realm of the Nebulae,"Hubble, Edwin Powell",9780300025002,sonia.csv,
Sonia,"The Theory That Would Not Die: How Bayes' Rule Cracked the Enigma Code, Hunted Down Russian Submarines, and Emerged Triumphant from Two Centuries of Controversy","McGrayne, Sharon Bertsch",9780300169690,sonia.csv,
Sonia,A Different Universe: Reinventing Physics from the Bottom Down,"Laughlin, Robert B.",9780465038282,sonia.csv,
Sonia,The Anxious Generation: How the Great Rewiring of Childhood Caused an Epidemic of Mental Illness,"Haidt, Jonathan",9780593655030,sonia.csv,
Sonia,Chip War: The Fight for the World's Most Critical Technology,"Miller, Chris",9781982172008,sonia.csv,
Sonia,Beijing Sprawl,"Xu, Zechen",9781949641325,sonia.csv,
Sonia,City of Quartz: Excavating the Future in Los Angeles,"Davis, Mike",9780679738060,sonia.csv,
Sonia,"Why Nations Fail: The Origins of Power, Prosperity, and Poverty","Acemoğlu, Daron",9780307719218,sonia.csv,
Sonia,Justice: A Reader,"Sandel, Michael J.",9780195335125,sonia.csv,
Sonia,What Money Can't Buy: The Moral Limits of Markets,"Sandel, Michael J.",9780374203030,sonia.csv,
Sonia,Reality is Not What it Seems,"Rovelli, Carlo",9785268439021,sonia.csv,
Sonia,The Particle at the End of the Universe: How the Hunt for the Higgs Boson Leads Us to the Edge of a New World,"Carroll, Sean",9780525953593,sonia.csv,
Sonia,Deep Work: Rules for Focused Success in a Distracted World,"Newport, Cal",9781455586660,sonia.csv,
Sonia,Dune Messiah (Dune #2),"Herbert, Frank",9780593098233,sonia.csv,
Sonia,"Poverty, by America","Desmond, Matthew",9780593239919,sonia.csv,
Sonia,Death,"May, Todd",9781844651641,sonia.csv,
Sonia,The Design of Everyday Things,"Norman, Donald A.",9780465067107,sonia.csv,
Sonia,The Creative Act: A Way of Being,"Rubin, Rick",9780593652886,sonia.csv,
Sonia,"Reinventing the Sacred: A New View of Science, Reason, and Religion","Kauffman, Stuart A.",9780465003006,sonia.csv,
Sonia,Lab Girl,"Jahren, Hope",9781101874936,sonia.csv,
Sonia,Heaven and Hell: A History of the Afterlife,"Ehrman, Bart D.",9781501136733,sonia.csv,
Sonia,How to Be Perfect: The Correct Answer to Every Moral Question,"Schur, Michael",9781982159313,sonia.csv,
Sonia,Waiting for Godot,"Beckett, Samuel",,sonia.csv,
Sonia,Stoner,"Williams, John",9781590171998,sonia.csv,
Sonia,The Tell-Tale Heart and Other Writings,"Poe, Edgar Allan",9780553212280,sonia.csv,
Sonia,Go Tell It on the Mountain,"Baldwin, James",9780141185910,sonia.csv,
Sonia,White Fang,"London, Jack",,sonia.csv,
Sonia,Death of a Salesman,"Miller, Arthur",9780435233075,sonia.csv,
Sonia,The House of Mirth,"Wharton, Edith",9781844082933,sonia.csv,
Sonia,Their Eyes Were Watching God,"Hurston, Zora Neale",9780061120060,sonia.csv,
Sonia,The Age of Innocence,"Wharton, Edith",9781593081430,sonia.csv,
Sonia,"Little Women (Little Women, #1)","Alcott, Louisa May",,sonia.csv,
Sonia,The Scarlet Letter,"Hawthorne, Nathaniel",9780142437261,sonia.csv,
Sonia,Labyrinths: Selected Stories & Other Writings,"Borges, Jorge Luis",9780811200127,sonia.csv,
Sonia,"The Weight of Glory, and Other Addresses","Lewis, C.S.",9780020959809,sonia.csv,
Sonia,The White Album,"Didion, Joan",9780374532079,sonia.csv,
Sonia,Essays,"Orwell, George",,sonia.csv,
Sonia,Bird by Bird: Some Instructions on Writing and Life,"Lamott, Anne",9780385480017,sonia.csv,
Sonia,No Exit,"Sartre, Jean-Paul",9780573613050,sonia.csv,
Sonia,Killers of the Flower Moon: The Osage Murders and the Birth of the FBI,"Grann, David",9780593470831,sonia.csv,
Sonia,The Sun Also Rises,"Hemingway, Ernest",,sonia.csv,
Sonia,I Who Have Never Known Men,"Harpman, Jacqueline",9781529111798,sonia.csv,
Sonia,Kaikeyi,"Patel, Vaishnavi",9780759557338,sonia.csv,
Sonia,"The Code Breaker: Jennifer Doudna, Gene Editing, and the Future of the Human Race","Isaacson, Walter",9781982115852,sonia.csv,
Sonia,My Fight / Your Fight,"Rousey, Ronda",9781941393260,sonia.csv,
Sonia,Putting Ourselves Back in the Equation: Why Physicists Are Studying Human Consciousness and AI to Unravel the Mysteries of the Universe,"Musser, George",9780374238766,sonia.csv,
Sonia,Play It As It Lays,"Didion, Joan",9780374529949,sonia.csv,
Sonia,How to Know a Person: The Art of Seeing Others Deeply and Being Deeply Seen,"Brooks, David",9780593230084,sonia.csv,
Sonia,Being Mortal: Medicine and What Matters in the End,"Gawande, Atul",9780805095159,sonia.csv,
Sonia,"The Bedlam Stacks (The Watchmaker of Filigree Street, #1.5)","Pulley, Natasha",9781620409671,sonia.csv,
Sonia,"Six Scorched Roses (Crowns of Nyaxia, #1.5)","Broadbent, Carissa",,sonia.csv,
Sonia,I'll Give You the Sun,"Nelson, Jandy",9780803734968,sonia.csv,
Sonia,Shoe Dog: A Memoir by the Creator of Nike,"Knight, Phil",9781501135910,sonia.csv,
Sonia,Untethered Sky,"Lee, Fonda",9781250842466,sonia.csv,
Sonia,A Woman Is No Man,"Rum, Etaf",9780062699763,sonia.csv,
Sonia,"Legendborn (The Legendborn Cycle, #1)","Deonn, Tracy",9781534441606,sonia.csv,
Sonia,"Divine Rivals (Letters of Enchantment, #1)","Ross, Rebecca",9781250857439,sonia.csv,
Sonia,"The Jasmine Throne (The Burning Kingdoms, #1)","Suri, Tasha",9780356515649,sonia.csv,
Sonia,The Warm Hands of Ghosts,"Arden, Katherine",9780593128251,sonia.csv,
Sonia,Our Wives Under the Sea,"Armfield, Julia",9781529017229,sonia.csv,
Sonia,The Measure,"Erlick, Nikki",9780063204201,sonia.csv,
Sonia,Demon Copperhead,"Kingsolver, Barbara",,sonia.csv,
Sonia,Remarkably Bright Creatures,"Van Pelt, Shelby",9780063204157,sonia.csv,
Sonia,The Immortal King Rao,"Vara, Vauhini",9780393541755,sonia.csv,
Sonia,"Happy Sexy Millionaire: Unexpected Truths about Fulfillment, Love, and Success","Bartlett, Steven",9781529301496,sonia.csv,
Sonia,Of Molecules and Men,"Crick, Francis",9781591021858,sonia.csv,
Sonia,What Mad Pursuit: A Personal View of Scientific Discovery,"Crick, Francis",9780465091386,sonia.csv,
Sonia,The Double Helix,"Watson, James D.",9780451037701,sonia.csv,
Sonia,The Right to Sex: Feminism in the Twenty-First Century,"Srinivasan, Amia",9780374721039,sonia.csv,
Sonia,Água Viva,"Lispector, Clarice",9780811219907,sonia.csv,
Sonia,The Love Hypothesis,"Hazelwood, Ali",9780593336823,sonia.csv,
Sonia,Lessons in Chemistry,"Garmus, Bonnie",,sonia.csv,
Sonia,Crying in H Mart,"Zauner, Michelle",9780525657743,sonia.csv,
Sonia,Cloud Cuckoo Land,"Doerr, Anthony",9781982168438,sonia.csv,
Sonia,The Night Watchman,"Erdrich, Louise",9780062671202,sonia.csv,
Sonia,"Altered Carbon (Takeshi Kovacs, #1)","Morgan, Richard K.",,sonia.csv,
Sonia,"Daughter of the Moon Goddess (The Celestial Kingdom, #1)","Tan, Sue Lynn",9780063031302,sonia.csv,
Sonia,Fairy Tale,"King, Stephen",9781668002179,sonia.csv,
Sonia,"Hunt the Stars (Starlight's Shadow, #1)","Mihalik, Jessie",9780063051034,sonia.csv,
Sonia,The Posthumous Memoirs of Brás Cubas,"Assis, Machado de",9780195101706,sonia.csv,
Sonia,The Ghost Bride,"Choo, Yangsze",9780062227324,sonia.csv,
Sonia,"Kingdom of the Wicked (Kingdom of the Wicked, #1)","Maniscalco, Kerri",9780316428460,sonia.csv,
Sonia,Soulswift,"Bannen, Megan",9780062674180,sonia.csv,
Sonia,When Nietzsche Wept,"Yalom, Irvin D.",9780060748128,sonia.csv,
Sonia,Recursion,"Crouch, Blake",9781524759780,sonia.csv,
Sonia,A Thousand Ships,"Haynes, Natalie",9780063065390,sonia.csv,
Sonia,"The Persian Boy (Alexander the Great, #2)","Renault, Mary",9780394751016,sonia.csv,
Sonia,Pandora's Jar: Women in the Greek Myths,"Haynes, Natalie",9780063139466,sonia.csv,
Sonia,"All Systems Red (The Murderbot Diaries, #1)","Wells, Martha",,sonia.csv,
Sonia,"The Hidden Palace (The Golem and the Jinni, #2)","Wecker, Helene",9780062468741,sonia.csv,
Sonia,A Man Called Ove,"Backman, Fredrik",9781476738017,sonia.csv,
Sonia,Middlesex,"Eugenides, Jeffrey",9780312422158,sonia.csv,
Sonia,The Forest of Enchantments,"Divakaruni, Chitra Banerjee",9789353025984,sonia.csv,
Sonia,"Everybody Lies: Big Data, New Data, and What the Internet Can Tell Us About Who We Really Are","Stephens-Davidowitz, Seth",9780062390851,sonia.csv,
Sonia,Weapons of Math Destruction: How Big Data Increases Inequality and Threatens Democracy,"O'Neil, Cathy",9780553418811,sonia.csv,
Sonia,"Middlegame (Alchemical Journeys, #1)","McGuire, Seanan",9781250195517,sonia.csv,
Sonia,The Age of Living Machines: How Biology Will Build the Next Technology Revolution,"Hockfield, Susan",9780393634747,sonia.csv,
Sonia,The Sound and the Fury,"Faulkner, William",,sonia.csv,
Sonia,"The Book of Lost Things (The Book of Lost Things, #1)","Connolly, John",9780743298858,sonia.csv,
Sonia,The Stand,"King, Stephen",,sonia.csv,
Sonia,From Bacteria to Bach and Back: The Evolution of Minds,"Dennett, Daniel C.",9780393355505,sonia.csv,
Sonia,Regenesis: How Synthetic Biology Will Reinvent Nature and Ourselves,"Church, George M.",9780465021758,sonia.csv,
Sonia,Stories of Your Life and Others,"Chiang, Ted",9780330426640,sonia.csv,
Sonia,The Etymologicon: A Circular Stroll through the Hidden Connections of the English Language,"Forsyth, Mark",,sonia.csv,
Sonia,The Body: A Guide for Occupants,"Bryson, Bill",9780385539302,sonia.csv,
Sonia,The Ten Thousand Doors of January,"Harrow, Alix E.",9780316421997,sonia.csv,
Sonia,One Flew Over the Cuckoo’s Nest,"Kesey, Ken",,sonia.csv,
Sonia,The Guns of August,"Tuchman, Barbara W.",9780345476098,sonia.csv,
Sonia,Drinking Coffee Elsewhere,"Packer, ZZ",9781573223782,sonia.csv,
Sonia,The God of Small Things,"Roy, Arundhati",9780679457312,sonia.csv,
Sonia,The Rebel: An Essay on Man in Revolt,"Camus, Albert",9780679733843,sonia.csv,
Sonia,Black Tabs,"Schwab, V.E.",,sonia.csv,
Sonia,"Thinking, Fast and Slow","Kahneman, Daniel",9780374275631,sonia.csv,
Sonia,The Selfish Gene,"Dawkins, Richard",9780199291151,sonia.csv,
Sonia,A Clockwork Orange,"Burgess, Anthony",,sonia.csv,
Sonia,Siddhartha,"Hesse, Hermann",,sonia.csv,
Sonia,Lincoln in the Bardo,"Saunders, George",9780812995343,sonia.csv,
Sonia,"Lonesome Dove (Lonesome Dove, #1)","McMurtry, Larry",9780671683900,sonia.csv,
Sonia,The Liars' Club,"Karr, Mary",9780143035749,sonia.csv,
Sonia,Song of Solomon,"Morrison, Toni",,sonia.csv,
Sonia,"Enlightenment Now: The Case for Reason, Science, Humanism, and Progress","Pinker, Steven",9780525427575,sonia.csv,
Sonia,I'll Be Gone in the Dark,"McNamara, Michelle",,sonia.csv,
Sonia,The Tangled Tree: A Radical New History of Life,"Quammen, David",9781476776620,sonia.csv,
Sonia,Station Eleven,"Mandel, Emily St. John",9780385353304,sonia.csv,
Sonia,Collected Fictions,"Borges, Jorge Luis",,sonia.csv,
Sonia,The Book of Laughter and Forgetting,"Kundera, Milan",9780060932145,sonia.csv,
Sonia,A Brief History of Time,"Hawking, Stephen W.",9780553380163,sonia.csv,
Sonia,Small Fry: A Memoir,"Brennan-Jobs, Lisa",9780802128232,sonia.csv,
Sonia,The Overstory,"Powers, Richard",9780393635522,sonia.csv,
Sonia,The Human Condition,"Arendt, Hannah",9780226025988,sonia.csv,
Sonia,The Baron in the Trees,"Calvino, Italo",,sonia.csv,
Sonia,If Our Bodies Could Talk: A Guide to Operating and Maintaining a Human Body,"Hamblin, James",9780385540971,sonia.csv,
Sonia,Born a Crime: Stories from a South African Childhood,"Noah, Trevor",9780385689229,sonia.csv,
Sonia,The Serengeti Rules: The Quest to Discover How Life Works and Why It Matters,"Carroll, Sean B.",9780691167428,sonia.csv,
Sonia,"The Blade Itself (The First Law, #1)","Abercrombie, Joe",9780575079793,sonia.csv,
Sonia,The Invention of Nature: Alexander von Humboldt's New World,"Wulf, Andrea",9780385350662,sonia.csv,
Sonia,Dreamland: The True Tale of America's Opiate Epidemic,"Quinones, Sam",9781620402504,sonia.csv,
Sonia,"The Long Earth (The Long Earth, #1)","Pratchett, Terry",9780062067753,sonia.csv,
Sonia,Educated,"Westover, Tara",9780399590504,sonia.csv,
Sonia,Cat's Cradle,"Vonnegut Jr., Kurt",,sonia.csv,
Sonia,The Loser,"Bernhard, Thomas",9780307773463,sonia.csv,
Sonia,Blindness,"Saramago, José",,sonia.csv,
Sonia,The Outsiders,"Hinton, S.E.",9780670532575,sonia.csv,
Sonia,Don Quixote,"Cervantes Saavedra, Miguel de",,sonia.csv,
Sonia,Sea Prayer,"Hosseini, Khaled",9781526602718,sonia.csv,
Sonia,The Stepford Wives,"Levin, Ira",9780062037602,sonia.csv,
Sonia,The Silvered,"Huff, Tanya",9780756407438,sonia.csv,
Sonia,And Then There Were None,"Christie, Agatha",9780312330873,sonia.csv,
Sonia,Homegoing,"Gyasi, Yaa",,sonia.csv,
Sonia,Waiting on a Bright Moon,"Yang, J.Y.",9780765398901,sonia.csv,
Sonia,The Prince,"Machiavelli, Niccolò",9780937832387,sonia.csv,
Sonia,Drown,"Díaz, Junot",9781573226066,sonia.csv,
Sonia,The Bone Clocks,"Mitchell, David",9781400065677,sonia.csv,
Sonia,"Good Omens: The Nice and Accurate Prophecies of Agnes Nutter, Witch","Pratchett, Terry",,sonia.csv,
Sonia,Tenth of December,"Saunders, George",9780812993806,sonia.csv,
Sonia,The Namesake,"Lahiri, Jhumpa",9780618485222,sonia.csv,
Sonia,Frankenstein,"Shelley, Mary",9780143131847,sonia.csv,
Sonia,Night,"Wiesel, Elie",9780374500016,sonia.csv,
Sonia,Pale Fire,"Nabokov, Vladimir",,sonia.csv,
Sonia,The Left Hand of Darkness,"Le Guin, Ursula K.",,sonia.csv,
Sonia,The Raven and the Reindeer,"Kingfisher, T.",,sonia.csv,
Sonia,Catch-22,"Heller, Joseph",9780684833392,sonia.csv,
Sonia,Mudbound,"Jordan, Hillary",9781565125698,sonia.csv,
Sonia,The Amazing Adventures of Kavalier & Clay,"Chabon, Michael",9780312282998,sonia.csv,
Sonia,The House of the Spirits,"Allende, Isabel",9780553383805,sonia.csv,
Sonia,Notes from Underground,"Dostoevsky, Fyodor",9780679734529,sonia.csv,
Sonia,Jubilee,"Walker, Margaret",9780544812192,sonia.csv,
Sonia,The Ocean at the End of the Lane,"Gaiman, Neil",,sonia.csv,
Sonia,The Poisonwood Bible,"Kingsolver, Barbara",9780060786502,sonia.csv,
Sonia,"The Traitor Baru Cormorant (The Masquerade, #1)","Dickinson, Seth",9780765380722,sonia.csv,
Sonia,Pastel Orphans,"Liviero, Gemma",9781477880142,sonia.csv,
Sonia,"The Curse of Chalion (World of the Five Gods, #1)","Bujold, Lois McMaster",9780007133611,sonia.csv,
Sonia,Anthem,"Rand, Ayn",9780452281257,sonia.csv,
Sonia,Trail of Broken Wings,"Badani, Sejal",9781477872079,sonia.csv,
Sonia,Slaughterhouse-Five,"Vonnegut Jr., Kurt",,sonia.csv,
Sonia,The Thorn Birds,"McCullough, Colleen",,sonia.csv,
Sonia,"All the Birds, Singing","Wyld, Evie",9780307907769,sonia.csv,
Sonia,"Sand (The Sand Chronicles, #1)","Howey, Hugh",9780099595151,sonia.csv,
Sonia,"The Game of Kings (The Lymond Chronicles, #1)","Dunnett, Dorothy",9780679777434,sonia.csv,
Sonia,"Black: The Birth of Evil (The Circle, #1)","Dekker, Ted",9781595540218,sonia.csv,
Sonia,The Beautiful and Damned,"Fitzgerald, F. Scott",9780743451505,sonia.csv,
Sonia,The Recognitions,"Gaddis, William",9780140187083,sonia.csv,
Sonia,Infinite Jest,"Wallace, David Foster",,sonia.csv,
Sonia,"The Blue Sword (Damar, #1)","McKinley, Robin",9780441068807,sonia.csv,
Sonia,Cloud Atlas,"Mitchell, David",9780375507250,sonia.csv,
Sonia,The Secret History,"Tartt, Donna",9781400031702,sonia.csv,
Sonia,American Elsewhere,"Bennett, Robert Jackson",9780316200202,sonia.csv,
Sonia,The Radium Girls: The Dark Story of America’s Shining Women,"Moore, Kate",9781492649359,sonia.csv,
Sonia,Little Fires Everywhere,"Ng, Celeste",9780735224292,sonia.csv,
Sonia,"Beartown (Beartown, #1)","Backman, Fredrik",9781501160769,sonia.csv,
Sonia,Release,"Ness, Patrick",9781406377279,sonia.csv,
Sonia,"Sleeping Giants (Themis Files, #1)","Neuvel, Sylvain",9781101886694,sonia.csv,
Sonia,Born with Teeth,"Mulgrew, Kate",9780316334310,sonia.csv,
Sonia,Dark Matter,"Crouch, Blake",9781101904220,sonia.csv,
Sonia,The Count of Monte Cristo,"Dumas, Alexandre",9780140449266,sonia.csv,
Sonia,"Dune (Dune, #1)","Herbert, Frank",9780340839935,sonia.csv,
Sonia,"The Pillars of the Earth (Kingsbridge, #1)","Follett, Ken",9780451222138,sonia.csv,
Sonia,"Sing, Unburied, Sing","Ward, Jesmyn",,sonia.csv,
Sonia,"Dragonflight (Dragonriders of Pern, #1)","McCaffrey, Anne",9780345484260,sonia.csv,
Sonia,"Malice (The Faithful and the Fallen, #1)","Gwynne, John",9780230758452,sonia.csv,
Sonia,Life on the Edge: The Coming of Age of Quantum Biology,"McFadden, Johnjoe",9780307986818,sonia.csv,
Sonia,Salt: A World History,"Kurlansky, Mark",9780142001615,sonia.csv,
Sonia,The Leopard,"Tomasi di Lampedusa, Giuseppe",9780679731214,sonia.csv,
Sonia,Snow Country,"Kawabata, Yasunari",9780679761044,sonia.csv,
Sonia,The Plague,"Camus, Albert",,sonia.csv,
Sonia,Dracula,"Stoker, Bram",9780141325668,sonia.csv,
Sonia,"The Gunslinger (The Dark Tower, #1)","King, Stephen",,sonia.csv,
Sonia,Anna Karenina,"Tolstoy, Leo",9780345803924,sonia.csv,
Sonia,Of Mice and Men,"Steinbeck, John",9780142000670,sonia.csv,
Sonia,"First Shift: Legacy (Shift, #1)","Howey, Hugh",,sonia.csv,
Sonia,"Life After Life (Todd Family, #1)","Atkinson, Kate",9780316176484,sonia.csv,
Sonia,The Nightingale,"Hannah, Kristin",9780312577223,sonia.csv,
Sonia,Salt to the Sea,"Sepetys, Ruta",,sonia.csv,
Sonia,Ghosts,"Telgemeier, Raina",9780545540612,sonia.csv,
Sonia,Shrill: Notes from a Loud Woman,"West, Lindy",9780316348409,sonia.csv,
Sonia,The Glass Castle,"Walls, Jeannette",9780743247542,sonia.csv,
Sonia,The Dreamer,"Ryan, Pam Muñoz",9780439269704,sonia.csv,
Sonia,The Bookseller of Kabul,"Seierstad, Åsne",9780316159418,sonia.csv,
Sonia,"Haroun and the Sea of Stories (Khalifa Brothers, #1)","Rushdie, Salman",9780670886586,sonia.csv,
Sonia,All Quiet on the Western Front,"Remarque, Erich Maria",9780449213940,sonia.csv,
Sonia,The Sound of Waves,"Mishima, Yukio",,sonia.csv,
Sonia,The Boys in the Boat: Nine Americans and Their Epic Quest for Gold at the 1936 Berlin Olympics,"Brown, Daniel James",9780670025817,sonia.csv,
Sonia,"The Architect of Song (Haunted Hearts Legacy, #1)","Howard, A.G.",,sonia.csv,
Sonia,"The Color Purple (The Color Purple, #1)","Walker, Alice",,sonia.csv,
Sonia,Inferno,Dante Alighieri,9780812970067,sonia.csv,
Sonia,The Grapes of Wrath,"Steinbeck, John",9780670016907,sonia.csv,
Sonia,Les Misérables,"Hugo, Victor",9780451525260,sonia.csv,
Sonia,I Am Malala: The Story of the Girl Who Stood Up for Education and Was Shot by the Taliban,"Yousafzai, Malala",9780316322409,sonia.csv,
Sonia,"Absalom, Absalom",Faulkner,,sonia.csv,Additional title from original handwritten list; alternative choices; count at most one for this person
Sonia,Dubliners,Joyce,,sonia.csv,Additional title from original handwritten list
Sonia,On the Road,Kerouac,,sonia.csv,Additional title from original handwritten list; alternative choices; count at most one for this person
Sonia,Dharma Bums,Kerouac,,sonia.csv,Additional title from original handwritten list; alternative choices; count at most one for this person
Sonia,To the Lighthouse,Woolf,,sonia.csv,Additional title from original handwritten list
Sonia,Lord of the Flies,Golding,,sonia.csv,Additional title from original handwritten list
Sonia,Kim,Kipling,,sonia.csv,Additional title from original handwritten list
Sonia,Lolita,Nabokov,,sonia.csv,Additional title from original handwritten list; alternative choices; count at most one for this person
